strategy,period,days,gross_sharpe,net_sharpe,net_all_cost_sharpe,rankic,rankic_t_hac5,rankic_hit,rankic_days,annual_gross,annual_net,annual_cost,annual_cost_all,turnover,max_drawdown_additive,max_drawdown_compound,annual_long,annual_short,period_gross,period_net,period_cost,label_coverage,q_monotonicity,q1_daily_return,q2_daily_return,q3_daily_return,q4_daily_return,q5_daily_return,annual_long_gross,annual_long_net,annual_long_cost,annual_short_gross,annual_short_net,annual_short_cost
B00,pooled,1275,0.9883837732911029,0.8197031322422504,0.8190000883587436,0.010869442308841971,2.5573001981798087,0.5341176470588235,1275,0.04607948907896281,0.038256423721087666,0.007823065357875159,0.007855598469520454,0.031173009799684338,-0.06988274420274904,-0.06812448881399646,0.05941708566039412,-0.013337596581431306,0.2331402721257047,0.19355928668407452,0.039580985441630266,0.9934368659417376,0.9999999999999999,9.406833898127397e-05,0.00013938217372309284,0.00029118169960550114,0.0003037447658300633,0.0005545081620402158,0.05941708566039412,0.053843757043859415,0.005573328616534714,-0.013337596581431306,-0.015587333322771749,0.002249736741340443
B00,2011,243,0.2300178239655228,0.15368310230228105,0.15325005163970246,0.0011418487618007347,0.11359695772125032,0.5020576131687243,243,0.010569790310164003,0.007061300163652319,0.0035084901465116743,0.0035281846673153885,0.014000732806807097,-0.06130899541679344,-0.059938621296540595,0.06667896713135987,-0.056109176821195886,0.010192297799086716,0.0068091108720933075,0.0033831869269934003,0.994316768175634,0.6,0.00044246465831016094,0.0004464461216590992,0.00032742282166743224,0.0005414431031897044,0.0005247633697584526,0.06667896713135987,0.06510920054826017,0.0015697665830997198,-0.056109176821195886,-0.05804790038460784,0.0019387235634119552
B00,2012,246,1.3574250969906896,1.2754868671658437,1.2753618778213809,0.0193492821950819,1.76863583692952,0.5487804878048781,246,0.06554242126737368,0.06160695129840318,0.003935469968970527,0.003941277169899677,0.015639988769443162,-0.032916830559396294,-0.032614012670153514,0.041671091996844406,0.023871329270529287,0.06398188742767431,0.06014011912463167,0.0038417683030426576,0.995464447430236,0.9999999999999999,-0.00019032195444797364,-0.0001852812912926016,-0.00010454086016774543,7.956558149644244e-05,0.0004528323093572298,0.041671091996844406,0.039583013496007735,0.0020880785008366614,0.023871329270529287,0.022023937802395435,0.0018473914681338634
B00,2013,243,1.258842630882089,0.9616941722591879,0.9605873409742055,0.011894024294836185,1.576951453550798,0.5432098765432098,243,0.06280801265498562,0.04812186728863075,0.014686145366354842,0.014742149711234949,0.058500594092202186,-0.06320320693375918,-0.06169801650944051,0.05169258086381448,0.011115431791171092,0.060564869345878986,0.04640322917117966,0.014161640174699312,0.9897103707155114,0.7999999999999999,-7.041312021118868e-05,-0.00010913787489821923,0.0005190567714744071,0.00018934520460627083,0.0005202173629514184,0.05169258086381448,0.039961829068441035,0.011730751795373454,0.011115431791171092,0.008160038220189727,0.0029553935709813895
B00,2014,242,1.7620853967472863,1.5270044992699856,1.5258870708818004,0.01107692339423615,1.7162275995006777,0.5206611570247934,242,0.048368408208300635,0.041971898251730616,0.00639650995657001,0.006426693641609831,0.02550275254607077,-0.01702498869652052,-0.01693717117317317,0.05991518305192056,-0.011546774843619935,0.04644902693019346,0.0403063467338048,0.006142680196388661,0.9947227591850191,0.9999999999999999,2.234060116284048e-05,0.00024210470843622254,0.0002542740333462658,0.0002634815712736857,0.0005802059732504863,0.05991518305192056,0.05511521721449322,0.0047999658374273495,-0.011546774843619935,-0.013143318962762591,0.0015965441191426598
B00,2015,242,0.2071756418599975,-0.021740034686591112,-0.022731602126169977,0.0041964233402424335,0.3883634134950796,0.5454545454545454,242,0.010075830380474854,-0.0010582445535948148,0.011134074934069663,0.011182349224371122,0.044374401684012375,-0.057899943533233536,-0.05651855202619882,0.05143959596255237,-0.0413637655820775,0.009675995841567123,-0.001016250722102957,0.010692246563670073,0.9938870012984117,0.3,0.00039420277194093925,0.00021851578721876052,0.00047973861517708837,0.0002764173556859474,0.0004744902425295279,0.05143959596255237,0.04267024243973942,0.008769353522812929,-0.0413637655820775,-0.04372848699333423,0.0023647214112567333
B00,2016,59,2.4104141465130824,2.330845104405622,2.330207333680307,0.03787709256401319,1.2775373567769426,0.576271186440678,59,0.18056950991336687,0.1747629887987446,0.005806521114622231,0.005851766733697214,0.02322129656229053,-0.03736753797712286,-0.036925804729424416,0.16599242205845716,0.014577087854909746,0.04227619478130415,0.040916731504467986,0.0013594632768361573,0.9895863257684572,0.8999999999999998,-0.00041450317040405186,0.0005060238176868407,0.00023132400885018064,0.0010078702418059781,0.0014649890886802447,0.16599242205845716,0.16469538097830777,0.0012970410801493824,0.014577087854909746,0.010067607820436884,0.004509480034472853
NH_REV_001,pooled,1275,1.0036367745985413,0.8335624163105781,0.8328541834377039,0.011125003606666089,2.6374214083538865,0.5356862745098039,1275,0.04643551889076263,0.03860620223441148,0.007829316656351157,0.007861849767996454,0.031197816539668466,-0.06983270078794983,-0.06807830811481075,0.059892711270547856,-0.013457192379785243,0.23494161343540618,0.1953289994002962,0.03961261403511002,0.9934368659417376,0.9999999999999999,9.545244549383363e-05,0.00013946982401139785,0.0002857239417069093,0.00030032114560332664,0.0005618487558444397,0.059892711270547856,0.054311026375899615,0.005581684894648262,-0.013457192379785243,-0.015704824141488133,0.002247631761702896
NH_REV_001,2011,243,0.21663779263970762,0.14015295009260711,0.13972138945831328,0.0011574545814212705,0.11525536445583383,0.5020576131687243,243,0.009980087042952371,0.006455839433218924,0.003524247609733451,0.003543942130537167,0.014063262422766534,-0.06140668195832178,-0.06003096124809881,0.06609131980955944,-0.056111232766607066,0.009623655362846928,0.006225273739175391,0.003398381623671542,0.994316768175634,0.6,0.00044246465831016094,0.0004464949614878607,0.0003318948269910966,0.0005478499501792326,0.0005149519015454941,0.06609131980955944,0.06450579576323795,0.001585524046321498,-0.056111232766607066,-0.058049956330019026,0.0019387235634119552
NH_REV_001,2012,246,1.3732790151448384,1.291248281311569,1.2911232083399182,0.01932072079769257,1.7684890340039148,0.5447154471544715,246,0.06631287585759543,0.062373543180314565,0.00393933267728087,0.003945139878210018,0.01565531697702388,-0.03294772311830952,-0.03264443474171275,0.04244154658706615,0.023871329270529287,0.06473399786098602,0.0608884588188785,0.0038455390421075156,0.995464447430236,0.9999999999999999,-0.00019032195444797364,-0.0001852812912926016,-0.00010165555173223203,5.523222826678439e-05,0.00047393053897245674,0.04244154658706615,0.040349605377919144,0.0020919412091470026,0.023871329270529287,0.022023937802395435,0.0018473914681338634
NH_REV_001,2013,243,1.3192075090359754,1.0172102946235702,1.0160896548949452,0.013011884198321113,1.7491932976890612,0.5432098765432098,243,0.06488469572780962,0.05017083825290637,0.01471385747490325,0.01476986181978336,0.05861056277691809,-0.05905314798144552,-0.05779364074666249,0.05377506253820528,0.011109633189604333,0.06256738516610214,0.048379022601016855,0.014188362565085277,0.9897103707155114,0.7999999999999999,-7.064904646702746e-05,-0.00010862081810967209,0.0005083252720557745,0.0001606246115239199,0.0005592017074830359,0.05377506253820528,0.04200160924053467,0.011773453297670619,0.011109633189604333,0.0081692290123717,0.0029404041772326346
NH_REV_001,2014,242,1.7851234497719104,1.5460521061100212,1.544917764767272,0.011130126125778054,1.7442713643939534,0.5330578512396694,242,0.04838043439495696,0.041953609055453,0.006426825339503985,0.006457009024543809,0.02562305168469766,-0.016429226765490065,-0.01635198238577029,0.06014506107193698,-0.01176462667698001,0.04646057588722058,0.040288783299284224,0.006171792587936367,0.9947227591850191,0.7,2.6070379714836562e-05,0.00023983881155400355,0.00026349730595173884,0.00023590255904305257,0.0005966065727013412,0.06014506107193698,0.0553299540014811,0.004815107070455902,-0.01176462667698001,-0.013376344946028101,0.0016117182690480846
NH_REV_001,2015,242,0.19934710322580615,-0.032877476449699634,-0.033887757187204375,0.004414020419441948,0.416229198620116,0.5454545454545454,242,0.009514793910154426,-0.0015706484627330457,0.01108544237288745,0.011133716663188901,0.044181415330114694,-0.056423420231046656,-0.05511261017873892,0.05128886708340571,-0.04177407317325128,0.009137222723243537,-0.0015083211427833216,0.010645543866026837,0.9938870012984117,0.3,0.0003980021912553992,0.0002208270746697961,0.00044531783746408563,0.0003362919614902909,0.0004427587396115947,0.05128886708340571,0.04255693301998146,0.008731934063424257,-0.04177407317325128,-0.04412758148271448,0.0023535083094631884
NH_REV_001,2016,59,2.4267064036525294,2.346737669873363,2.3460992711000435,0.037739821946546626,1.2751237397631758,0.576271186440678,59,0.18117850273935185,0.1753568997517046,0.005821602987647222,0.0058668486067222055,0.02328114526477066,-0.03724602067128303,-0.0368090106534934,0.1665770319564492,0.014601470782902637,0.04241877643500698,0.04105578208472449,0.0013629943502824846,0.9895863257684572,0.8999999999999998,-0.00041450317040405186,0.0005054010502619138,0.00023048377334608964,0.0009947786445369043,0.0014783816701825954,0.1665770319564492,0.16526490900327484,0.0013121229531743751,0.014601470782902637,0.010091990748429775,0.004509480034472853
