strategy,scope,excluded_sector,annual_gross,annual_net,gross_sharpe,net_sharpe,method
IND17_MOM_WITHIN_REV20,POOLED,1,0.014541020648747089,-0.015431383919042939,0.5890628532725495,-0.6246140062703832,original portfolio minus attributed sector; no rerank/renormalization
IND17_MOM_WITHIN_REV20,EX2016,1,0.014384002494078854,-0.015425446848193742,0.5949541653110931,-0.6376119050654896,original portfolio minus attributed sector; no rerank/renormalization
IND17_MOM_WITHIN_REV20,2011,1,0.00023393508302422245,-0.031047982523287575,0.008786778962911473,-1.1661393797472779,original portfolio minus attributed sector; no rerank/renormalization
IND17_MOM_WITHIN_REV20,2012,1,-0.0015460163119648779,-0.03161303328243943,-0.05934393763549676,-1.212378221328339,original portfolio minus attributed sector; no rerank/renormalization
IND17_MOM_WITHIN_REV20,2013,1,0.06471925482899771,0.036797522753460994,2.523571044519088,1.4361987791858892,original portfolio minus attributed sector; no rerank/renormalization
IND17_MOM_WITHIN_REV20,2014,1,-0.021565094879125807,-0.0520419015573413,-1.0731275493994226,-2.58868817818057,original portfolio minus attributed sector; no rerank/renormalization
IND17_MOM_WITHIN_REV20,2015,1,0.03019171428789407,0.0008944823182684692,1.4035704848691175,0.04148175248648915,original portfolio minus attributed sector; no rerank/renormalization
IND17_MOM_WITHIN_REV20,2016,1,0.017777191429705953,-0.015553747955528203,0.5264820999717696,-0.45939413767875276,original portfolio minus attributed sector; no rerank/renormalization
IND17_MOM_WITHIN_REV20,POOLED,10,0.008612335618810859,-0.019169592305498775,0.3457873518258279,-0.7694415542514669,original portfolio minus attributed sector; no rerank/renormalization
IND17_MOM_WITHIN_REV20,EX2016,10,0.009341162471462678,-0.01831971200035646,0.3847041411729841,-0.7542271019379767,original portfolio minus attributed sector; no rerank/renormalization
IND17_MOM_WITHIN_REV20,2011,10,-0.003371215185156156,-0.03248988191369306,-0.12634835673129996,-1.2180628218213723,original portfolio minus attributed sector; no rerank/renormalization
IND17_MOM_WITHIN_REV20,2012,10,-0.00618302498281471,-0.034125989703095785,-0.2376214228167498,-1.3108033830564652,original portfolio minus attributed sector; no rerank/renormalization
IND17_MOM_WITHIN_REV20,2013,10,0.05670111302650602,0.030724211959420746,2.1619509089813023,1.1729979160869939,original portfolio minus attributed sector; no rerank/renormalization
IND17_MOM_WITHIN_REV20,2014,10,-0.01836385034092655,-0.04633601260859506,-0.9925110248765748,-2.504003109971211,original portfolio minus attributed sector; no rerank/renormalization
IND17_MOM_WITHIN_REV20,2015,10,0.018036216190608457,-0.009253733369023647,0.789255813571708,-0.40399968396168134,original portfolio minus attributed sector; no rerank/renormalization
IND17_MOM_WITHIN_REV20,2016,10,-0.006408909344318193,-0.03668576944199128,-0.17954840196747626,-1.0280007759917527,original portfolio minus attributed sector; no rerank/renormalization
IND17_MOM_WITHIN_REV20,POOLED,11,0.015554036696686433,-0.015380328819582833,0.6569445379390082,-0.6491148605145021,original portfolio minus attributed sector; no rerank/renormalization
IND17_MOM_WITHIN_REV20,EX2016,11,0.0148034497809867,-0.015984997977172243,0.6353547518525844,-0.6855509565197683,original portfolio minus attributed sector; no rerank/renormalization
IND17_MOM_WITHIN_REV20,2011,11,-0.009758092038821756,-0.04218213345027546,-0.40343998118363145,-1.7433046421095695,original portfolio minus attributed sector; no rerank/renormalization
IND17_MOM_WITHIN_REV20,2012,11,0.002259684433845343,-0.02859704455765829,0.09104946245923141,-1.1519042159748125,original portfolio minus attributed sector; no rerank/renormalization
IND17_MOM_WITHIN_REV20,2013,11,0.05785041409166168,0.02890297564823787,2.272394614950908,1.1363082954741592,original portfolio minus attributed sector; no rerank/renormalization
IND17_MOM_WITHIN_REV20,2014,11,-0.014723617041199713,-0.046110472056755905,-0.7850846312972868,-2.4581651999522927,original portfolio minus attributed sector; no rerank/renormalization
IND17_MOM_WITHIN_REV20,2015,11,0.03851980838051282,0.008192913242035353,1.714873736453275,0.363651597526618,original portfolio minus attributed sector; no rerank/renormalization
IND17_MOM_WITHIN_REV20,2016,11,0.03102376024737923,-0.0029179949953671005,1.011859828673418,-0.09507286562824457,original portfolio minus attributed sector; no rerank/renormalization
IND17_MOM_WITHIN_REV20,POOLED,12,0.016725704996304967,-0.013187194844721702,0.668149093735179,-0.5263357856780683,original portfolio minus attributed sector; no rerank/renormalization
IND17_MOM_WITHIN_REV20,EX2016,12,0.016428800842087553,-0.01332264723079981,0.6684350488503381,-0.5415976697777091,original portfolio minus attributed sector; no rerank/renormalization
IND17_MOM_WITHIN_REV20,2011,12,-0.00044683069182581365,-0.03191540167329481,-0.01603292518307726,-1.145425840527981,original portfolio minus attributed sector; no rerank/renormalization
IND17_MOM_WITHIN_REV20,2012,12,-0.004812187368723457,-0.03457994434374731,-0.18079105900214426,-1.2974415511270077,original portfolio minus attributed sector; no rerank/renormalization
IND17_MOM_WITHIN_REV20,2013,12,0.062345123379367595,0.03433532922988545,2.412874261480111,1.3291052197553983,original portfolio minus attributed sector; no rerank/renormalization
IND17_MOM_WITHIN_REV20,2014,12,-0.015789946692601996,-0.045982884506242626,-0.8199696101883296,-2.387725464502142,original portfolio minus attributed sector; no rerank/renormalization
IND17_MOM_WITHIN_REV20,2015,12,0.04107893344306391,0.011760921199043222,1.8631972962049592,0.5319471838725025,original portfolio minus attributed sector; no rerank/renormalization
IND17_MOM_WITHIN_REV20,2016,12,0.02284494993746384,-0.010395498209620331,0.6856794834530993,-0.3116330286320027,original portfolio minus attributed sector; no rerank/renormalization
IND17_MOM_WITHIN_REV20,POOLED,13,0.020091214362826213,-0.0101064438831837,0.789714047885739,-0.3969563683019451,original portfolio minus attributed sector; no rerank/renormalization
IND17_MOM_WITHIN_REV20,EX2016,13,0.019327118941763956,-0.010753638216410885,0.7700596775014181,-0.42814791443574274,original portfolio minus attributed sector; no rerank/renormalization
IND17_MOM_WITHIN_REV20,2011,13,-0.0032499767909470807,-0.03489384088613007,-0.11774597054701694,-1.2644161404434466,original portfolio minus attributed sector; no rerank/renormalization
IND17_MOM_WITHIN_REV20,2012,13,0.00031787903535258866,-0.02998469995529539,0.011944941617750999,-1.1252047922471826,original portfolio minus attributed sector; no rerank/renormalization
IND17_MOM_WITHIN_REV20,2013,13,0.07404530575531527,0.04580679769913697,2.7641534068659457,1.7110683709747996,original portfolio minus attributed sector; no rerank/renormalization
IND17_MOM_WITHIN_REV20,2014,13,-0.0179198499277322,-0.04845703300672028,-0.9049622537139308,-2.4476328939592724,original portfolio minus attributed sector; no rerank/renormalization
IND17_MOM_WITHIN_REV20,2015,13,0.04362362452337998,0.013944485950052325,1.8521480417156444,0.5906200899413424,original portfolio minus attributed sector; no rerank/renormalization
IND17_MOM_WITHIN_REV20,2016,13,0.03583935049861786,0.003232341018583378,1.1219479036951205,0.10109779822469692,original portfolio minus attributed sector; no rerank/renormalization
IND17_MOM_WITHIN_REV20,POOLED,14,0.013065493245901314,-0.01668556476887894,0.5347705333940688,-0.6828752451502361,original portfolio minus attributed sector; no rerank/renormalization
IND17_MOM_WITHIN_REV20,EX2016,14,0.012169738425562054,-0.017476045042906996,0.5069938815342707,-0.7279349748134232,original portfolio minus attributed sector; no rerank/renormalization
IND17_MOM_WITHIN_REV20,2011,14,-0.014995722661156488,-0.04621033300361292,-0.5881060112513596,-1.8131820772906888,original portfolio minus attributed sector; no rerank/renormalization
IND17_MOM_WITHIN_REV20,2012,14,-0.002452916349357842,-0.03215528650264471,-0.09516408187467171,-1.246778550853873,original portfolio minus attributed sector; no rerank/renormalization
IND17_MOM_WITHIN_REV20,2013,14,0.05657861074186863,0.028582406312530968,2.1512212390543586,1.0881637846934697,original portfolio minus attributed sector; no rerank/renormalization
IND17_MOM_WITHIN_REV20,2014,14,-0.01404702557312128,-0.04422158619092112,-0.7502394058557651,-2.3615617601035988,original portfolio minus attributed sector; no rerank/renormalization
IND17_MOM_WITHIN_REV20,2015,14,0.03593618897730492,0.006795618808312,1.584053244294613,0.2991498584954376,original portfolio minus attributed sector; no rerank/renormalization
IND17_MOM_WITHIN_REV20,2016,14,0.031527151915944254,-0.0003936323414530224,0.9774818459833136,-0.012211385566374756,original portfolio minus attributed sector; no rerank/renormalization
IND17_MOM_WITHIN_REV20,POOLED,15,0.016240619195222707,-0.014575042235639336,0.6555255647872339,-0.5878089426343207,original portfolio minus attributed sector; no rerank/renormalization
IND17_MOM_WITHIN_REV20,EX2016,15,0.01563453681094321,-0.01504152155124175,0.6365608764820744,-0.6119340598558535,original portfolio minus attributed sector; no rerank/renormalization
IND17_MOM_WITHIN_REV20,2011,15,-0.0003903789890303212,-0.03264492247872986,-0.014562119246133503,-1.2176254441473155,original portfolio minus attributed sector; no rerank/renormalization
IND17_MOM_WITHIN_REV20,2012,15,-0.004627553990162017,-0.035505646162822,-0.17381115981746562,-1.3321019968890613,original portfolio minus attributed sector; no rerank/renormalization
IND17_MOM_WITHIN_REV20,2013,15,0.06030492836713552,0.03145594557525153,2.299160310734984,1.1995100530406173,original portfolio minus attributed sector; no rerank/renormalization
IND17_MOM_WITHIN_REV20,2014,15,-0.01973860462533234,-0.05090978019328218,-1.002908498910222,-2.587262382834698,original portfolio minus attributed sector; no rerank/renormalization
IND17_MOM_WITHIN_REV20,2015,15,0.042840834149329154,0.012615648529189144,1.9117037386636069,0.5616501486259222,original portfolio minus attributed sector; no rerank/renormalization
IND17_MOM_WITHIN_REV20,2016,15,0.02873207986105106,-0.004960824476782893,0.9884691946427482,-0.17038908249805923,original portfolio minus attributed sector; no rerank/renormalization
IND17_MOM_WITHIN_REV20,POOLED,16,0.01780575975997363,-0.012667562019346974,0.7199433292734831,-0.5118131872052121,original portfolio minus attributed sector; no rerank/renormalization
IND17_MOM_WITHIN_REV20,EX2016,16,0.01671746961450146,-0.013609883625482279,0.6827162329816008,-0.5553947727169948,original portfolio minus attributed sector; no rerank/renormalization
IND17_MOM_WITHIN_REV20,2011,16,0.0026264315686150134,-0.029328756401603255,0.09705117008422626,-1.0834910471336505,original portfolio minus attributed sector; no rerank/renormalization
IND17_MOM_WITHIN_REV20,2012,16,-0.0003836762886276938,-0.030946708420338552,-0.014565310792636607,-1.1736033383710938,original portfolio minus attributed sector; no rerank/renormalization
IND17_MOM_WITHIN_REV20,2013,16,0.06705452970230603,0.0388073588503531,2.5870637547004045,1.4982420853741494,original portfolio minus attributed sector; no rerank/renormalization
IND17_MOM_WITHIN_REV20,2014,16,-0.026374742383405782,-0.05743096921480269,-1.3334202188245765,-2.9039173324141645,original portfolio minus attributed sector; no rerank/renormalization
IND17_MOM_WITHIN_REV20,2015,16,0.04079769209168003,0.010984569990714366,1.8348320865310574,0.49289691090790694,original portfolio minus attributed sector; no rerank/renormalization
IND17_MOM_WITHIN_REV20,2016,16,0.040235604114112075,0.006753845998628032,1.3616250914115284,0.22834316059714369,original portfolio minus attributed sector; no rerank/renormalization
IND17_MOM_WITHIN_REV20,POOLED,17,0.019447756868645083,-0.01169341873044193,0.7842008499638593,-0.4711308724801063,original portfolio minus attributed sector; no rerank/renormalization
IND17_MOM_WITHIN_REV20,EX2016,17,0.018613010425788314,-0.01238679352215605,0.7605908007968364,-0.5057234798954935,original portfolio minus attributed sector; no rerank/renormalization
IND17_MOM_WITHIN_REV20,2011,17,0.0022119901691699576,-0.030351747917260787,0.08215051264292964,-1.1271184852850298,original portfolio minus attributed sector; no rerank/renormalization
IND17_MOM_WITHIN_REV20,2012,17,-0.004063904125147857,-0.0353899586113275,-0.15390567893589385,-1.3389710616822814,original portfolio minus attributed sector; no rerank/renormalization
IND17_MOM_WITHIN_REV20,2013,17,0.0685880110967549,0.03938283091079714,2.6373824470439167,1.514848517873719,original portfolio minus attributed sector; no rerank/renormalization
IND17_MOM_WITHIN_REV20,2014,17,-0.021876281203360076,-0.053495480807413814,-1.1137228411667282,-2.723418618728643,original portfolio minus attributed sector; no rerank/renormalization
IND17_MOM_WITHIN_REV20,2015,17,0.0484413257691668,0.018160917700039737,2.1790752095201666,0.8146275250958245,original portfolio minus attributed sector; no rerank/renormalization
IND17_MOM_WITHIN_REV20,2016,17,0.03665202253837105,0.002597153247937266,1.1813540216477556,0.08368109560778707,original portfolio minus attributed sector; no rerank/renormalization
IND17_MOM_WITHIN_REV20,POOLED,2,0.017860921403853234,-0.014013745300326834,0.7151224651435152,-0.5606508135391898,original portfolio minus attributed sector; no rerank/renormalization
IND17_MOM_WITHIN_REV20,EX2016,2,0.016920864629977998,-0.014808503718900592,0.6857980838166193,-0.5997242158130092,original portfolio minus attributed sector; no rerank/renormalization
IND17_MOM_WITHIN_REV20,2011,2,-0.0006614111341906487,-0.03400701776610045,-0.024738016880091057,-1.2717685711122737,original portfolio minus attributed sector; no rerank/renormalization
IND17_MOM_WITHIN_REV20,2012,2,-0.0017448324860516212,-0.033646536331307486,-0.0652638816596159,-1.2572105496400523,original portfolio minus attributed sector; no rerank/renormalization
IND17_MOM_WITHIN_REV20,2013,2,0.06863994053847415,0.03885637598288067,2.620006894427317,1.484260030073767,original portfolio minus attributed sector; no rerank/renormalization
IND17_MOM_WITHIN_REV20,2014,2,-0.021573805645692896,-0.05392820421640091,-1.096426725813071,-2.7407493275062205,original portfolio minus attributed sector; no rerank/renormalization
IND17_MOM_WITHIN_REV20,2015,2,0.04011189463900304,0.008851813177727066,1.7474653539127805,0.3846496997359352,original portfolio minus attributed sector; no rerank/renormalization
IND17_MOM_WITHIN_REV20,2016,2,0.03723565084507839,0.0023663604112950133,1.2094302651123827,0.07677022564202374,original portfolio minus attributed sector; no rerank/renormalization
IND17_MOM_WITHIN_REV20,POOLED,3,0.01956662227027053,-0.009515166644960176,0.8095310054208096,-0.3933354163238708,original portfolio minus attributed sector; no rerank/renormalization
IND17_MOM_WITHIN_REV20,EX2016,3,0.018248702781460544,-0.010701558859209474,0.7681742130327319,-0.45008550343670695,original portfolio minus attributed sector; no rerank/renormalization
IND17_MOM_WITHIN_REV20,2011,3,0.010733496934172177,-0.01944893664513219,0.41435420823429325,-0.7505742368692462,original portfolio minus attributed sector; no rerank/renormalization
IND17_MOM_WITHIN_REV20,2012,3,0.0016333720060873122,-0.027379207633109626,0.062329202876713674,-1.0434263887474302,original portfolio minus attributed sector; no rerank/renormalization
IND17_MOM_WITHIN_REV20,2013,3,0.05859753497197614,0.03132202461417461,2.3882504799751603,1.2772075484418293,original portfolio minus attributed sector; no rerank/renormalization
IND17_MOM_WITHIN_REV20,2014,3,-0.017340600772967826,-0.046894732954515454,-0.9102861320751165,-2.4622632858879276,original portfolio minus attributed sector; no rerank/renormalization
IND17_MOM_WITHIN_REV20,2015,3,0.03775866819265584,0.009031216956453227,1.7033480655488238,0.4063178553301739,original portfolio minus attributed sector; no rerank/renormalization
IND17_MOM_WITHIN_REV20,2016,3,0.046729166310828935,0.014936577974144114,1.4724325441068402,0.4702208556095941,original portfolio minus attributed sector; no rerank/renormalization
IND17_MOM_WITHIN_REV20,POOLED,4,0.020985685249753847,-0.007585159959657756,0.838381426308237,-0.30279988503197713,original portfolio minus attributed sector; no rerank/renormalization
IND17_MOM_WITHIN_REV20,EX2016,4,0.019921697650330774,-0.008496854157179094,0.8069856713214214,-0.34392424578350334,original portfolio minus attributed sector; no rerank/renormalization
IND17_MOM_WITHIN_REV20,2011,4,0.0010548420361933405,-0.028803017299836076,0.03841491008281404,-1.048752771863654,original portfolio minus attributed sector; no rerank/renormalization
IND17_MOM_WITHIN_REV20,2012,4,-0.0024448451841527605,-0.03109043829889536,-0.09285983365660395,-1.1794113127570376,original portfolio minus attributed sector; no rerank/renormalization
IND17_MOM_WITHIN_REV20,2013,4,0.0744886177415299,0.04801152538906206,2.8724539129611317,1.8528390033362456,original portfolio minus attributed sector; no rerank/renormalization
IND17_MOM_WITHIN_REV20,2014,4,-0.01653587619551036,-0.045703531927391815,-0.8695439416317727,-2.402386542395301,original portfolio minus attributed sector; no rerank/renormalization
IND17_MOM_WITHIN_REV20,2015,4,0.04326792384888659,0.015325043087377591,1.843499461845731,0.6517532015831291,original portfolio minus attributed sector; no rerank/renormalization
IND17_MOM_WITHIN_REV20,2016,4,0.042914650010744765,0.011205011975697362,1.360989098601191,0.35506608869428413,original portfolio minus attributed sector; no rerank/renormalization
IND17_MOM_WITHIN_REV20,POOLED,5,0.017617804203166772,-0.013119523020602838,0.7153309478004642,-0.5324139310164855,original portfolio minus attributed sector; no rerank/renormalization
IND17_MOM_WITHIN_REV20,EX2016,5,0.016780150189244017,-0.013811943789458997,0.6894107161494619,-0.567196943339752,original portfolio minus attributed sector; no rerank/renormalization
IND17_MOM_WITHIN_REV20,2011,5,0.004800022335806882,-0.027332465698505032,0.17977213576566273,-1.0234917107120085,original portfolio minus attributed sector; no rerank/renormalization
IND17_MOM_WITHIN_REV20,2012,5,-0.0046868991956187395,-0.03553433789098925,-0.18245546118634648,-1.3822480649011943,original portfolio minus attributed sector; no rerank/renormalization
IND17_MOM_WITHIN_REV20,2013,5,0.06626101745829292,0.03758730412081639,2.5130014136193144,1.4272142373695733,original portfolio minus attributed sector; no rerank/renormalization
IND17_MOM_WITHIN_REV20,2014,5,-0.019411640284746377,-0.05054450584308861,-1.0100529707834196,-2.6308009352128687,original portfolio minus attributed sector; no rerank/renormalization
IND17_MOM_WITHIN_REV20,2015,5,0.037138116161922766,0.00696681053969835,1.6389738675531373,0.30680404239087405,original portfolio minus attributed sector; no rerank/renormalization
IND17_MOM_WITHIN_REV20,2016,5,0.034881995405371284,0.0011513863849748499,1.1548813083035374,0.03806762782725698,original portfolio minus attributed sector; no rerank/renormalization
IND17_MOM_WITHIN_REV20,POOLED,6,0.019866768590351278,-0.010239596337978916,0.8266709248065424,-0.4257494005953104,original portfolio minus attributed sector; no rerank/renormalization
IND17_MOM_WITHIN_REV20,EX2016,6,0.019282449844527677,-0.01065721482058214,0.8039090592902741,-0.4440065648579949,original portfolio minus attributed sector; no rerank/renormalization
IND17_MOM_WITHIN_REV20,2011,6,0.004014967321995291,-0.02733163864353236,0.15789008358160397,-1.0748770009364235,original portfolio minus attributed sector; no rerank/renormalization
IND17_MOM_WITHIN_REV20,2012,6,-0.002804480097329328,-0.03291604101738181,-0.10990963270602765,-1.288214823943917,original portfolio minus attributed sector; no rerank/renormalization
IND17_MOM_WITHIN_REV20,2013,6,0.0722176305042295,0.04413982710011806,2.8008480821531063,1.713174738517126,original portfolio minus attributed sector; no rerank/renormalization
IND17_MOM_WITHIN_REV20,2014,6,-0.013993868661786887,-0.0444630808730286,-0.7198236422859259,-2.28725726456332,original portfolio minus attributed sector; no rerank/renormalization
IND17_MOM_WITHIN_REV20,2015,6,0.03718742173251436,0.00749524233376296,1.6246179152545823,0.3268011811555584,original portfolio minus attributed sector; no rerank/renormalization
IND17_MOM_WITHIN_REV20,2016,6,0.031909676978851206,-0.001632408628732819,1.2677303024459383,-0.06468867371703751,original portfolio minus attributed sector; no rerank/renormalization
IND17_MOM_WITHIN_REV20,POOLED,7,0.017433781152281665,-0.013525107105037633,0.7205076881585798,-0.5585988492534574,original portfolio minus attributed sector; no rerank/renormalization
IND17_MOM_WITHIN_REV20,EX2016,7,0.01606844440407755,-0.014758521881003347,0.6695098029566545,-0.6145402028372233,original portfolio minus attributed sector; no rerank/renormalization
IND17_MOM_WITHIN_REV20,2011,7,0.003571044524039968,-0.028803402223385878,0.13340063379236383,-1.0757254979611912,original portfolio minus attributed sector; no rerank/renormalization
IND17_MOM_WITHIN_REV20,2012,7,-0.0013780777618990958,-0.03223887016842443,-0.054667586896334316,-1.2782832419305243,original portfolio minus attributed sector; no rerank/renormalization
IND17_MOM_WITHIN_REV20,2013,7,0.06308243023232621,0.034144961783286285,2.5482240248742816,1.3807125386220043,original portfolio minus attributed sector; no rerank/renormalization
IND17_MOM_WITHIN_REV20,2014,7,-0.02510391715549394,-0.056689004006948915,-1.2895784324579194,-2.911301294533347,original portfolio minus attributed sector; no rerank/renormalization
IND17_MOM_WITHIN_REV20,2015,7,0.04031648392817368,0.009938592771728025,1.7607794655506557,0.43300680796198354,original portfolio minus attributed sector; no rerank/renormalization
IND17_MOM_WITHIN_REV20,2016,7,0.04557360294577651,0.011895780480967576,1.6211105988694237,0.42252333580510065,original portfolio minus attributed sector; no rerank/renormalization
IND17_MOM_WITHIN_REV20,POOLED,8,0.018436602720721333,-0.011201580756145262,0.7831577209802277,-0.4754267902209015,original portfolio minus attributed sector; no rerank/renormalization
IND17_MOM_WITHIN_REV20,EX2016,8,0.016690343712274517,-0.012821355552434577,0.7153712975590557,-0.5490925357139962,original portfolio minus attributed sector; no rerank/renormalization
IND17_MOM_WITHIN_REV20,2011,8,0.006245633418828122,-0.02471085236558834,0.2533625958384471,-1.0018795291119322,original portfolio minus attributed sector; no rerank/renormalization
IND17_MOM_WITHIN_REV20,2012,8,-0.0019397211395025368,-0.03177272581571626,-0.07925306872018464,-1.2965427293984844,original portfolio minus attributed sector; no rerank/renormalization
IND17_MOM_WITHIN_REV20,2013,8,0.0684988820097368,0.04084715491593688,2.7497618411037235,1.6405441357613295,original portfolio minus attributed sector; no rerank/renormalization
IND17_MOM_WITHIN_REV20,2014,8,-0.02828351926032557,-0.058373452727905915,-1.4384546180199977,-2.9704881658832063,original portfolio minus attributed sector; no rerank/renormalization
IND17_MOM_WITHIN_REV20,2015,8,0.039067453579756,0.010043703468282188,1.7599823178239098,0.45151198319123853,original portfolio minus attributed sector; no rerank/renormalization
IND17_MOM_WITHIN_REV20,2016,8,0.05442729686091325,0.022182252333478623,1.9680748467950049,0.800769597819454,original portfolio minus attributed sector; no rerank/renormalization
IND17_MOM_WITHIN_REV20,POOLED,9,0.01192261547813475,-0.016123514154182783,0.5231485603193622,-0.7065787885332251,original portfolio minus attributed sector; no rerank/renormalization
IND17_MOM_WITHIN_REV20,EX2016,9,0.009401891060580097,-0.01855942070892099,0.41745912832235504,-0.8229903574051699,original portfolio minus attributed sector; no rerank/renormalization
IND17_MOM_WITHIN_REV20,2011,9,-0.013201314047767154,-0.042609953367639,-0.5634382998464997,-1.8171604421950336,original portfolio minus attributed sector; no rerank/renormalization
IND17_MOM_WITHIN_REV20,2012,9,0.0069398800292414,-0.020868112605726578,0.2827802672938925,-0.8494480043029066,original portfolio minus attributed sector; no rerank/renormalization
IND17_MOM_WITHIN_REV20,2013,9,0.05826570416910751,0.031997462880740984,2.4907755587272997,1.3669689344542604,original portfolio minus attributed sector; no rerank/renormalization
IND17_MOM_WITHIN_REV20,2014,9,-0.03253864968775686,-0.061268634771059385,-1.7471153053755148,-3.2889695318632532,original portfolio minus attributed sector; no rerank/renormalization
IND17_MOM_WITHIN_REV20,2015,9,0.027476014328196154,-0.00011923586002730551,1.257541585378408,-0.005443318477670345,original portfolio minus attributed sector; no rerank/renormalization
IND17_MOM_WITHIN_REV20,2016,9,0.0638751729653629,0.034080932804489594,2.299370051280358,1.2252735659925333,original portfolio minus attributed sector; no rerank/renormalization
IND33_MOM_WITHIN_REV20,POOLED,1,0.01411712112746678,-0.014720548810072363,0.5677488707884762,-0.5911730869828382,original portfolio minus attributed sector; no rerank/renormalization
IND33_MOM_WITHIN_REV20,EX2016,1,0.014479411533048705,-0.014220374805200933,0.5893392208485195,-0.5779978472505998,original portfolio minus attributed sector; no rerank/renormalization
IND33_MOM_WITHIN_REV20,2011,1,0.00888182030732761,-0.02126789329860019,0.32146674603593084,-0.7693755545012857,original portfolio minus attributed sector; no rerank/renormalization
IND33_MOM_WITHIN_REV20,2012,1,-0.010550417060694496,-0.03970080437174943,-0.41428204103911337,-1.5577407998315547,original portfolio minus attributed sector; no rerank/renormalization
IND33_MOM_WITHIN_REV20,2013,1,0.07081562333453292,0.04433319667636727,2.5530509881395966,1.5967079964554822,original portfolio minus attributed sector; no rerank/renormalization
IND33_MOM_WITHIN_REV20,2014,1,-0.022753929854558857,-0.05154248385899465,-1.1953763963995023,-2.706189086734814,original portfolio minus attributed sector; no rerank/renormalization
IND33_MOM_WITHIN_REV20,2015,1,0.026208013392352104,-0.0027155599776639296,1.220609379801832,-0.12600155639945698,original portfolio minus attributed sector; no rerank/renormalization
IND33_MOM_WITHIN_REV20,2016,1,0.006650254463269818,-0.02502921982572759,0.217438234754096,-0.8167731871128561,original portfolio minus attributed sector; no rerank/renormalization
IND33_MOM_WITHIN_REV20,POOLED,10,0.010371499474040268,-0.016082454091005324,0.4167803831796372,-0.6455167779998825,original portfolio minus attributed sector; no rerank/renormalization
IND33_MOM_WITHIN_REV20,EX2016,10,0.01202151968687648,-0.014330734953658681,0.49133556459735095,-0.5850158964878187,original portfolio minus attributed sector; no rerank/renormalization
IND33_MOM_WITHIN_REV20,2011,10,0.009565025615117434,-0.018285579941406737,0.3555153942801011,-0.6792008458740396,original portfolio minus attributed sector; no rerank/renormalization
IND33_MOM_WITHIN_REV20,2012,10,-0.010371783143326613,-0.03719277922919861,-0.4117936149087467,-1.4754266999122412,original portfolio minus attributed sector; no rerank/renormalization
IND33_MOM_WITHIN_REV20,2013,10,0.06603384959788793,0.04176589187529271,2.3284350206278814,1.4715964175434102,original portfolio minus attributed sector; no rerank/renormalization
IND33_MOM_WITHIN_REV20,2014,10,-0.020944080097868318,-0.04721264015335117,-1.1908024416457261,-2.6833715434670253,original portfolio minus attributed sector; no rerank/renormalization
IND33_MOM_WITHIN_REV20,2015,10,0.015981683055470996,-0.010566144198716562,0.7068733288586128,-0.4661021729635577,original portfolio minus attributed sector; no rerank/renormalization
IND33_MOM_WITHIN_REV20,2016,10,-0.023635696776956948,-0.05218568241326833,-0.7270101707684444,-1.6041552473338834,original portfolio minus attributed sector; no rerank/renormalization
IND33_MOM_WITHIN_REV20,POOLED,11,0.015146029819561204,-0.014597498259346807,0.6213399270597815,-0.5979248457551811,original portfolio minus attributed sector; no rerank/renormalization
IND33_MOM_WITHIN_REV20,EX2016,11,0.015494934733551033,-0.014111853286852837,0.6453904514226184,-0.5869041435065483,original portfolio minus attributed sector; no rerank/renormalization
IND33_MOM_WITHIN_REV20,2011,11,-0.0005023202539179473,-0.03161678554690865,-0.019880715522236313,-1.2504593325912303,original portfolio minus attributed sector; no rerank/renormalization
IND33_MOM_WITHIN_REV20,2012,11,-0.004868857051360352,-0.0349343503549573,-0.20020884620844587,-1.436281693192149,original portfolio minus attributed sector; no rerank/renormalization
IND33_MOM_WITHIN_REV20,2013,11,0.06518734618328784,0.03788074320313739,2.311665533575437,1.3415653891673458,original portfolio minus attributed sector; no rerank/renormalization
IND33_MOM_WITHIN_REV20,2014,11,-0.015619920203490381,-0.04527530660622511,-0.856431703146505,-2.481878963791851,original portfolio minus attributed sector; no rerank/renormalization
IND33_MOM_WITHIN_REV20,2015,11,0.03347578040925823,0.003588095366732797,1.4753499809020512,0.15749306925935155,original portfolio minus attributed sector; no rerank/renormalization
IND33_MOM_WITHIN_REV20,2016,11,0.007955040405804827,-0.024606723455154664,0.2545032321128002,-0.7858356497556195,original portfolio minus attributed sector; no rerank/renormalization
IND33_MOM_WITHIN_REV20,POOLED,12,0.014867521441450877,-0.014414434723525061,0.5946648779493853,-0.5756889019385764,original portfolio minus attributed sector; no rerank/renormalization
IND33_MOM_WITHIN_REV20,EX2016,12,0.01560687415299652,-0.013521434869504526,0.6326617411891362,-0.5473553895566156,original portfolio minus attributed sector; no rerank/renormalization
IND33_MOM_WITHIN_REV20,2011,12,0.000837911204607461,-0.02979785239898638,0.030668947757975174,-1.0908197793956,original portfolio minus attributed sector; no rerank/renormalization
IND33_MOM_WITHIN_REV20,2012,12,-0.008954442950845734,-0.038489262300916524,-0.347483998628705,-1.4921386875305669,original portfolio minus attributed sector; no rerank/renormalization
IND33_MOM_WITHIN_REV20,2013,12,0.06965233186704513,0.042736215322879224,2.536435254234517,1.5537161460390985,original portfolio minus attributed sector; no rerank/renormalization
IND33_MOM_WITHIN_REV20,2014,12,-0.016466837169932656,-0.04566243402510258,-0.8764408939263865,-2.430366544033459,original portfolio minus attributed sector; no rerank/renormalization
IND33_MOM_WITHIN_REV20,2015,12,0.0332090804324956,0.0038536387118876694,1.466552601598439,0.16955386719488097,original portfolio minus attributed sector; no rerank/renormalization
IND33_MOM_WITHIN_REV20,2016,12,-0.0003706632575236398,-0.03281931307079568,-0.011832707127360011,-1.0453030781264976,original portfolio minus attributed sector; no rerank/renormalization
IND33_MOM_WITHIN_REV20,POOLED,13,0.01949213119995129,-0.009499491764948083,0.7473531836917604,-0.3637149047723597,original portfolio minus attributed sector; no rerank/renormalization
IND33_MOM_WITHIN_REV20,EX2016,13,0.020047609185708852,-0.008829332963245142,0.7807189856101793,-0.3433861149994361,original portfolio minus attributed sector; no rerank/renormalization
IND33_MOM_WITHIN_REV20,2011,13,0.00558556736096682,-0.024725128978292314,0.19582651805916865,-0.866797782361298,original portfolio minus attributed sector; no rerank/renormalization
IND33_MOM_WITHIN_REV20,2012,13,-0.006943835252758234,-0.03633528993704321,-0.26770749768533186,-1.3994102603188512,original portfolio minus attributed sector; no rerank/renormalization
IND33_MOM_WITHIN_REV20,2013,13,0.08113054146315624,0.054509149459309535,2.7703884114614588,1.858922723902414,original portfolio minus attributed sector; no rerank/renormalization
IND33_MOM_WITHIN_REV20,2014,13,-0.01919204674832222,-0.04809984491799467,-1.0153702011151315,-2.546032696774818,original portfolio minus attributed sector; no rerank/renormalization
IND33_MOM_WITHIN_REV20,2015,13,0.039911310375341146,0.010763049316008515,1.6593593729019789,0.445912027178241,original portfolio minus attributed sector; no rerank/renormalization
IND33_MOM_WITHIN_REV20,2016,13,0.008043635764676862,-0.02331157825428319,0.23943645115147544,-0.6924734073506671,original portfolio minus attributed sector; no rerank/renormalization
IND33_MOM_WITHIN_REV20,POOLED,14,0.01258955594975466,-0.015971722006991648,0.5074638914202505,-0.6431507910117761,original portfolio minus attributed sector; no rerank/renormalization
IND33_MOM_WITHIN_REV20,EX2016,14,0.012696042275714182,-0.015752359462357868,0.5241130766800471,-0.6496176183428455,original portfolio minus attributed sector; no rerank/renormalization
IND33_MOM_WITHIN_REV20,2011,14,-0.008042656200574497,-0.03801278724553718,-0.30458885886088016,-1.439705675779048,original portfolio minus attributed sector; no rerank/renormalization
IND33_MOM_WITHIN_REV20,2012,14,-0.00855257576818777,-0.03741516850424175,-0.34173474877153626,-1.4943095735253595,original portfolio minus attributed sector; no rerank/renormalization
IND33_MOM_WITHIN_REV20,2013,14,0.0641624886043144,0.03786280434887524,2.351675148982507,1.3867568774238843,original portfolio minus attributed sector; no rerank/renormalization
IND33_MOM_WITHIN_REV20,2014,14,-0.015715764847582973,-0.04416073379680165,-0.8501700055397846,-2.388174578885076,original portfolio minus attributed sector; no rerank/renormalization
IND33_MOM_WITHIN_REV20,2015,14,0.0318529622530947,0.003192585820376687,1.4057433950002127,0.14047490196829296,original portfolio minus attributed sector; no rerank/renormalization
IND33_MOM_WITHIN_REV20,2016,14,0.010394854723199067,-0.020492821231986213,0.2967709629302009,-0.58464313061214,original portfolio minus attributed sector; no rerank/renormalization
IND33_MOM_WITHIN_REV20,POOLED,15,0.015556357671690443,-0.014044144614276029,0.6096231074714225,-0.5495390851657744,original portfolio minus attributed sector; no rerank/renormalization
IND33_MOM_WITHIN_REV20,EX2016,15,0.016037311004264854,-0.013435976440843144,0.6368301184335011,-0.5327646833404885,original portfolio minus attributed sector; no rerank/renormalization
IND33_MOM_WITHIN_REV20,2011,15,0.008217839885819736,-0.02274691163030482,0.2943943278599964,-0.8148419372466088,original portfolio minus attributed sector; no rerank/renormalization
IND33_MOM_WITHIN_REV20,2012,15,-0.011864855372765215,-0.04190140890315399,-0.4579058239159867,-1.6157404357381067,original portfolio minus attributed sector; no rerank/renormalization
IND33_MOM_WITHIN_REV20,2013,15,0.06871806503346845,0.041548059730297134,2.413979381619662,1.457101478257752,original portfolio minus attributed sector; no rerank/renormalization
IND33_MOM_WITHIN_REV20,2014,15,-0.021775099866546344,-0.05126232456755702,-1.1271627628642638,-2.6536643353076474,original portfolio minus attributed sector; no rerank/renormalization
IND33_MOM_WITHIN_REV20,2015,15,0.03716642097191525,0.007464474360170589,1.6246102840682692,0.3250092079715964,original portfolio minus attributed sector; no rerank/renormalization
IND33_MOM_WITHIN_REV20,2016,15,0.005643827969817887,-0.026578593748079252,0.17691088950105774,-0.8313761142409545,original portfolio minus attributed sector; no rerank/renormalization
IND33_MOM_WITHIN_REV20,POOLED,16,0.015106566583458683,-0.014478105123128115,0.598008238155697,-0.5723211346164174,original portfolio minus attributed sector; no rerank/renormalization
IND33_MOM_WITHIN_REV20,EX2016,16,0.015057179457226795,-0.014398411660190576,0.6056877442932824,-0.578407380569558,original portfolio minus attributed sector; no rerank/renormalization
IND33_MOM_WITHIN_REV20,2011,16,0.002174583239866885,-0.02885327874366669,0.07861618691771227,-1.0431430559425496,original portfolio minus attributed sector; no rerank/renormalization
IND33_MOM_WITHIN_REV20,2012,16,-0.00908762798872806,-0.03907951208589568,-0.3523522676097391,-1.5138962903999347,original portfolio minus attributed sector; no rerank/renormalization
IND33_MOM_WITHIN_REV20,2013,16,0.0709887096886422,0.04392487359464928,2.6087406158312794,1.6116895580206465,original portfolio minus attributed sector; no rerank/renormalization
IND33_MOM_WITHIN_REV20,2014,16,-0.027003841109671026,-0.056545359633279696,-1.3786697882511665,-2.887854280607527,original portfolio minus attributed sector; no rerank/renormalization
IND33_MOM_WITHIN_REV20,2015,16,0.03843527302532052,0.008787896185138479,1.6868724522205114,0.3842597729547778,original portfolio minus attributed sector; no rerank/renormalization
IND33_MOM_WITHIN_REV20,2016,16,0.016124443625797225,-0.016120600901637402,0.4926991771500172,-0.4915132651879903,original portfolio minus attributed sector; no rerank/renormalization
IND33_MOM_WITHIN_REV20,POOLED,17,0.018729299954830764,-0.011205632605928276,0.7444120501557526,-0.44469160990286327,original portfolio minus attributed sector; no rerank/renormalization
IND33_MOM_WITHIN_REV20,EX2016,17,0.019024644231365326,-0.010784664587255027,0.7648956260371291,-0.43292608752884465,original portfolio minus attributed sector; no rerank/renormalization
IND33_MOM_WITHIN_REV20,2011,17,0.010998661122254593,-0.020265585628067576,0.39313301931456074,-0.7242462778481629,original portfolio minus attributed sector; no rerank/renormalization
IND33_MOM_WITHIN_REV20,2012,17,-0.011769959591667394,-0.042217827800837666,-0.45587130798499814,-1.6334305967019929,original portfolio minus attributed sector; no rerank/renormalization
IND33_MOM_WITHIN_REV20,2013,17,0.07533443469430959,0.04774913096832701,2.759607435680586,1.7462472045864852,original portfolio minus attributed sector; no rerank/renormalization
IND33_MOM_WITHIN_REV20,2014,17,-0.023215751087137467,-0.05309220267759329,-1.2128677713437954,-2.7732475937998085,original portfolio minus attributed sector; no rerank/renormalization
IND33_MOM_WITHIN_REV20,2015,17,0.044085317870051995,0.0142200207900764,1.944383748409845,0.6246454189946368,original portfolio minus attributed sector; no rerank/renormalization
IND33_MOM_WITHIN_REV20,2016,17,0.012642204357101373,-0.019881854821295623,0.4111957348398504,-0.6459172650828349,original portfolio minus attributed sector; no rerank/renormalization
IND33_MOM_WITHIN_REV20,POOLED,2,0.016863495667312586,-0.013815362826609359,0.6592498138317071,-0.5392632481114503,original portfolio minus attributed sector; no rerank/renormalization
IND33_MOM_WITHIN_REV20,EX2016,2,0.017128723424751868,-0.013413773232881917,0.6787458484407843,-0.5307483906773015,original portfolio minus attributed sector; no rerank/renormalization
IND33_MOM_WITHIN_REV20,2011,2,0.007663310569404553,-0.02441027487200003,0.27519338179465747,-0.8762892037471363,original portfolio minus attributed sector; no rerank/renormalization
IND33_MOM_WITHIN_REV20,2012,2,-0.009513518662076163,-0.04057563279528101,-0.36517681821255765,-1.5561954255596298,original portfolio minus attributed sector; no rerank/renormalization
IND33_MOM_WITHIN_REV20,2013,2,0.07619667418562501,0.048057566669034185,2.6857599106381,1.6916340070863067,original portfolio minus attributed sector; no rerank/renormalization
IND33_MOM_WITHIN_REV20,2014,2,-0.023751320901171526,-0.054385511396491046,-1.2423633301689252,-2.844404535050374,original portfolio minus attributed sector; no rerank/renormalization
IND33_MOM_WITHIN_REV20,2015,2,0.0352838704048774,0.004485368874901827,1.5139828031034073,0.19172195126319183,original portfolio minus attributed sector; no rerank/renormalization
IND33_MOM_WITHIN_REV20,2016,2,0.011397106632631788,-0.022092192419364744,0.35483604556041887,-0.6864221373206904,original portfolio minus attributed sector; no rerank/renormalization
IND33_MOM_WITHIN_REV20,POOLED,3,0.018970583108397894,-0.008950414346731203,0.7728390385300987,-0.3641398297300931,original portfolio minus attributed sector; no rerank/renormalization
IND33_MOM_WITHIN_REV20,EX2016,3,0.018197952370318713,-0.009612032207654166,0.7517697200888862,-0.3965277618059254,original portfolio minus attributed sector; no rerank/renormalization
IND33_MOM_WITHIN_REV20,2011,3,0.018193049067706028,-0.010770563962652139,0.6589724632157498,-0.3899343613891479,original portfolio minus attributed sector; no rerank/renormalization
IND33_MOM_WITHIN_REV20,2012,3,-0.010074556045318263,-0.038369238468072143,-0.4024728984681297,-1.5317685206996223,original portfolio minus attributed sector; no rerank/renormalization
IND33_MOM_WITHIN_REV20,2013,3,0.06848947373225095,0.042899766634700555,2.6145438264789225,1.635579020828726,original portfolio minus attributed sector; no rerank/renormalization
IND33_MOM_WITHIN_REV20,2014,3,-0.021913497270068763,-0.049916571694575286,-1.1962916980122327,-2.724732307787671,original portfolio minus attributed sector; no rerank/renormalization
IND33_MOM_WITHIN_REV20,2015,3,0.036554810613317924,0.00835956859263524,1.6249072206501953,0.37022954500319466,original portfolio minus attributed sector; no rerank/renormalization
IND33_MOM_WITHIN_REV20,2016,3,0.03489463357457219,0.004685641905511591,1.126872264692939,0.15118206652900362,original portfolio minus attributed sector; no rerank/renormalization
IND33_MOM_WITHIN_REV20,POOLED,4,0.019443488126665503,-0.00803766975602309,0.7586274665304649,-0.3131525694294906,original portfolio minus attributed sector; no rerank/renormalization
IND33_MOM_WITHIN_REV20,EX2016,4,0.01987934916966204,-0.007436525352601139,0.7854111640529933,-0.29338126201099135,original portfolio minus attributed sector; no rerank/renormalization
IND33_MOM_WITHIN_REV20,2011,4,0.012254112290492452,-0.01638096255443795,0.43057859125233167,-0.5753662617099463,original portfolio minus attributed sector; no rerank/renormalization
IND33_MOM_WITHIN_REV20,2012,4,-0.010231926873077862,-0.03820389767569013,-0.3967632487067191,-1.4800136554224854,original portfolio minus attributed sector; no rerank/renormalization
IND33_MOM_WITHIN_REV20,2013,4,0.07912087134936874,0.054118836940005306,2.769701916705205,1.8925307320511273,original portfolio minus attributed sector; no rerank/renormalization
IND33_MOM_WITHIN_REV20,2014,4,-0.02100303158016774,-0.04849461822818507,-1.1513743208015828,-2.657955738561282,original portfolio minus attributed sector; no rerank/renormalization
IND33_MOM_WITHIN_REV20,2015,4,0.03954113726859719,0.012069165847044254,1.6679204823452853,0.5071676282429677,original portfolio minus attributed sector; no rerank/renormalization
IND33_MOM_WITHIN_REV20,2016,4,0.010460318155753778,-0.020427357799431507,0.3294108788386239,-0.6425344082718676,original portfolio minus attributed sector; no rerank/renormalization
IND33_MOM_WITHIN_REV20,POOLED,5,0.016682663992462127,-0.012883249450299854,0.6649649976361497,-0.5128816514722235,original portfolio minus attributed sector; no rerank/renormalization
IND33_MOM_WITHIN_REV20,EX2016,5,0.017076050693170745,-0.012355481403335866,0.6891800626869379,-0.4980619452373526,original portfolio minus attributed sector; no rerank/renormalization
IND33_MOM_WITHIN_REV20,2011,5,0.012105173937478658,-0.01879275422525357,0.43704535167605435,-0.6783033309574104,original portfolio minus attributed sector; no rerank/renormalization
IND33_MOM_WITHIN_REV20,2012,5,-0.012363890462480506,-0.042383201019402274,-0.5002759559878215,-1.7137719457656297,original portfolio minus attributed sector; no rerank/renormalization
IND33_MOM_WITHIN_REV20,2013,5,0.07368250217047849,0.046607367440842914,2.5958904507444585,1.6407331977001034,original portfolio minus attributed sector; no rerank/renormalization
IND33_MOM_WITHIN_REV20,2014,5,-0.02031236676971236,-0.0498046581919073,-1.0811242148772144,-2.6505963068421146,original portfolio minus attributed sector; no rerank/renormalization
IND33_MOM_WITHIN_REV20,2015,5,0.03254207504422578,0.002875117088305383,1.4286842886209001,0.12579590229240498,original portfolio minus attributed sector; no rerank/renormalization
IND33_MOM_WITHIN_REV20,2016,5,0.00857489741514554,-0.023760638350439067,0.27610319872758143,-0.7637329122905882,original portfolio minus attributed sector; no rerank/renormalization
IND33_MOM_WITHIN_REV20,POOLED,6,0.01769204278054752,-0.011585452887895361,0.7203386473667597,-0.47089102411428796,original portfolio minus attributed sector; no rerank/renormalization
IND33_MOM_WITHIN_REV20,EX2016,6,0.018583186269129446,-0.010541543487485963,0.764597157122517,-0.4330255686550266,original portfolio minus attributed sector; no rerank/renormalization
IND33_MOM_WITHIN_REV20,2011,6,0.013071784506467031,-0.017365208459941637,0.4998863718364958,-0.663660821142067,original portfolio minus attributed sector; no rerank/renormalization
IND33_MOM_WITHIN_REV20,2012,6,-0.00898950621306016,-0.038591578204880544,-0.35839880741552843,-1.5362846941186408,original portfolio minus attributed sector; no rerank/renormalization
IND33_MOM_WITHIN_REV20,2013,6,0.07753557108555681,0.050711685229881925,2.862393777345289,1.8702269189946195,original portfolio minus attributed sector; no rerank/renormalization
IND33_MOM_WITHIN_REV20,2014,6,-0.02005218865849438,-0.049207941960665226,-1.05332788161405,-2.5838338675614754,original portfolio minus attributed sector; no rerank/renormalization
IND33_MOM_WITHIN_REV20,2015,6,0.031585187099867976,0.0019840473429883396,1.3733462999263015,0.08595531757202819,original portfolio minus attributed sector; no rerank/renormalization
IND33_MOM_WITHIN_REV20,2016,6,-0.0006745755603951825,-0.03310060256412974,-0.02281207115817528,-1.1160098029474173,original portfolio minus attributed sector; no rerank/renormalization
IND33_MOM_WITHIN_REV20,POOLED,7,0.016499608047961842,-0.01321630776675898,0.6696756741390232,-0.5356447948788182,original portfolio minus attributed sector; no rerank/renormalization
IND33_MOM_WITHIN_REV20,EX2016,7,0.016282514087930456,-0.013305566687637873,0.6691912848233569,-0.5460894712675611,original portfolio minus attributed sector; no rerank/renormalization
IND33_MOM_WITHIN_REV20,2011,7,0.011041514770846677,-0.019987930861919422,0.402261567146307,-0.7279072645319357,original portfolio minus attributed sector; no rerank/renormalization
IND33_MOM_WITHIN_REV20,2012,7,-0.008806695271314462,-0.03881417351940225,-0.3580416768589144,-1.5771779226318605,original portfolio minus attributed sector; no rerank/renormalization
IND33_MOM_WITHIN_REV20,2013,7,0.071067969317547,0.04382836577796527,2.6552618893273197,1.635428309699777,original portfolio minus attributed sector; no rerank/renormalization
IND33_MOM_WITHIN_REV20,2014,7,-0.02575780255833128,-0.055547135864543476,-1.374068910095674,-2.9632728177463714,original portfolio minus attributed sector; no rerank/renormalization
IND33_MOM_WITHIN_REV20,2015,7,0.0340775526996004,0.004206193339775531,1.4952614619494011,0.18386771167638652,original portfolio minus attributed sector; no rerank/renormalization
IND33_MOM_WITHIN_REV20,2016,7,0.020973951359795233,-0.011376666278814337,0.6870537366923973,-0.3718282241301963,original portfolio minus attributed sector; no rerank/renormalization
IND33_MOM_WITHIN_REV20,POOLED,8,0.017590543391905526,-0.010844534132059044,0.7194497062760026,-0.44287360806979914,original portfolio minus attributed sector; no rerank/renormalization
IND33_MOM_WITHIN_REV20,EX2016,8,0.017071829222558895,-0.011247541829239654,0.7084683923523656,-0.4660744902136764,original portfolio minus attributed sector; no rerank/renormalization
IND33_MOM_WITHIN_REV20,2011,8,0.01170028987319076,-0.017940982863441056,0.4406640897443611,-0.67521841585542,original portfolio minus attributed sector; no rerank/renormalization
IND33_MOM_WITHIN_REV20,2012,8,-0.009808451115587877,-0.03874987644796315,-0.41442781751370084,-1.6357171415130722,original portfolio minus attributed sector; no rerank/renormalization
IND33_MOM_WITHIN_REV20,2013,8,0.07674302460115268,0.050768467332459634,2.799700263527025,1.8492278143623697,original portfolio minus attributed sector; no rerank/renormalization
IND33_MOM_WITHIN_REV20,2014,8,-0.029658094172100833,-0.0581069229333496,-1.5660275355844788,-3.0697363989459836,original portfolio minus attributed sector; no rerank/renormalization
IND33_MOM_WITHIN_REV20,2015,8,0.03660230033656686,0.008017584155961151,1.6217962765077558,0.35412557923309756,original portfolio minus attributed sector; no rerank/renormalization
IND33_MOM_WITHIN_REV20,2016,8,0.02828133033979551,-0.0025384771867773175,0.9095576334958149,-0.08148687508231113,original portfolio minus attributed sector; no rerank/renormalization
IND33_MOM_WITHIN_REV20,POOLED,9,0.010097422339543352,-0.016698782060151126,0.4446020772856306,-0.7340337478996648,original portfolio minus attributed sector; no rerank/renormalization
IND33_MOM_WITHIN_REV20,EX2016,9,0.009374443297754926,-0.01732276449616536,0.41763974003697174,-0.7705797790972833,original portfolio minus attributed sector; no rerank/renormalization
IND33_MOM_WITHIN_REV20,2011,9,-0.00113269818658137,-0.029343916740584067,-0.04598643318239769,-1.1909066312829204,original portfolio minus attributed sector; no rerank/renormalization
IND33_MOM_WITHIN_REV20,2012,9,0.0005366002300304759,-0.02625612310581058,0.022965339725072708,-1.1235031862716904,original portfolio minus attributed sector; no rerank/renormalization
IND33_MOM_WITHIN_REV20,2013,9,0.06428731006137572,0.03961894550052252,2.679952783367094,1.6478472507686746,original portfolio minus attributed sector; no rerank/renormalization
IND33_MOM_WITHIN_REV20,2014,9,-0.034885561523587266,-0.061851491837239606,-1.953038479400534,-3.4614801022625237,original portfolio minus attributed sector; no rerank/renormalization
IND33_MOM_WITHIN_REV20,2015,9,0.01802915122568424,-0.008819199617193128,0.8424092084025233,-0.4107104028252768,original portfolio minus attributed sector; no rerank/renormalization
IND33_MOM_WITHIN_REV20,2016,9,0.02499814292962344,-0.0038383982941628146,0.8983433732339464,-0.13736743006889027,original portfolio minus attributed sector; no rerank/renormalization
MOM60,POOLED,1,0.029606893819242745,0.014543292477163041,0.5938478342953453,0.29171447988242766,original portfolio minus attributed sector; no rerank/renormalization
MOM60,EX2016,1,0.030985974454680563,0.015946676242175727,0.630401583517698,0.3244285419198923,original portfolio minus attributed sector; no rerank/renormalization
MOM60,2011,1,0.049658223277480186,0.03407003250950603,0.8757534668513247,0.6007868611727495,original portfolio minus attributed sector; no rerank/renormalization
MOM60,2012,1,0.03899741963969072,0.023449591695175593,0.9640802435373428,0.579669319433318,original portfolio minus attributed sector; no rerank/renormalization
MOM60,2013,1,0.022352019596624646,0.007321302317397012,0.3741089385003636,0.12252526967221074,original portfolio minus attributed sector; no rerank/renormalization
MOM60,2014,1,0.035452387448809866,0.021073333169799,1.2337662501630267,0.7336048089174166,original portfolio minus attributed sector; no rerank/renormalization
MOM60,2015,1,0.00829592117565363,-0.006344141473373159,0.1547505366765081,-0.11835743358823989,original portfolio minus attributed sector; no rerank/renormalization
MOM60,2016,1,0.001183808180389002,-0.014380684781403627,0.018755925444191964,-0.22796171557723147,original portfolio minus attributed sector; no rerank/renormalization
MOM60,POOLED,10,0.025824836114046474,0.011905473922012529,0.5527550663790508,0.2548374599094503,original portfolio minus attributed sector; no rerank/renormalization
MOM60,EX2016,10,0.02609180857005858,0.012188969713906808,0.5715583231295817,0.2670077597367016,original portfolio minus attributed sector; no rerank/renormalization
MOM60,2011,10,0.03266415140148493,0.018161596921977625,0.6191953927771424,0.3442217715790025,original portfolio minus attributed sector; no rerank/renormalization
MOM60,2012,10,0.03597383756858508,0.02163902487604126,0.9327930536758606,0.56104573777403,original portfolio minus attributed sector; no rerank/renormalization
MOM60,2013,10,0.005199749358947263,-0.008795637332690974,0.09694797586586235,-0.16401650535638507,original portfolio minus attributed sector; no rerank/renormalization
MOM60,2014,10,0.05067528050223756,0.03751760401707981,1.874441743155103,1.3875342367877657,original portfolio minus attributed sector; no rerank/renormalization
MOM60,2015,10,0.0058418570784826195,-0.007671906197212565,0.11514521436847626,-0.15123468709118076,original portfolio minus attributed sector; no rerank/renormalization
MOM60,2016,10,0.0203224885460679,0.006062577600937187,0.3102551949763034,0.09260502834040193,original portfolio minus attributed sector; no rerank/renormalization
MOM60,POOLED,11,0.03186230461601284,0.016354922147527484,0.6342428349374042,0.32555771930813393,original portfolio minus attributed sector; no rerank/renormalization
MOM60,EX2016,11,0.03141664423113214,0.015930326961509457,0.6387993688639088,0.3238985003825583,original portfolio minus attributed sector; no rerank/renormalization
MOM60,2011,11,0.045643336737619826,0.02962582945836621,0.8150267135657657,0.5289564500695236,original portfolio minus attributed sector; no rerank/renormalization
MOM60,2012,11,0.03639633283636641,0.02049882866637226,0.9496175819601331,0.5347963837946553,original portfolio minus attributed sector; no rerank/renormalization
MOM60,2013,11,0.02360176275396273,0.008128848884221973,0.4031273846049447,0.13881929160900966,original portfolio minus attributed sector; no rerank/renormalization
MOM60,2014,11,0.0447864541072825,0.03000418806780463,1.5052225448111667,1.0086617603408545,original portfolio minus attributed sector; no rerank/renormalization
MOM60,2015,11,0.006546530730965417,-0.008705928166899687,0.115369239651301,-0.15343502550454635,original portfolio minus attributed sector; no rerank/renormalization
MOM60,2016,11,0.04104744068406218,0.02510590089664477,0.5945708290271279,0.3638500009135953,original portfolio minus attributed sector; no rerank/renormalization
MOM60,POOLED,12,0.030937764735437336,0.015899467620537133,0.6187867864227747,0.3180116010826626,original portfolio minus attributed sector; no rerank/renormalization
MOM60,EX2016,12,0.03149575360368367,0.01648042618301619,0.6392766531688778,0.3345069239379988,original portfolio minus attributed sector; no rerank/renormalization
MOM60,2011,12,0.037951698721985824,0.022288765765761713,0.6848707000706467,0.4021929530142827,original portfolio minus attributed sector; no rerank/renormalization
MOM60,2012,12,0.048099202935183716,0.03284102274004783,1.1920253846990487,0.8138562352513979,original portfolio minus attributed sector; no rerank/renormalization
MOM60,2013,12,0.0183713980699291,0.0033348678793443526,0.309410629236718,0.05615973056027837,original portfolio minus attributed sector; no rerank/renormalization
MOM60,2014,12,0.04207741612386136,0.027703895844152344,1.426556223579109,0.9395475080827879,original portfolio minus attributed sector; no rerank/renormalization
MOM60,2015,12,0.010732170403365156,-0.00400652531218894,0.19324305478234963,-0.07214934095195434,original portfolio minus attributed sector; no rerank/renormalization
MOM60,2016,12,0.019437519586495956,0.003925813180290848,0.3050713568018207,0.06163208635368145,original portfolio minus attributed sector; no rerank/renormalization
MOM60,POOLED,13,0.027920153597883544,0.012705223914443911,0.5560899020478264,0.2530528605405151,original portfolio minus attributed sector; no rerank/renormalization
MOM60,EX2016,13,0.027519346118781172,0.012321377153616891,0.5581455503685825,0.24988951487427286,original portfolio minus attributed sector; no rerank/renormalization
MOM60,2011,13,0.03828660169562454,0.022584221188656103,0.6841616862498523,0.4035191367730329,original portfolio minus attributed sector; no rerank/renormalization
MOM60,2012,13,0.03787190954204442,0.022159859047995275,0.9303305318836107,0.5442661949206982,original portfolio minus attributed sector; no rerank/renormalization
MOM60,2013,13,0.021109498894404288,0.005924923957995776,0.3559827508338967,0.09990416231602862,original portfolio minus attributed sector; no rerank/renormalization
MOM60,2014,13,0.03623325704135417,0.021727406855437812,1.2425370904661377,0.7453025570902345,original portfolio minus attributed sector; no rerank/renormalization
MOM60,2015,13,0.003906340850042408,-0.010968121639095257,0.07083107319593851,-0.19889180067423273,original portfolio minus attributed sector; no rerank/renormalization
MOM60,2016,13,0.03618086367565444,0.020616370713861864,0.5425889175827544,0.3093572289510757,original portfolio minus attributed sector; no rerank/renormalization
MOM60,POOLED,14,0.027168550098000236,0.012271848760998506,0.5583073191304502,0.2521936113932422,original portfolio minus attributed sector; no rerank/renormalization
MOM60,EX2016,14,0.02744168998861673,0.012569340271902362,0.5756599920261696,0.2636734431448257,original portfolio minus attributed sector; no rerank/renormalization
MOM60,2011,14,0.032342253091398265,0.016988528092473934,0.5966115673160287,0.3133291190464817,original portfolio minus attributed sector; no rerank/renormalization
MOM60,2012,14,0.032916202932219744,0.017484409737250114,0.8242788391435509,0.43782169301651663,original portfolio minus attributed sector; no rerank/renormalization
MOM60,2013,14,0.016289680026367062,0.001421813819264055,0.28364447150805266,0.024754847456277554,original portfolio minus attributed sector; no rerank/renormalization
MOM60,2014,14,0.044539451485864995,0.030370610500694412,1.5566970375881315,1.0619486329137602,original portfolio minus attributed sector; no rerank/renormalization
MOM60,2015,14,0.011056207015023096,-0.0034720985555811395,0.21079824689086674,-0.06621213862760943,original portfolio minus attributed sector; no rerank/renormalization
MOM60,2016,14,0.021539090657497584,0.006140498298979943,0.32429535156549366,0.09249863368526554,original portfolio minus attributed sector; no rerank/renormalization
MOM60,POOLED,15,0.03216115485517571,0.016668791012755868,0.6244774074838637,0.32366853236046655,original portfolio minus attributed sector; no rerank/renormalization
MOM60,EX2016,15,0.03439228194694617,0.01893305441508242,0.6770753914460674,0.37272728968980134,original portfolio minus attributed sector; no rerank/renormalization
MOM60,2011,15,0.0472133127193069,0.03119960410803846,0.8194177851448431,0.5414520070676097,original portfolio minus attributed sector; no rerank/renormalization
MOM60,2012,15,0.04601394734023786,0.030098903853122354,1.1017638257335085,0.720613109029137,original portfolio minus attributed sector; no rerank/renormalization
MOM60,2013,15,0.023958027603723522,0.008502427176923498,0.3945791319510536,0.14001222035228797,original portfolio minus attributed sector; no rerank/renormalization
MOM60,2014,15,0.042549491271812775,0.027773164685694497,1.4317826510323517,0.934919723376101,original portfolio minus attributed sector; no rerank/renormalization
MOM60,2015,15,0.0120246744442684,-0.0031009736996350967,0.20894032638284518,-0.05388855382955765,original portfolio minus attributed sector; no rerank/renormalization
MOM60,2016,15,-0.013822752663347714,-0.029998061482652497,-0.21326206304861844,-0.4630776404144736,original portfolio minus attributed sector; no rerank/renormalization
MOM60,POOLED,16,0.03246965664117036,0.017189772348540744,0.6436777821712613,0.34077873455195584,original portfolio minus attributed sector; no rerank/renormalization
MOM60,EX2016,16,0.03319165848625311,0.017936559859008154,0.6687120792516823,0.361361797646491,original portfolio minus attributed sector; no rerank/renormalization
MOM60,2011,16,0.04234928448885123,0.02647559879185914,0.7589695521916238,0.4744453582895515,original portfolio minus attributed sector; no rerank/renormalization
MOM60,2012,16,0.04653602675234925,0.03087044741713692,1.1275121038411233,0.747906805195625,original portfolio minus attributed sector; no rerank/renormalization
MOM60,2013,16,0.02515817379864049,0.009927924926899588,0.424455091904277,0.16747499581802328,original portfolio minus attributed sector; no rerank/renormalization
MOM60,2014,16,0.04205919423828801,0.02749883799085728,1.4325410916668497,0.9369045132903799,original portfolio minus attributed sector; no rerank/renormalization
MOM60,2015,16,0.009630399870577207,-0.005305984849204985,0.17107882985032932,-0.0942686002142582,original portfolio minus attributed sector; no rerank/renormalization
MOM60,2016,16,0.01758907624082046,0.0017983551836529817,0.2687601542408877,0.027493955583412787,original portfolio minus attributed sector; no rerank/renormalization
MOM60,POOLED,17,0.031013750369491,0.015378779827138384,0.6053669314921555,0.3001908846527548,original portfolio minus attributed sector; no rerank/renormalization
MOM60,EX2016,17,0.031476287576487835,0.015862045841311716,0.6242822443555748,0.3145918162578927,original portfolio minus attributed sector; no rerank/renormalization
MOM60,2011,17,0.04510924772937936,0.028985357593049148,0.7809171244993137,0.5016853557748622,original portfolio minus attributed sector; no rerank/renormalization
MOM60,2012,17,0.03691681170866822,0.02076432019887712,0.9017779140389158,0.5072036572122756,original portfolio minus attributed sector; no rerank/renormalization
MOM60,2013,17,0.02699562834920588,0.011397691374199478,0.44619253988892765,0.18836414592250147,original portfolio minus attributed sector; no rerank/renormalization
MOM60,2014,17,0.039901622096946546,0.024977849696664462,1.3573528748452848,0.8500532442037882,original portfolio minus attributed sector; no rerank/renormalization
MOM60,2015,17,0.008330382554212994,-0.006931799799681592,0.14683056791734714,-0.12219509958889241,original portfolio minus attributed sector; no rerank/renormalization
MOM60,2016,17,0.021480780137149495,0.005418585365532155,0.3239362630891995,0.08176293892187611,original portfolio minus attributed sector; no rerank/renormalization
MOM60,POOLED,2,0.03212184474236947,0.016250360959947155,0.6183817811163057,0.3128454477782181,original portfolio minus attributed sector; no rerank/renormalization
MOM60,EX2016,2,0.03255260373469898,0.016701349726939194,0.6377771217420953,0.3272100659562941,original portfolio minus attributed sector; no rerank/renormalization
MOM60,2011,2,0.046894058604013245,0.03051206290631283,0.8099976402904336,0.5269717948063891,original portfolio minus attributed sector; no rerank/renormalization
MOM60,2012,2,0.04334916893921705,0.027049820081443007,1.0384900117768496,0.6479607351026203,original portfolio minus attributed sector; no rerank/renormalization
MOM60,2013,2,0.020265525693137918,0.004386588546897908,0.3296631284151751,0.07134948673756991,original portfolio minus attributed sector; no rerank/renormalization
MOM60,2014,2,0.04162846320607103,0.02648727655288854,1.387365358811296,0.8830183997637328,original portfolio minus attributed sector; no rerank/renormalization
MOM60,2015,2,0.010438857447395256,-0.005106230169446931,0.18177993875270668,-0.08892948287134864,original portfolio minus attributed sector; no rerank/renormalization
MOM60,2016,2,0.02324382890045937,0.006955406033467134,0.33921387119470564,0.10155901040332665,original portfolio minus attributed sector; no rerank/renormalization
MOM60,POOLED,3,0.031399008174501024,0.016839346136454263,0.6460176016201755,0.3464622995944155,original portfolio minus attributed sector; no rerank/renormalization
MOM60,EX2016,3,0.03161559004477844,0.017070654902995606,0.662816477626276,0.35787321320655063,original portfolio minus attributed sector; no rerank/renormalization
MOM60,2011,3,0.05021869769865804,0.03530610455118015,0.9295439138269701,0.6533884507665645,original portfolio minus attributed sector; no rerank/renormalization
MOM60,2012,3,0.041982749066063925,0.027074052560856574,1.0767310255548272,0.6942868493121492,original portfolio minus attributed sector; no rerank/renormalization
MOM60,2013,3,0.02177437514808677,0.007193812910654811,0.3793154756730017,0.12530893050942257,original portfolio minus attributed sector; no rerank/renormalization
MOM60,2014,3,0.03246758583007596,0.01847594203198791,1.191664496280493,0.6783138714198025,original portfolio minus attributed sector; no rerank/renormalization
MOM60,2015,3,0.011426978312237542,-0.002896522656591035,0.21078572156445766,-0.05343707462319395,original portfolio minus attributed sector; no rerank/renormalization
MOM60,2016,3,0.026935219119291844,0.012072033253161477,0.4141967467307564,0.18571305289710444,original portfolio minus attributed sector; no rerank/renormalization
MOM60,POOLED,4,0.02927310182274661,0.01500136409703861,0.6091708605236487,0.31219004388684096,original portfolio minus attributed sector; no rerank/renormalization
MOM60,EX2016,4,0.028666020142114307,0.014411271028371203,0.6079642906676955,0.3056437480783247,original portfolio minus attributed sector; no rerank/renormalization
MOM60,2011,4,0.040840475119286804,0.02609939353888876,0.7539061834879909,0.4817361939683845,original portfolio minus attributed sector; no rerank/renormalization
MOM60,2012,4,0.03689143770444154,0.022218777998937934,0.9673206365808346,0.5824934025994489,original portfolio minus attributed sector; no rerank/renormalization
MOM60,2013,4,0.016186075457791226,0.0018939000257264394,0.28679455112165914,0.03355406228936554,original portfolio minus attributed sector; no rerank/renormalization
MOM60,2014,4,0.0430033657683576,0.029479587394333272,1.5423558017882795,1.0575538859769753,original portfolio minus attributed sector; no rerank/renormalization
MOM60,2015,4,0.006274051699776328,-0.007760926871361557,0.11851094245533794,-0.14663622317229685,original portfolio minus attributed sector; no rerank/renormalization
MOM60,2016,4,0.04178515815577877,0.027163282258048226,0.6486611293379388,0.4218582246830096,original portfolio minus attributed sector; no rerank/renormalization
MOM60,POOLED,5,0.030859389904724432,0.015399830872836891,0.6039092026767819,0.30137670140892314,original portfolio minus attributed sector; no rerank/renormalization
MOM60,EX2016,5,0.03215188687734888,0.016714615772117216,0.6396660234135941,0.3325312741389642,original portfolio minus attributed sector; no rerank/renormalization
MOM60,2011,5,0.04859403579390827,0.03261396677066249,0.8367448658945076,0.5614886311294945,original portfolio minus attributed sector; no rerank/renormalization
MOM60,2012,5,0.040890055608656044,0.024979049574383086,0.9968398804005777,0.6088689619730759,original portfolio minus attributed sector; no rerank/renormalization
MOM60,2013,5,0.019956415689412105,0.0045252155981718375,0.33132996193437697,0.07512329946276372,original portfolio minus attributed sector; no rerank/renormalization
MOM60,2014,5,0.036307431747474736,0.021517784864826583,1.223004632213832,0.7251064733919206,original portfolio minus attributed sector; no rerank/renormalization
MOM60,2015,5,0.014849514751202927,-0.0002148705343739502,0.26617865602712054,-0.0038521070435711727,original portfolio minus attributed sector; no rerank/renormalization
MOM60,2016,5,0.004220808231651197,-0.011698108746228715,0.06342989246138894,-0.17590140865466908,original portfolio minus attributed sector; no rerank/renormalization
MOM60,POOLED,6,0.03032336648003118,0.015162412527060283,0.6025807445143839,0.3013078870139584,original portfolio minus attributed sector; no rerank/renormalization
MOM60,EX2016,6,0.030530918118463937,0.015389177887751458,0.6159140192616862,0.3104424966455347,original portfolio minus attributed sector; no rerank/renormalization
MOM60,2011,6,0.04367888609081157,0.02810852028418919,0.7760929518882151,0.4993724536372369,original portfolio minus attributed sector; no rerank/renormalization
MOM60,2012,6,0.034159608490147264,0.018553774367463253,0.8382484551398746,0.4552168836387302,original portfolio minus attributed sector; no rerank/renormalization
MOM60,2013,6,0.02303615129912384,0.007879426863892229,0.38741750927106405,0.13249817796309518,original portfolio minus attributed sector; no rerank/renormalization
MOM60,2014,6,0.04070032673300687,0.026238239330953178,1.388330864097958,0.8953381063698326,original portfolio minus attributed sector; no rerank/renormalization
MOM60,2015,6,0.010996279290636174,-0.0039079060246472825,0.1972926818692547,-0.07012362787551049,original portfolio minus attributed sector; no rerank/renormalization
MOM60,2016,6,0.026045692033688332,0.010488740008408229,0.4042887043174886,0.16289880061517117,original portfolio minus attributed sector; no rerank/renormalization
MOM60,POOLED,7,0.03064235629513233,0.015117654874792432,0.6085074999718906,0.3002160206104957,original portfolio minus attributed sector; no rerank/renormalization
MOM60,EX2016,7,0.03111238731106636,0.015614130810939951,0.6282824703021674,0.31530272025634365,original portfolio minus attributed sector; no rerank/renormalization
MOM60,2011,7,0.04655336839622711,0.030492682804264523,0.8197738652156875,0.5368792326437304,original portfolio minus attributed sector; no rerank/renormalization
MOM60,2012,7,0.04489178897874421,0.029077346254439487,1.1060843477578217,0.7163725674993595,original portfolio minus attributed sector; no rerank/renormalization
MOM60,2013,7,0.01546786682999709,-3.986890641140786e-05,0.26333865043031973,-0.0006786971677321493,original portfolio minus attributed sector; no rerank/renormalization
MOM60,2014,7,0.04104875628719249,0.026193056275649624,1.397452492172853,0.8919654113866805,original portfolio minus attributed sector; no rerank/renormalization
MOM60,2015,7,0.007373238429803933,-0.007871890530473763,0.1320584152353306,-0.1410037687489949,original portfolio minus attributed sector; no rerank/renormalization
MOM60,2016,7,0.02095493739045824,0.004885201682328387,0.3184521205232617,0.07427699548063604,original portfolio minus attributed sector; no rerank/renormalization
MOM60,POOLED,8,0.033494670615693396,0.018704765357917694,0.6932545223118951,0.38716537340791135,original portfolio minus attributed sector; no rerank/renormalization
MOM60,EX2016,8,0.034179158707404685,0.019407078491412027,0.7205003348341724,0.40910910143746926,original portfolio minus attributed sector; no rerank/renormalization
MOM60,2011,8,0.048336640943955726,0.03302635356828609,0.9194140452526481,0.628167535178649,original portfolio minus attributed sector; no rerank/renormalization
MOM60,2012,8,0.046398593101228076,0.0311792795799934,1.182218445466246,0.7944505834140122,original portfolio minus attributed sector; no rerank/renormalization
MOM60,2013,8,0.022504058065150365,0.007756894368195752,0.3919622852419801,0.13508466026531477,original portfolio minus attributed sector; no rerank/renormalization
MOM60,2014,8,0.04267230363907817,0.028648720820975082,1.4953220451503089,1.0042998069849827,original portfolio minus attributed sector; no rerank/renormalization
MOM60,2015,8,0.010771965890216081,-0.0037785744560430053,0.2008947749993151,-0.07047918732852818,original portfolio minus attributed sector; no rerank/renormalization
MOM60,2016,8,0.019387255030592958,0.004229972640475174,0.30156878237580215,0.06583818255125513,original portfolio minus attributed sector; no rerank/renormalization
MOM60,POOLED,9,0.026657101760725117,0.012651769215553036,0.5871835812058679,0.27867822863465136,original portfolio minus attributed sector; no rerank/renormalization
MOM60,EX2016,9,0.02746737106728337,0.01348719654801248,0.6167145738739178,0.30280545767709877,original portfolio minus attributed sector; no rerank/renormalization
MOM60,2011,9,0.04214772837192672,0.027625586769674186,0.8526704985379187,0.5588035949379584,original portfolio minus attributed sector; no rerank/renormalization
MOM60,2012,9,0.04300365909146493,0.02867502512649449,1.171952441717115,0.7812917825019874,original portfolio minus attributed sector; no rerank/renormalization
MOM60,2013,9,0.014027279631744551,4.8182774823745034e-05,0.2637751816914918,0.0009059698220722737,original portfolio minus attributed sector; no rerank/renormalization
MOM60,2014,9,0.028048222940651697,0.014658395911834406,1.0761386773575596,0.5624577543308344,original portfolio minus attributed sector; no rerank/renormalization
MOM60,2015,9,0.009848042085894107,-0.0038251363169892073,0.1911094532403876,-0.07423480843626017,original portfolio minus attributed sector; no rerank/renormalization
MOM60,2016,9,0.009957314018778918,-0.0045665297042891545,0.16335233356925324,-0.07494499098340843,original portfolio minus attributed sector; no rerank/renormalization
