scope,group,days,stock_days,finite_target_stock_days,average_stock_count,forward_target_mean,mean_daily_cell_target,average_SIZE_ONLY_gross,period_SIZE_ONLY_gross,annual_SIZE_ONLY_gross,average_SIZE_ONLY_net,period_SIZE_ONLY_net,annual_SIZE_ONLY_net,average_SIZE_ONLY_cost,period_SIZE_ONLY_cost,annual_SIZE_ONLY_cost,average_SIZE_ONLY_cost_all,period_SIZE_ONLY_cost_all,annual_SIZE_ONLY_cost_all,average_SIZE_ONLY_turnover,period_SIZE_ONLY_turnover,annual_SIZE_ONLY_turnover,average_ILLIQ_ONLY_gross,period_ILLIQ_ONLY_gross,annual_ILLIQ_ONLY_gross,average_ILLIQ_ONLY_net,period_ILLIQ_ONLY_net,annual_ILLIQ_ONLY_net,average_ILLIQ_ONLY_cost,period_ILLIQ_ONLY_cost,annual_ILLIQ_ONLY_cost,average_ILLIQ_ONLY_cost_all,period_ILLIQ_ONLY_cost_all,annual_ILLIQ_ONLY_cost_all,average_ILLIQ_ONLY_turnover,period_ILLIQ_ONLY_turnover,annual_ILLIQ_ONLY_turnover,average_SLOW_CONTROL_gross,period_SLOW_CONTROL_gross,annual_SLOW_CONTROL_gross,average_SLOW_CONTROL_net,period_SLOW_CONTROL_net,annual_SLOW_CONTROL_net,average_SLOW_CONTROL_cost,period_SLOW_CONTROL_cost,annual_SLOW_CONTROL_cost,average_SLOW_CONTROL_cost_all,period_SLOW_CONTROL_cost_all,annual_SLOW_CONTROL_cost_all,average_SLOW_CONTROL_turnover,period_SLOW_CONTROL_turnover,annual_SLOW_CONTROL_turnover
POOLED,BOTH_LONG,1275,182902,181898,143.45254901960783,0.0006387479245478523,0.0006368978604890878,0.00028999360765378607,0.36974184975857727,0.07307838912875408,0.0002860943490363516,0.3647702950213483,0.0720957759571606,3.899258617434494e-06,0.00497155473722898,0.0009826131715934925,3.960076784000992e-06,0.005049097899601265,0.00099793934956825,0.0039600767840009925,5.049097899601265,0.9979393495682501,0.00028311628092147876,0.36097325817488546,0.07134530279221264,0.00027981840920005295,0.3567684717300675,0.07051423911841334,3.2978717214258175e-06,0.004204786444817917,0.000831063673799306,3.347021035364707e-06,0.004267451820090001,0.0008434493009119062,0.003347021035364707,4.267451820090002,0.8434493009119062,0.000283331521461939,0.36124768986397227,0.07139954340840864,0.0002802811529160121,0.3573584699679154,0.07063085053483505,3.0503685459269033e-06,0.0038892198960568014,0.0007686928735735796,3.0663727230360237e-06,0.00390962522187093,0.000772725926205078,0.003066372723036024,3.9096252218709306,0.7727259262050781
POOLED,SIZE_ONLY_LONG,1275,37233,36696,29.20235294117647,0.0002669693609030233,0.0002562070072048699,1.6947937828265488e-05,0.021608620731038496,0.0042708803327229025,1.5439898648097016e-05,0.019685870776323697,0.003890854459320448,1.5080391801684658e-06,0.0019227499547147938,0.00038002587340245337,1.6779004980700574e-06,0.0021393231350393233,0.00042283092551365445,0.0016779004980700576,2.1393231350393234,0.42283092551365453,0.0,0.0,0.0,-1.3075474655990743e-06,-0.0016671230186388198,-0.0003295019613309667,1.3075474655990743e-06,0.0016671230186388198,0.0003295019613309667,1.3075474655990743e-06,0.0016671230186388198,0.0003295019613309667,0.0013075474655990745,1.66712301863882,0.32950196133096676,1.106884123916061e-05,0.014112772579929779,0.0027893479922684737,9.290855031347446e-06,0.011845840164967994,0.002341295467899556,1.7779862078131624e-06,0.002266932414961782,0.00044805252436891694,1.9534475866983793e-06,0.002490645673040434,0.0004922687918479916,0.0019534475866983796,2.490645673040434,0.49226879184799166
POOLED,ILLIQ_ONLY_LONG,1275,37657,37331,29.534901960784314,0.0003136448545261325,0.0002893868172200741,0.0,0.0,0.0,-1.429394887934245e-06,-0.0018224784821161623,-0.00036020751175942973,1.429394887934245e-06,0.0018224784821161623,0.00036020751175942973,1.4455577644470844e-06,0.0018430861496700327,0.0003642805566406653,0.0014455577644470843,1.8430861496700326,0.3642805566406652,1.7579857218145184e-05,0.02241431795313511,0.004430124018972586,1.637252714830374e-05,0.020874972114087266,0.0041258768413725425,1.2073300698414455e-06,0.001539345839047843,0.00030424717760004427,1.2272319165650773e-06,0.0015647206936204735,0.0003092624429743995,0.0012272319165650772,1.5647206936204734,0.3092624429743994,5.6934391144152755e-06,0.007259134870879477,0.0014347466568326494,4.4748077217228455e-06,0.005705379845196628,0.001127651545874157,1.2186313926924323e-06,0.0015537550256828512,0.00030709511095849295,1.2356260927530714e-06,0.001575423268260166,0.00031137777537377403,0.0012356260927530714,1.575423268260166,0.311377775373774
POOLED,BOTH_SHORT,1275,191457,190971,150.16235294117647,1.1089241325154426e-05,8.683486288478213e-06,2.3232352990313973e-06,0.0029621250062650314,0.0005854552953559121,-6.960205377740101e-07,-0.0008874261856618628,-0.00017539717551905053,3.019255836805411e-06,0.003849551191926899,0.0007608524708749636,3.0295628126503286e-06,0.003862692586129169,0.0007634498287878828,0.003029562812650329,3.862692586129169,0.7634498287878829,4.445790678335033e-06,0.005668383114877167,0.0011203392509404283,8.48706740439161e-07,0.0010821010940599302,0.00021387409859066855,3.5970839378958546e-06,0.004586282020817215,0.0009064651523497554,3.6255457454306096e-06,0.004622570825424027,0.0009136375278485136,0.0036255457454306096,4.622570825424027,0.9136375278485136,5.406325076792115e-06,0.006893064472909946,0.001362393919351613,3.2032474900692888e-06,0.004084140549838343,0.0008072183674974608,2.2030775867228286e-06,0.0028089239230716066,0.0005551755518541529,2.2177974354538516e-06,0.002827691730203661,0.0005588849537343706,0.0022177974354538514,2.827691730203661,0.5588849537343705
POOLED,SIZE_ONLY_SHORT,1275,29304,28944,22.983529411764707,-3.214124232420926e-05,-3.4483486709221816e-05,1.925582056983731e-06,0.0024551171226542567,0.0004852466783599002,9.785043256145708e-07,0.001247593015158578,0.00024658309005487185,9.470777313691618e-07,0.0012075241074956814,0.00023866358830502879,9.812681801626106e-07,0.0012511169297073285,0.00024727958140097786,0.0009812681801626105,1.2511169297073284,0.24727958140097786,0.0,0.0,0.0,-1.1065299209065118e-06,-0.0014108256491558026,-0.000278845540068441,1.1065299209065118e-06,0.0014108256491558026,0.000278845540068441,1.1106841249610152e-06,0.0014161222593252944,0.0002798923994901758,0.001110684124961015,1.4161222593252942,0.2798923994901758,2.2075418010770215e-06,0.0028146157963732025,0.0005563005338714095,1.4485756089918246e-06,0.0018469339014645764,0.00036504105346593977,7.589661920851955e-07,0.0009676818949086242,0.00019125948040546925,7.890846633863505e-07,0.001006082945817597,0.00019884933517336033,0.0007890846633863506,1.006082945817597,0.19884933517336037
POOLED,ILLIQ_ONLY_SHORT,1275,28880,28880,22.650980392156864,1.4923408510281938e-05,2.0927212268492573e-05,0.0,0.0,0.0,-1.2737006738154502e-06,-0.001623968359114699,-0.00032097256980149347,1.2737006738154502e-06,0.001623968359114699,0.00032097256980149347,1.2737006738154502e-06,0.001623968359114699,0.00032097256980149347,0.0012737006738154503,1.6239683591146992,0.32097256980149347,1.7352085463554908e-06,0.0022123908966032507,0.0004372725536815837,7.6287666755048e-07,0.0009726677511268621,0.00019224492022272097,9.72331878805009e-07,0.0012397231454763864,0.0002450276334588622,9.72331878805009e-07,0.0012397231454763864,0.0002450276334588622,0.0009723318788050091,1.2397231454763866,0.2450276334588623,1.880794894820945e-06,0.002398013490896705,0.0004739603134948781,3.2298659232998766e-07,0.00041180790522073424,8.13926212671569e-05,1.5578083024909579e-06,0.0019862055856759713,0.0003925676922277214,1.5578083024909579e-06,0.0019862055856759713,0.0003925676922277214,0.0015578083024909578,1.9862055856759713,0.39256769222772137
POOLED,SIGNAL_DISAGREEMENT,1275,20706,20622,16.24,0.00020860024250954622,0.00018094288285947128,9.01092718625837e-06,0.011488932162479423,0.0022707536509371093,8.028019888190473e-06,0.010235725357442854,0.0020230610118239993,9.829072980678964e-07,0.001253206805036568,0.0002476926391131099,9.884557631291101e-07,0.0012602810979896154,0.00024909085230853575,0.0009884557631291103,1.2602810979896155,0.2490908523085358,-8.204926058072704e-06,-0.010461280724042697,-0.0020676413666343213,-8.91681796265331e-06,-0.01136894290238297,-0.002247038126588634,7.118919045806077e-07,0.0009076621783402749,0.00017939675995431314,7.161451793666432e-07,0.0009130851036924701,0.0001804685852003941,0.000716145179366643,0.9130851036924699,0.18046858520039405,9.164544499394382e-06,0.011684794236727837,0.0023094652138473844,8.191828391923685e-06,0.010444581199702698,0.0020643407547647685,9.727161074706974e-07,0.001240213037025139,0.0002451244590826157,9.754951031622421e-07,0.0012437562565318586,0.000245824765996885,0.0009754951031622421,1.2437562565318587,0.24582476599688502
POOLED,OTHER,1275,48396,47396,37.95764705882353,0.00033584726860417553,0.0003490989054941647,0.0,0.0,0.0,-1.6927426229751462e-06,-0.0021582468442933114,-0.00042657114098973686,1.6927426229751462e-06,0.0021582468442933114,0.00042657114098973686,1.8117950852290638e-06,0.0023100387336670563,0.0004565723614777241,0.001811795085229064,2.3100387336670565,0.4565723614777241,0.0,0.0,0.0,-1.646499885820637e-06,-0.002099287354421312,-0.00041491797122680053,1.646499885820637e-06,0.002099287354421312,0.00041491797122680053,1.647930071315696e-06,0.0021011108409275123,0.0004152783779715554,0.0016479300713156957,2.101110840927512,0.4152783779715553,-2.1197590370502555e-07,-0.0002702692772239076,-5.341792773366644e-05,-1.1854582903384676e-06,-0.0015114593201815461,-0.00029873548916529383,9.734823866334423e-07,0.0012411900429576388,0.0002453175614316275,1.0925348488873595e-06,0.0013929819323313833,0.0002753187819196146,0.0010925348488873595,1.3929819323313835,0.2753187819196146
EX2016,BOTH_LONG,1216,173883,172927,142.99588815789474,0.0006285902217893294,0.0006276817965030806,0.00028655959620449195,0.3484564689846622,0.07221301824353198,0.00028268312714557173,0.3437426826090152,0.07123614804068408,3.876469058920279e-06,0.004713786375647059,0.0009768702028479103,3.934430420334447e-06,0.004784267391126688,0.0009914764659242807,0.003934430420334448,4.784267391126688,0.9914764659242808,0.0002802086736955752,0.34073374721381944,0.07061258577128494,0.00027692211686047277,0.3367372941023349,0.06978437344883914,3.2865568351024535e-06,0.003996453111484583,0.0008282123224458182,3.335187017524951e-06,0.00405558741331034,0.0008404671284162876,0.0033351870175249514,4.055587413310341,0.8404671284162878,0.00027948134050913867,0.3398493100591126,0.07042929780830294,0.0002764209014405891,0.33612781615175635,0.06965806716302846,3.0604390685495366e-06,0.0037214939073562363,0.0007712306452744832,3.0757678424730275e-06,0.0037401336964472016,0.000775093496303203,0.003075767842473028,3.7401336964472023,0.7750934963032031
EX2016,SIZE_ONLY_LONG,1216,35619,35083,29.291940789473685,0.00023408350772676157,0.00021947586494456512,1.513090184154557e-05,0.018399176639319413,0.0038129872640694836,1.3648423669226777e-05,0.01659648318177976,0.003439402764645148,1.4824781723187934e-06,0.0018026934575396526,0.0003735844994243359,1.6576772733699464e-06,0.0020157355644178547,0.0004177346728892265,0.0016576772733699462,2.0157355644178545,0.41773467288922644,0.0,0.0,0.0,-1.3012970854662462e-06,-0.0015823772559269552,-0.00032792686553749403,1.3012970854662462e-06,0.0015823772559269552,0.00032792686553749403,1.3012970854662462e-06,0.0015823772559269552,0.00032792686553749403,0.0013012970854662461,1.5823772559269553,0.327926865537494,1.0010453605437424e-05,0.012172711584211907,0.0025226343085702307,8.221699900373882e-06,0.00999758707885464,0.0020718683748942182,1.788753705063538e-06,0.002175124505357262,0.0004507659336760116,1.9698245805835413e-06,0.002395306689989586,0.0004963957943070524,0.001969824580583541,2.395306689989586,0.4963957943070524
EX2016,ILLIQ_ONLY_LONG,1216,35861,35561,29.49095394736842,0.00031532613674179085,0.0002889190279466551,0.0,0.0,0.0,-1.434864199257363e-06,-0.0017447948662969533,-0.00036158577821285547,1.434864199257363e-06,0.0017447948662969533,0.00036158577821285547,1.4503593726378782e-06,0.0017636369971276598,0.0003654905619047453,0.001450359372637878,1.7636369971276598,0.36549056190474527,1.7879416991801473e-05,0.02174137106203059,0.004505613081933971,1.66861036670567e-05,0.020290302059140945,0.004204898124098288,1.1933133247447788e-06,0.0014510690028896511,0.00030071495783568424,1.214180803834113e-06,0.0014764438574622813,0.0003059735625661965,0.001214180803834113,1.4764438574622814,0.30597356256619646,6.531464273750839e-06,0.00794226055688102,0.0016459289969852115,5.324849367297036e-06,0.006475016830633196,0.001341862040558853,1.2066149064538018e-06,0.001467243726247823,0.00030406695642635806,1.222982263241755e-06,0.0014871464321019742,0.00030819153033692225,0.0012229822632417548,1.4871464321019738,0.3081915303369222
EX2016,BOTH_SHORT,1216,182412,182078,150.00986842105263,6.040743417664657e-06,2.833162437538743e-06,5.239585548662073e-06,0.00637133602717308,0.0013203755582628424,2.2161245346350715e-06,0.002694807434116247,0.000558463382728038,3.0234610140270087e-06,0.0036765285930568424,0.0007619121755348062,3.0342680816275596e-06,0.0036896699872591126,0.0007646355565701451,0.00303426808162756,3.689669987259113,0.764635556570145,7.210405579183747e-06,0.008767853184287437,0.0018170222059543043,3.6072149863135016e-06,0.004386373423357218,0.0009090181765510024,3.6031905928702372e-06,0.004381479760930208,0.0009080040294032998,3.619966064990581e-06,0.004401878735028546,0.0009122314483776265,0.003619966064990581,4.401878735028546,0.9122314483776265,8.462071410164667e-06,0.010289878834760235,0.002132441995361496,6.204370257995505e-06,0.007544514233722535,0.0015635013050148674,2.257701152169168e-06,0.0027453646010377085,0.0005689406903466303,2.273135204086976e-06,0.0027641324081697626,0.0005728300714299179,0.0022731352040869755,2.7641324081697625,0.5728300714299178
EX2016,SIZE_ONLY_SHORT,1216,27534,27187,22.643092105263158,-5.257419767817298e-05,-4.826934560010716e-05,2.7322731052778215e-06,0.0033224440960178308,0.0006885328225300111,1.8060318073911905e-06,0.0021961346777876877,0.00045512001546258,9.262412978866322e-07,0.0011263094182301448,0.0002334128070674313,9.620906582580525e-07,0.001169902240441792,0.00024244684588102923,0.0009620906582580524,1.1699022404417918,0.24244684588102922,0.0,0.0,0.0,-1.089074300757216e-06,-0.0013243143497207745,-0.0002744467237908184,1.089074300757216e-06,0.0013243143497207745,0.0002744467237908184,1.089074300757216e-06,0.0013243143497207745,0.0002744467237908184,0.001089074300757216,1.3243143497207746,0.2744467237908184,2.6245724922583954e-06,0.003191480150586209,0.0006613922680491157,1.89556985603875e-06,0.0023050129449431202,0.00047768360372176503,7.290026362196443e-07,0.0008864672056430875,0.00018370866432735036,7.605824478224181e-07,0.0009248682565520604,0.00019166677685124935,0.000760582447822418,0.9248682565520603,0.19166677685124933
EX2016,ILLIQ_ONLY_SHORT,1216,27292,27292,22.44407894736842,1.0880279011247296e-05,1.9090196459249254e-05,0.0,0.0,0.0,-1.2672599778996698e-06,-0.0015409881331259984,-0.0003193495144307168,1.2672599778996698e-06,0.0015409881331259984,0.0003193495144307168,1.2672599778996698e-06,0.0015409881331259984,0.0003193495144307168,0.0012672599778996698,1.5409881331259985,0.3193495144307168,1.4701708672064999e-06,0.0017877277745231039,0.00037048305853603795,4.898635859968253e-07,0.0005956741205721395,0.0001234456236712,9.803072812096735e-07,0.001192053653950963,0.00024703743486483774,9.803072812096735e-07,0.001192053653950963,0.00024703743486483774,0.0009803072812096735,1.192053653950963,0.24703743486483773,1.0167090326249522e-06,0.001236318183671942,0.000256210676221488,-4.932703787295242e-07,-0.0005998167805351014,-0.00012430413543984008,1.5099794113544775e-06,0.0018361349642070446,0.0003805148116613283,1.5099794113544775e-06,0.0018361349642070446,0.0003805148116613283,0.0015099794113544774,1.8361349642070446,0.38051481166132833
EX2016,SIGNAL_DISAGREEMENT,1216,19852,19793,16.325657894736842,0.00015182341004677546,0.00011138526844920254,1.0680874374874507e-05,0.0129879432398474,0.002691580342468376,9.708353539257715e-06,0.011805357903737383,0.002446505091892944,9.72520835616788e-07,0.0011825853361100143,0.0002450752505754306,9.768865890953108e-07,0.001187894092339898,0.0002461754204520183,0.0009768865890953109,1.187894092339898,0.24617542045201835,-9.794292047723034e-06,-0.01190985913003121,-0.0024681615960262045,-1.051894593546384e-05,-0.012791038257524031,-0.002650774375736888,7.246538877408036e-07,0.0008811791274928172,0.0001826127797106825,7.291135303001746e-07,0.0008866020528450123,0.00018373660963564399,0.0007291135303001745,0.8866020528450123,0.18373660963564398,1.0389527661647584e-05,0.012633665636563462,0.002618160970735191,9.407365587451139e-06,0.011439356554340585,0.002370656128037687,9.821620741964466e-07,0.001194309082222879,0.00024750484269750456,9.850759060276306e-07,0.0011978523017295989,0.0002482391283189629,0.0009850759060276307,1.197852301729599,0.24823912831896294
EX2016,OTHER,1216,46234,45259,38.02138157894737,0.0002875576863768354,0.00029941608237201784,0.0,0.0,0.0,-1.6630760827382363e-06,-0.0020223005166096954,-0.0004190951728500355,1.6630760827382363e-06,0.0020223005166096954,0.0004190951728500355,1.7879049391311187e-06,0.0021740924059834403,0.0004505520446610419,0.0017879049391311185,2.17409240598344,0.4505520446610419,0.0,0.0,0.0,-1.6349165632088735e-06,-0.00198805854086199,-0.0004119989739286361,1.6349165632088735e-06,0.00198805854086199,0.0004119989739286361,1.6364161409277878e-06,0.00198988202736819,0.00041237686751380254,0.0016364161409277878,1.9898820273681899,0.41237686751380254,1.6115011233900876e-07,0.00019595853660423466,4.0609828309430204e-05,-8.174596557414907e-07,-0.0009940309413816527,-0.00020599983324685566,9.786097680804996e-07,0.0011899894779858874,0.0002466096615562859,1.1034386244733818e-06,0.001341781367359632,0.0002780665333672922,0.0011034386244733816,1.341781367359632,0.27806653336729215
2011,BOTH_LONG,243,34178,34030,140.65020576131687,0.0009998106618348932,0.0009991442441481529,0.00045335232953381573,0.11016461607671722,0.11424478704252157,0.00044933124260902046,0.10918749195399197,0.11323147313747316,4.0210869247954e-06,0.0009771241227252822,0.0010133139050484408,4.0915172975581685e-06,0.0009942387033066349,0.0010310623589846585,0.0040915172975581685,0.9942387033066349,1.0310623589846584,0.00042767311706823455,0.103924567447581,0.10777362550119511,0.0004252158561871321,0.1033274530534731,0.10715439575915729,2.4572608811023555e-06,0.0005971143941078724,0.0006192297420377936,2.46512580626009e-06,0.0005990255709212019,0.0006212117031775427,0.00246512580626009,0.5990255709212018,0.6212117031775426,0.00043414009127576983,0.10549604218001207,0.10940330300149399,0.0004311202235556214,0.104762214324016,0.10864229633601659,3.019867720148468e-06,0.0007338278559960777,0.0007610066654774139,3.0277504803364245e-06,0.0007357433667217511,0.000762993121044779,0.0030277504803364248,0.7357433667217512,0.762993121044779
2011,SIZE_ONLY_LONG,243,6668,6622,27.440329218106996,0.0006983877203783072,0.0006390560377187395,3.983767272162127e-05,0.009680554471353969,0.010039093525848562,3.837460234302949e-05,0.009325028369356166,0.00967039979044343,1.4630703785917778e-06,0.000355526101997802,0.00036869373540512803,1.9944834244028147e-06,0.00048465947212988393,0.0005026098229495093,0.0019944834244028146,0.4846594721298839,0.5026098229495093,0.0,0.0,0.0,-1.1094823702014654e-06,-0.0002696042159589561,-0.0002795895572907693,1.1094823702014654e-06,0.0002696042159589561,0.0002795895572907693,1.1094823702014654e-06,0.0002696042159589561,0.0002795895572907693,0.0011094823702014656,0.2696042159589561,0.27958955729076934,3.0047638497165013e-05,0.0073015761548110986,0.007572004901285584,2.813169876677014e-05,0.006836002800325144,0.007089188089226075,1.915939730394881e-06,0.00046557335448595605,0.00048281681205951,2.439541032968543e-06,0.000592808471011356,0.0006147643403080728,0.0024395410329685436,0.5928084710113561,0.614764340308073
2011,ILLIQ_ONLY_LONG,243,6315,6262,25.987654320987655,0.00067309271614212,0.0006388974336897724,0.0,0.0,0.0,-1.7503487538333753e-06,-0.0004253347471815102,-0.00044108788596601057,1.7503487538333753e-06,0.0004253347471815102,0.00044108788596601057,1.7815779728209678e-06,0.00043292344739549515,0.00044895764915088386,0.0017815779728209678,0.43292344739549515,0.4489576491508839,3.9581129789280315e-05,0.009618214538795116,0.00997444470689864,3.868093142972158e-05,0.009399466337422344,0.009747594720289838,9.001983595587361e-07,0.00021874820137277287,0.00022684998660880152,9.080986316066087e-07,0.00022066796748040592,0.0002288408551648654,0.0009080986316066087,0.2206679674804059,0.22884085516486538,1.238567754038154e-05,0.003009719642312714,0.003121190740176148,1.1627118925063103e-05,0.002825389898790334,0.002930033969115902,7.585586153184371e-07,0.00018432974352238022,0.00019115677106024614,7.586293090987136e-07,0.0001843469221109874,0.0001911745858928758,0.0007586293090987137,0.1843469221109874,0.19117458589287584
2011,BOTH_SHORT,243,35698,35644,146.90534979423867,4.462175088308731e-05,4.5047868435804454e-05,-6.2752337189781115e-06,-0.001524881793711681,-0.001581358897182484,-9.421116564693157e-06,-0.002289331325220437,-0.0023741213743026755,3.1458828457149756e-06,0.0007644495315087391,0.0007927624771201738,3.1459185157754203e-06,0.0007644581993334271,0.0007927714659754059,0.0031459185157754204,0.7644581993334272,0.7927714659754059,5.87003567664335e-07,0.00014264186694243342,0.00014792489905141243,-3.6286988048842617e-06,-0.0008817738095868756,-0.000914432098830834,4.215702372548615e-06,0.0010244156765293133,0.001062356997882251,4.231397199144252e-06,0.001028229519392053,0.0010663120941843515,0.004231397199144251,1.028229519392053,1.0663120941843514,-6.224628815264898e-06,-0.0015125848021093702,-0.0015686064614467545,-8.54993975548132e-06,-0.0020776353605819605,-0.0021545848183812926,2.3253109402164947e-06,0.0005650505584726082,0.0005859783569345567,2.3253466102769394e-06,0.0005650592262972962,0.0005859873457897888,0.002325346610276939,0.5650592262972962,0.5859873457897886
2011,SIZE_ONLY_SHORT,243,4798,4796,19.744855967078188,-0.00023374174855091451,-0.00021429655029244643,8.478220825980536e-06,0.0020602076607132702,0.002136511648147095,7.391196805075616e-06,0.0017960608236333748,0.0018625815948790552,1.0870240209049186e-06,0.0002641468370798952,0.0002739300532680395,1.102683177440111e-06,0.00026795201211794696,0.000277876160714908,0.001102683177440111,0.26795201211794695,0.27787616071490795,0.0,0.0,0.0,-9.141354452101194e-07,-0.00022213491318605902,-0.0002303621321929501,9.141354452101194e-07,0.00022213491318605902,0.0002303621321929501,9.141354452101194e-07,0.00022213491318605902,0.0002303621321929501,0.0009141354452101197,0.22213491318605907,0.23036213219295015,8.00387641082379e-06,0.001944941967830181,0.002016976855527595,7.768529397153803e-06,0.0018877526435083741,0.001957669408082758,2.353470136699839e-07,5.718932432180608e-05,5.9307447444835936e-05,2.5100617020517626e-07,6.099449935985783e-05,6.325355489170442e-05,0.00025100617020517625,0.060994499359857825,0.06325355489170441
2011,ILLIQ_ONLY_SHORT,243,5151,5151,21.19753086419753,-6.465537652512389e-05,-0.00011392402865515163,0.0,0.0,0.0,-1.2580834366721964e-06,-0.0003057142751113437,-0.0003170370260413935,1.2580834366721964e-06,0.0003057142751113437,0.0003170370260413935,1.2580834366721964e-06,0.0003057142751113437,0.0003170370260413935,0.0012580834366721964,0.3057142751113437,0.3170370260413935,9.942288724236494e-06,0.002415976159989468,0.0025054567585075967,9.026696549714647e-06,0.002193487261580659,0.002274727530528091,9.155921745218455e-07,0.00022248889840880846,0.00023072922797950506,9.155921745218455e-07,0.00022248889840880846,0.00023072922797950506,0.0009155921745218454,0.22248889840880845,0.23072922797950504,9.831355019423602e-07,0.00023890192697199354,0.00024775014648947477,-5.015058383369553e-07,-0.00012186591871588015,-0.00012637947126091273,1.4846413402793163e-06,0.00036076784568787385,0.0003741296177503877,1.4846413402793163e-06,0.00036076784568787385,0.0003741296177503877,0.0014846413402793165,0.3607678456878739,0.3741296177503878
2011,SIGNAL_DISAGREEMENT,243,4105,4105,16.893004115226336,0.00025004366351023225,0.0002450711542448027,1.7367267712874037e-05,0.004220246054228391,0.004376551463644257,1.6436620912685095e-05,0.003994098881782478,0.004142028469996644,9.306468001889391e-07,0.0002261471724459122,0.00023452299364761265,9.306468001889391e-07,0.0002261471724459122,0.00023452299364761265,0.0009306468001889393,0.22614717244591226,0.23452299364761273,-2.128331470908973e-05,-0.0051718454743088045,-0.005363395306690612,-2.1885884915623313e-05,-0.0053182700344964655,-0.005515242998737075,6.025702065335816e-07,0.00014642456018766034,0.00015184769204646257,6.025702065335816e-07,0.00014642456018766034,0.00015184769204646257,0.0006025702065335818,0.14642456018766037,0.15184769204646262,2.0958155255289312e-05,0.0050928317270353025,0.005281455124332907,1.957414295691153e-05,0.004756516738529502,0.004932684025141705,1.3840122983777768e-06,0.0003363149885057998,0.00034877109919119974,1.3840122983777768e-06,0.0003363149885057998,0.00034877109919119974,0.001384012298377777,0.3363149885057998,0.3487710991911998
2011,OTHER,243,9731,9428,40.04526748971193,0.0004814280569899949,0.00047854219755321536,0.0,0.0,0.0,-2.0081716270053666e-06,-0.00048798570536230407,-0.0005060592500053524,2.0081716270053666e-06,0.00048798570536230407,0.0005060592500053524,2.508408554680852e-06,0.0006095432787874471,0.0006321189557795747,0.0025084085546808518,0.609543278787447,0.6321189557795747,0.0,0.0,0.0,-1.5863381390792748e-06,-0.00038548016779626376,-0.00039975721104797726,1.5863381390792748e-06,0.00038548016779626376,0.00039975721104797726,1.5863381390792748e-06,0.00038548016779626376,0.00039975721104797726,0.0015863381390792749,0.3854801677962638,0.3997572110479773,-4.975020449278896e-07,-0.00012089299691747717,-0.00012537051532182818,-2.0290497573453658e-06,-0.0004930590910349239,-0.0005113205388510322,1.5315477124174766e-06,0.0003721660941174468,0.0003859500235292041,2.031784640092962e-06,0.0004937236675425897,0.0005120097293034264,0.0020317846400929617,0.49372366754258973,0.5120097293034264
2012,BOTH_LONG,246,34173,33995,138.91463414634146,0.00024291427031619732,0.0002505495199956666,0.00013200808553039082,0.032473989040476145,0.033266037553658485,0.00012866331090034713,0.0316511744814854,0.03242315434688748,3.3447746300436788e-06,0.000822814558990745,0.000842883206771007,3.352473491674358e-06,0.000824708478951892,0.0008448233199019381,0.0033524734916743574,0.8247084789518919,0.844823319901938,0.00012823718445367015,0.03154634737560286,0.032315770482324875,0.00012545237640821934,0.030861284596421956,0.031613998854871275,2.7848080454508154e-06,0.0006850627791809005,0.0007017716274536055,2.8385262876639673e-06,0.000698277466765336,0.0007153086244913198,0.0028385262876639674,0.698277466765336,0.7153086244913198,0.00012595470231993139,0.03098485677070312,0.03174058498462271,0.0001225490476090965,0.03014706571183774,0.030882359997492316,3.4056547108348794e-06,0.0008377910588653803,0.0008582249871303896,3.4056894686751985e-06,0.0008377996092940989,0.0008582337461061501,0.003405689468675198,0.8377996092940987,0.8582337461061499
2012,SIZE_ONLY_LONG,246,7434,7310,30.21951219512195,-0.000132908659804424,-0.00018666356785330358,-1.4116845459554434e-05,-0.0034727439830503906,-0.003557445055807717,-1.5297708024907762e-05,-0.0037632361741273095,-0.003855022422276756,1.1808625653533212e-06,0.00029049219107691703,0.00029757736646903696,1.3344922195636957e-06,0.00032828508601266915,0.00033629203933005134,0.0013344922195636956,0.32828508601266915,0.3362920393300513,0.0,0.0,0.0,-1.287191257863775e-06,-0.0003166490494344887,-0.00032437219698167133,1.287191257863775e-06,0.0003166490494344887,0.00032437219698167133,1.287191257863775e-06,0.0003166490494344887,0.00032437219698167133,0.001287191257863775,0.3166490494344887,0.3243721969816713,-1.1387867772713539e-05,-0.0028014154720875308,-0.0028697426787238117,-1.331272135875547e-05,-0.0032749294542538457,-0.003354805782406378,1.924853586041929e-06,0.0004735139821663145,0.0004850631036825661,2.078483240252303e-06,0.0005113068771020665,0.0005237777765435803,0.002078483240252303,0.5113068771020666,0.5237777765435804
2012,ILLIQ_ONLY_LONG,246,6640,6636,26.991869918699187,1.677601523834299e-05,-5.6689422755693224e-05,0.0,0.0,0.0,-1.3335225180176231e-06,-0.0003280465394323353,-0.00033604767454044104,1.3335225180176231e-06,0.0003280465394323353,0.00033604767454044104,1.3641789331790597e-06,0.0003355880175620487,0.00034377309116112305,0.0013641789331790598,0.3355880175620487,0.3437730911611231,-1.6206447193695333e-06,-0.0003986786009649052,-0.0004084024692811224,-2.7404887175502405e-06,-0.0006741602245173592,-0.0006906031568226606,1.1198439981807096e-06,0.00027548162355245457,0.0002822006875415388,1.1198439981807096e-06,0.00027548162355245457,0.0002822006875415388,0.0011198439981807097,0.2754816235524546,0.2822006875415388,1.0437633262803165e-06,0.00025676577826495785,0.00026302835822263976,2.3145380470004645e-07,5.6937635956211426e-05,5.83263587844117e-05,8.123095215802696e-07,0.00019982814230874631,0.00020470199943822796,8.276377291609878e-07,0.000203598881373603,0.00020856470774856893,0.0008276377291609878,0.203598881373603,0.20856470774856892
2012,BOTH_SHORT,246,35948,35920,146.130081300813,-2.211802880329572e-05,-2.460162221100264e-05,5.114086223856717e-06,0.0012580652110687524,0.0012887497284118925,2.069028291843737e-06,0.0005089809597935593,0.0005213951295446217,3.0450579320129894e-06,0.0007490842512751954,0.0007673545988672733,3.06801556453402e-06,0.000754731828875369,0.0007731399222625731,0.0030680155645340206,0.754731828875369,0.7731399222625732,2.3191043709324926e-06,0.0005704996752493932,0.0005844143014749881,-1.1271546070497466e-06,-0.0002772800333342377,-0.00028404296097653617,3.446258977982211e-06,0.000847779708583624,0.0008684572624515172,3.4615870297029292e-06,0.0008515504093069206,0.0008723199314851381,0.0034615870297029293,0.8515504093069206,0.8723199314851382,4.439101275151307e-06,0.0010920189136872215,0.0011186535213381294,2.2287740234079684e-06,0.0005482784097583602,0.0005616510538988081,2.210327251743367e-06,0.0005437405039288683,0.0005570024674393285,2.248544045865023e-06,0.0005531418352827956,0.0005666330995579858,0.002248544045865022,0.5531418352827955,0.5666330995579856
2012,SIZE_ONLY_SHORT,246,4914,4851,19.975609756097562,-0.0005128849417785731,-0.0004390591034460221,1.914924740871864e-05,0.004710714862544785,0.004825610346997097,1.8244257981548877e-05,0.004488087463461024,0.004597553011350317,9.049894271697578e-07,0.0002226273990837604,0.00022805733564677897,9.356459992514669e-07,0.00023016891581586086,0.00023578279181136967,0.0009356459992514669,0.23016891581586085,0.23578279181136966,0.0,0.0,0.0,-9.580158757596622e-07,-0.0002356719054368769,-0.00024142000069143487,9.580158757596622e-07,0.0002356719054368769,0.00024142000069143487,9.580158757596622e-07,0.0002356719054368769,0.00024142000069143487,0.0009580158757596622,0.23567190543687688,0.24142000069143488,1.9266285941350504e-05,0.004739506341572224,0.004855104057220327,1.9012505325214348e-05,0.00467707631000273,0.004791151341954016,2.5378061613615133e-07,6.243003156949323e-05,6.395271526631013e-05,2.921012920082195e-07,7.1856917834022e-05,7.360952558607132e-05,0.0002921012920082195,0.071856917834022,0.07360952558607131
2012,ILLIQ_ONLY_SHORT,246,5708,5708,23.203252032520325,-0.0001367004958801224,-0.0001311405302018232,0.0,0.0,0.0,-1.0493785067012474e-06,-0.00025814711264850686,-0.0002644433836887143,1.0493785067012474e-06,0.00025814711264850686,0.0002644433836887143,1.0493785067012474e-06,0.00025814711264850686,0.0002644433836887143,0.0010493785067012475,0.25814711264850687,0.26444338368871434,4.308395778460774e-06,0.0010598653615013505,0.001085715736172115,3.2498991325327132e-06,0.0007994751866030475,0.0008189745813982438,1.0584966459280617e-06,0.0002603901748983032,0.00026674115477387153,1.0584966459280617e-06,0.0002603901748983032,0.00026674115477387153,0.001058496645928062,0.26039017489830324,0.2667411547738716,5.092605830524231e-06,0.0012527810343089607,0.001283336669292106,3.123273399515855e-06,0.0007683252562809003,0.0007870648966779954,1.9693324310083746e-06,0.00048445577802806017,0.0004962717726141103,1.9693324310083746e-06,0.00048445577802806017,0.0004962717726141103,0.001969332431008375,0.4844557780280603,0.49627177261411054
2012,SIGNAL_DISAGREEMENT,246,4576,4574,18.601626016260163,-0.0001762389185560899,-0.00019084054199897604,4.707148779532982e-06,0.0011579585997651136,0.0011862014924423115,3.610661502946294e-06,0.0008882227297247883,0.0009098866987424661,1.0964872765866908e-06,0.0002697358700403259,0.0002763147936998461,1.0964872765866908e-06,0.0002697358700403259,0.0002763147936998461,0.0010964872765866908,0.26973587004032595,0.2763147936998461,-5.492263584382028e-06,-0.0013510968417579788,-0.001384050423264271,-6.290369753256507e-06,-0.0015474309593011006,-0.0015851731778206398,7.981061688744729e-07,0.00019633411754312033,0.00020112275455636715,7.981061688744729e-07,0.00019633411754312033,0.00020112275455636715,0.000798106168874473,0.19633411754312036,0.20112275455636722,3.67763067855519e-06,0.0009046971469245768,0.0009267629309959079,2.7803751072971084e-06,0.0006839722763950887,0.0007006545270388713,8.972555712580798e-07,0.00022072487052948763,0.0002261084039570361,8.972555712580798e-07,0.00022072487052948763,0.0002261084039570361,0.0008972555712580798,0.22072487052948764,0.2261084039570361
2012,OTHER,246,9363,9269,38.0609756097561,-0.0001302014074684387,-8.971208959804124e-05,0.0,0.0,0.0,-1.6930093250042032e-06,-0.000416480293951034,-0.0004266383499010592,1.6930093250042032e-06,0.000416480293951034,0.0004266383499010592,1.8159130483725026e-06,0.00044671460989963564,0.00045761008818987067,0.0018159130483725026,0.44671460989963563,0.45761008818987065,0.0,0.0,0.0,-1.8542844497828704e-06,-0.00045615397464658614,-0.00046727968134528333,1.8542844497828704e-06,0.00045615397464658614,0.00046727968134528333,1.8542844497828704e-06,0.00045615397464658614,0.00046727968134528333,0.0018542844497828706,0.45615397464658614,0.46727968134528336,-9.264085512269926e-07,-0.00022789650360184016,-0.00023345495490920213,-2.136542932465525e-06,-0.0005255895613865192,-0.0005384088189813123,1.210134381238533e-06,0.0002976930577846791,0.0003049538640721103,1.3330381046068323e-06,0.00032792737373328075,0.00033592560236092177,0.0013330381046068322,0.32792737373328074,0.3359256023609217
2013,BOTH_LONG,243,33900,33542,139.50617283950618,0.0005071736177486819,0.0005112987348620418,0.00022361573038147243,0.0543386224826978,0.05635116405613105,0.00021946265647023293,0.053329425522266605,0.0553045894304987,4.153073911239452e-06,0.0010091969604311868,0.001046574625632342,4.267658467470289e-06,0.0010370410075952801,0.0010754499338025128,0.00426765846747029,1.0370410075952803,1.075449933802513,0.00021578031436332362,0.05243461639028764,0.05437663921955755,0.0002122482701912828,0.05157632965648172,0.053486564088203264,3.532044172040821e-06,0.0008582867338059196,0.0008900751313542869,3.6314174418489567e-06,0.0008824344383692965,0.0009151171953459371,0.003631417441848957,0.8824344383692965,0.9151171953459372,0.00021478930606968067,0.0521938013749324,0.05412690512955953,0.00021119362184099738,0.05132005010736236,0.05322079270393134,3.5956842286833206e-06,0.0008737512675700469,0.0009061124256281968,3.6417750635023387e-06,0.0008849513404310683,0.0009177273160025893,0.0036417750635023395,0.8849513404310685,0.9177273160025896
2013,SIZE_ONLY_LONG,243,7590,7290,31.234567901234566,0.0005316964951324096,0.0005603413889452581,5.192970326437829e-05,0.012618917893243924,0.013086285222623329,5.029644500655301e-05,0.012222036136592382,0.01267470414165136,1.6332582578252635e-06,0.00039688175665153903,0.00041158108097196644,1.7786245432506065e-06,0.0004322057640098974,0.00044821338489915285,0.0017786245432506065,0.4322057640098974,0.44821338489915286,0.0,0.0,0.0,-1.2817108333992322e-06,-0.00031145573251601343,-0.00032299113001660654,1.2817108333992322e-06,0.00031145573251601343,0.00032299113001660654,1.2817108333992322e-06,0.00031145573251601343,0.00032299113001660654,0.0012817108333992324,0.31145573251601344,0.32299113001660656,3.881708688548388e-05,0.009432552113172583,0.009781905895141937,3.6892054173896473e-05,0.008964769164256843,0.009296797651821911,1.9250327115874e-06,0.00046778294891573817,0.00048510824332002476,2.0781572502563672e-06,0.0005049922118122972,0.0005236956270646046,0.002078157250256367,0.5049922118122971,0.5236956270646045
2013,ILLIQ_ONLY_LONG,243,7654,7650,31.497942386831276,-0.0001323185826478718,-0.00016565746115444277,0.0,0.0,0.0,-1.396241986338461e-06,-0.000339286802680246,-0.00035185298055729215,1.396241986338461e-06,0.000339286802680246,0.00035185298055729215,1.4115175109763547e-06,0.0003429987551672542,0.0003557024127660414,0.0014115175109763547,0.3429987551672542,0.35570241276604136,-8.136640450703669e-06,-0.0019772036295209916,-0.0020504333935773243,-9.454681715087189e-06,-0.002297487656766187,-0.0023825797922019717,1.3180412643835245e-06,0.00032028402724519644,0.00033214639862464817,1.3256115850925911e-06,0.00032212361517749966,0.00033405411944333296,0.001325611585092591,0.32212361517749966,0.33405411944333296,-6.081302629209727e-06,-0.0014777565388979636,-0.0015324882625608511,-7.3316333203537735e-06,-0.001781586896845967,-0.001847571596729151,1.2503306911440474e-06,0.00030383035794800354,0.0003150833341683,1.2503306911440474e-06,0.00030383035794800354,0.0003150833341683,0.0012503306911440474,0.3038303579480035,0.3150833341682999
2013,BOTH_SHORT,243,36202,36034,148.97942386831275,-0.00014099261880338342,-0.00014619316042980643,7.463638274349618e-05,0.018136641006669573,0.018808368451361038,7.083846002076202e-05,0.01721374578504517,0.017851291925232028,3.7979227227341575e-06,0.0009228952216244002,0.0009570765261290077,3.82869387819654e-06,0.0009303726124017591,0.0009648308573055281,0.00382869387819654,0.9303726124017592,0.9648308573055281,6.726998061805693e-05,0.016346605290187832,0.016952035115750344,6.41548938463597e-05,0.015589639204665409,0.016167033249282644,3.115086771697185e-06,0.000756966085522416,0.0007850018664676906,3.153039349842506e-06,0.0007661885620117289,0.0007945659161603115,0.0031530393498425064,0.766188562011729,0.7945659161603116,8.395960108649319e-05,0.020402183064017844,0.021157819473796285,8.124352275296789e-05,0.019742176028971197,0.02047336773374791,2.716078333525307e-06,0.0006600070350466496,0.0006844517400483774,2.754555905349953e-06,0.0006693570850000386,0.0006941480881481881,0.0027545559053499527,0.6693570850000385,0.6941480881481881
2013,SIZE_ONLY_SHORT,243,5431,5360,22.349794238683128,0.000279482586612904,0.0002814389990857366,-1.0517587606362772e-05,-0.002555773788346154,-0.0026504320768034185,-1.129356059070761e-05,-0.0027443352235419494,-0.0028459772688583175,7.75972984344835e-07,0.0001885614351957949,0.00019554519205489842,8.06204462439594e-07,0.00019590768437282135,0.0002031635245347777,0.000806204462439594,0.19590768437282136,0.2031635245347777,0.0,0.0,0.0,-1.189200498267106e-06,-0.0002889757210789068,-0.0002996785255633107,1.189200498267106e-06,0.0002889757210789068,0.0002996785255633107,1.189200498267106e-06,0.0002889757210789068,0.0002996785255633107,0.0011892004982671058,0.28897572107890673,0.29967852556331065,-9.7090934348334e-06,-0.0023593097046645164,-0.0024466915455780168,-1.034740994627401e-05,-0.0025144206169445847,-0.0026075473064610505,6.383165114406125e-07,0.00015511091228006884,0.00016085576088303434,6.685479895353716e-07,0.0001624571614570953,0.00016847409336291365,0.0006685479895353717,0.16245716145709532,0.1684740933629137
2013,ILLIQ_ONLY_SHORT,243,5367,5367,22.08641975308642,0.00038798104455234236,0.0004184146430666076,0.0,0.0,0.0,-1.6341809817202824e-06,-0.00039710597855802864,-0.00041181360739351116,1.6341809817202824e-06,0.00039710597855802864,0.00041181360739351116,1.6341809817202824e-06,0.00039710597855802864,0.00041181360739351116,0.0016341809817202826,0.39710597855802865,0.4118136073935112,-1.5286968537803726e-05,-0.003714733354686305,-0.0038523160715265388,-1.6382794246048806e-05,-0.00398101900178986,-0.004128464150004299,1.0958257082450867e-06,0.00026628564710355607,0.00027614807847776187,1.0958257082450867e-06,0.00026628564710355607,0.00027614807847776187,0.0010958257082450866,0.26628564710355607,0.27614807847776185,-7.615131878091611e-06,-0.0018504770463762614,-0.001919013233279086,-9.195992232802246e-06,-0.002234626112570946,-0.002317390042666166,1.580860354710637e-06,0.0003841490661946848,0.00039837680938708056,1.580860354710637e-06,0.0003841490661946848,0.00039837680938708056,0.001580860354710637,0.3841490661946848,0.39837680938708053
2013,SIGNAL_DISAGREEMENT,243,4348,4310,17.893004115226336,0.0003764406490450334,0.00035843740912140827,3.331476814381172e-05,0.008095488658946248,0.008395321572240554,3.206826583195818e-05,0.007792588597165837,0.00808120298965346,1.2465023118535495e-06,0.00030290006178041254,0.00031411858258709446,1.2465368697744565e-06,0.00030290845935519294,0.000314127291183163,0.0012465368697744568,0.302908459355193,0.3141272911831631,-2.6402856004733814e-05,-0.006415894009150317,-0.006653519713192921,-2.714658235611925e-05,-0.006596619512536978,-0.006840938753742051,7.437263513854213e-07,0.00018072550338665738,0.00018741904054912618,7.51450046708138e-07,0.00018260236135007754,0.00018936541177045079,0.000751450046708138,0.18260236135007754,0.18936541177045077,2.029940299332804e-05,0.004932754927378714,0.005115449554318666,1.9000198204031788e-05,0.004617048163579725,0.00478804994741601,1.2992047892962475e-06,0.00031570676379898816,0.0003273996069026544,1.2992393472171546e-06,0.00031571516137376856,0.00032740831549872297,0.0012992393472171545,0.31571516137376854,0.32740831549872296
2013,OTHER,243,8835,8644,36.358024691358025,0.0003197170007356228,0.0003615540227112557,0.0,0.0,0.0,-1.2823338708936903e-06,-0.00031160713062716673,-0.00032314813546520995,1.2823338708936903e-06,0.00031160713062716673,0.00032314813546520995,1.2823338708936903e-06,0.00031160713062716673,0.00032314813546520995,0.0012823338708936901,0.3116071306271667,0.32314813546520993,0.0,0.0,0.0,-1.7014443923749974e-06,-0.00041345098734712435,-0.00042876398687849936,1.7014443923749974e-06,0.00041345098734712435,0.00042876398687849936,1.7014443923749974e-06,0.00041345098734712435,0.00042876398687849936,0.0017014443923749974,0.4134509873471244,0.4287639868784993,2.1860185289602937e-06,0.0005312025025373514,0.000550876669297994,1.2070579605831966e-06,0.0002933150844217168,0.00030417860606696555,9.789605683770973e-07,0.00023788741811563464,0.00024669806323102854,9.789605683770973e-07,0.00023788741811563464,0.00024669806323102854,0.0009789605683770974,0.23788741811563469,0.24669806323102855
2014,BOTH_LONG,242,35737,35635,147.67355371900825,0.0005361816967800934,0.0005341121387138392,0.0002581947969745491,0.06248314086784088,0.06506508883758637,0.0002541042270347227,0.06149322294240289,0.06403426521275012,4.0905699398264566e-06,0.0009899179254380026,0.001030823624836267,4.1583030133087176e-06,0.0010063093292207097,0.0010478923593537969,0.004158303013308719,1.00630932922071,1.0478923593537972,0.0002552355697690353,0.06176700788410655,0.06431936358179689,0.000251415936404213,0.06084265660981955,0.06335681597386168,3.819633364822298e-06,0.0009243512742869961,0.0009625476079352191,3.842222616780516e-06,0.0009298178732608849,0.0009682400994286901,0.003842222616780516,0.9298178732608849,0.96824009942869,0.0002587549903182427,0.06261870765701473,0.06520625756019716,0.0002556304884494766,0.061862578204773325,0.0644188830892681,3.124501868766134e-06,0.0007561294522414044,0.0007873744709290658,3.1396208666479396e-06,0.0007597882497288014,0.0007911844583952808,0.00313962086664794,0.7597882497288015,0.791184458395281
2014,SIZE_ONLY_LONG,242,6552,6526,27.074380165289256,0.00011793266988533494,0.0001179584181128866,4.930925427199679e-07,0.00011932839533823224,0.0001242593207654319,-9.127560420289226e-07,-0.00022088696217099929,-0.0002300145225912885,1.40584858474889e-06,0.00034021535750923136,0.0003542738433567203,1.4208210744915303e-06,0.0003438387000269503,0.00035804691077186563,0.00142082107449153,0.3438387000269503,0.35804691077186557,0.0,0.0,0.0,-1.4470757141738237e-06,-0.00035019232283006534,-0.0003646630799718036,1.4470757141738237e-06,0.00035019232283006534,0.0003646630799718036,1.4470757141738237e-06,0.00035019232283006534,0.0003646630799718036,0.0014470757141738237,0.35019232283006535,0.3646630799718036,-3.1929912672092916e-06,-0.0007727038866646486,-0.0008046337993367415,-4.68067508771329e-06,-0.001132723371226616,-0.001179530122103749,1.487683820504e-06,0.000360019484561968,0.000374896322767008,1.5026563102466405e-06,0.000363642827079687,0.0003786693901821534,0.0015026563102466404,0.363642827079687,0.3786693901821534
2014,ILLIQ_ONLY_LONG,242,7510,7408,31.03305785123967,0.00020131918595912003,0.00022887774684707583,0.0,0.0,0.0,-1.3874009812043366e-06,-0.00033575103745144946,-0.0003496250472634928,1.3874009812043366e-06,0.00033575103745144946,0.0003496250472634928,1.3874009812043366e-06,0.00033575103745144946,0.0003496250472634928,0.0013874009812043365,0.33575103745144946,0.3496250472634928,1.1507203440617171e-05,0.0027847432326293556,0.0028998152670355274,1.0018669355320646e-05,0.0024245179839875964,0.002524704677540803,1.4885340852965266e-06,0.00036022524864175946,0.00037511058949472474,1.533515593965709e-06,0.00037111077373970156,0.0003864459296793587,0.001533515593965709,0.3711107737397016,0.38644592967935865,4.8542401520710695e-06,0.0011747261168011988,0.0012232685183219095,3.458948100061948e-06,0.0008370654402149914,0.000871654921215611,1.3952920520091204e-06,0.00033766067658620713,0.00035161359710629835,1.410247738136274e-06,0.0003412799526289783,0.0003553824300103411,0.0014102477381362742,0.34127995262897837,0.3553824300103411
2014,BOTH_SHORT,242,36877,36836,152.38429752066116,0.00012974246093411384,0.0001267545416368456,-4.285915563623912e-05,-0.010371915663969868,-0.010800507220332259,-4.5513295079602045e-05,-0.011014217409263696,-0.011469350360059716,2.65413944336292e-06,0.0006423017452938266,0.0006688431397274559,2.6541715012143648e-06,0.0006423095032938763,0.0006688512183060199,0.002654171501214365,0.6423095032938764,0.66885121830602,-4.033359394649376e-05,-0.009760729735051491,-0.010164065674516429,-4.365260258371114e-05,-0.010563929825258096,-0.011000455851095207,3.3190086372173616e-06,0.0008032000902066015,0.0008363901765787752,3.3338514224363225e-06,0.00080679204422959,0.0008401305584539532,0.003333851422436323,0.8067920442295902,0.8401305584539533,-4.1285348608900565e-05,-0.009991054363353936,-0.010403907849442942,-4.3397411110093916e-05,-0.010502173488642727,-0.010936147599743666,2.1120625011933085e-06,0.0005111191252887806,0.0005322397503007137,2.1120945590447533e-06,0.0005111268832888303,0.0005322478288792778,0.0021120945590447533,0.5111268832888303,0.5322478288792778
2014,SIZE_ONLY_SHORT,242,6374,6270,26.33884297520661,0.00011486667542109333,0.00014167969679210196,-5.972884557786227e-06,-0.001445438062984267,-0.0015051669085621292,-6.785166465089632e-06,-0.001642010284551691,-0.0017098619492025872,8.122819073034098e-07,0.00019657222156742516,0.00020469504064045928,8.346589860400439e-07,0.00020198747462169063,0.00021033406448209106,0.0008346589860400438,0.20198747462169062,0.21033406448209105,0.0,0.0,0.0,-1.1241530140201179e-06,-0.0002720450293928685,-0.0002832865595330697,1.1241530140201179e-06,0.0002720450293928685,0.0002832865595330697,1.1241530140201179e-06,0.0002720450293928685,0.0002832865595330697,0.001124153014020118,0.27204502939286856,0.28328655953306975,-3.1986401377397384e-06,-0.0007740709133330167,-0.0008060573147104141,-4.4223575784643454e-06,-0.0010702105339883716,-0.001114434109773015,1.2237174407246051e-06,0.0002961396206553544,0.00030837679506260046,1.2460945194612392e-06,0.0003015548737096199,0.0003140158189042323,0.0012460945194612393,0.3015548737096199,0.3140158189042323
2014,ILLIQ_ONLY_SHORT,242,5416,5416,22.380165289256198,0.00018327504976688717,0.00022097353109085132,0.0,0.0,0.0,-1.1401317585016215e-06,-0.0002759118855573924,-0.00028731320314240863,1.1401317585016215e-06,0.0002759118855573924,0.00028731320314240863,1.1401317585016215e-06,0.0002759118855573924,0.00028731320314240863,0.0011401317585016217,0.27591188555739243,0.28731320314240866,-7.360020295676394e-06,-0.0017811249115536874,-0.0018547251145104512,-8.278007288486672e-06,-0.0020032777638137747,-0.0020860578366986415,9.179869928102754e-07,0.00022215285226008665,0.0002313327221881894,9.179869928102754e-07,0.00022215285226008665,0.0002313327221881894,0.0009179869928102756,0.2221528522600867,0.23133272218818945,-1.6479238991446505e-06,-0.0003987975835930054,-0.0004152768225844519,-2.7355405252404403e-06,-0.0006620008071081865,-0.0006893562123605909,1.0876166260957888e-06,0.00026320322351518086,0.00027407938977613876,1.0876166260957888e-06,0.00026320322351518086,0.00027407938977613876,0.0010876166260957887,0.2632032235151809,0.27407938977613877
2014,SIGNAL_DISAGREEMENT,242,3488,3488,14.413223140495868,0.0001914987070742938,0.00012217136384388882,-9.043472171939422e-06,-0.0021885202656093403,-0.0022789549873287345,-9.705470054512723e-06,-0.002348723753192079,-0.0024457784537372062,6.619978825733022e-07,0.00016020348758273914,0.00016682346640847215,6.619978825733022e-07,0.00016020348758273914,0.00016682346640847215,0.0006619978825733022,0.16020348758273914,0.16682346640847215,9.632123461997938e-06,0.002330973877803501,0.00242729511242348,8.84286455357518e-06,0.0021399732219651935,0.0022284018675009453,7.892589084227564e-07,0.00019100065583830704,0.0001988932449225346,7.892589084227564e-07,0.00019100065583830704,0.0001988932449225346,0.0007892589084227564,0.19100065583830705,0.19889324492253463,1.9296224105196165e-06,0.0004669686233457472,0.00048626484745094333,1.1117991526210693e-06,0.0002690553949342988,0.00028017338646050947,8.178232578985493e-07,0.00019791322841144894,0.00020609146099043443,8.178232578985493e-07,0.00019791322841144894,0.00020609146099043443,0.0008178232578985494,0.19791322841144895,0.20609146099043443
2014,OTHER,242,9192,8980,37.98347107438016,0.0001795700810634604,0.00015817517678268567,0.0,0.0,0.0,-1.5139977027096632e-06,-0.0003663874440557385,-0.00038152742108283515,1.5139977027096632e-06,0.0003663874440557385,0.00038152742108283515,1.5139977027096632e-06,0.0003663874440557385,0.00038152742108283515,0.0015139977027096635,0.36638744405573853,0.3815274210828352,0.0,0.0,0.0,-1.4481829468327508e-06,-0.0003504602731335257,-0.0003649421026018532,1.4481829468327508e-06,0.0003504602731335257,0.0003649421026018532,1.4557180150401884e-06,0.0003522837596397256,0.0003668409397901275,0.0014557180150401884,0.3522837596397256,0.3668409397901275,-7.391810344684435e-07,-0.00017888181034136333,-0.00018627362068604776,-1.1519740337052721e-06,-0.00027877771615667586,-0.0002902974564937286,4.127929992368284e-07,9.989590581531248e-05,0.00010402383580768076,4.127929992368284e-07,9.989590581531248e-05,0.00010402383580768076,0.00041279299923682847,0.09989590581531249,0.10402383580768078
2015,BOTH_LONG,242,35895,35725,148.32644628099175,0.0008481551179968621,0.0008484838890933292,0.000367752481474918,0.08899610051693015,0.09267362533167933,0.00036397259383829874,0.08808136770886829,0.09172109364725128,3.779887636619181e-06,0.0009147328080618419,0.0009525316844280336,3.8097928597197196e-06,0.0009219698720521721,0.0009600678006493694,0.00380979285971972,0.9219698720521723,0.9600678006493695,0.0003762859839514109,0.09106120811624144,0.09482406795575554,0.00037243624043858904,0.09012957018613854,0.09385393259052444,3.8497435128218795e-06,0.0009316379301028948,0.0009701353652311136,3.909223404932318e-06,0.0009460320639936208,0.000985124298042944,0.003909223404932318,0.9460320639936209,0.985124298042944,0.0003659334796547531,0.08855590207645025,0.09221523687299779,0.00036378474299077234,0.08803590780376691,0.09167375523367463,2.1487366639806896e-06,0.0005199942726833268,0.0005414816393231338,2.1564096292209997e-06,0.0005218511302714819,0.000543415226563692,0.0021564096292209997,0.5218511302714819,0.5434152265636919
2015,SIZE_ONLY_LONG,242,7375,7335,30.475206611570247,-1.1793528668547425e-05,-2.9742241314735763e-05,-2.2598352791996733e-06,-0.000546880137566321,-0.0005694784903583176,-3.993628875497863e-06,-0.000966458187870483,-0.0010063944766254614,1.733793596298195e-06,0.0004195780503041632,0.00043691598626714517,1.7634154637952627e-06,0.00042674654223845356,0.0004443806968764062,0.0017634154637952626,0.42674654223845354,0.4443806968764062,0.0,0.0,0.0,-1.3821319635844285e-06,-0.0003344759351874317,-0.000348297254823276,1.3821319635844285e-06,0.0003344759351874317,0.000348297254823276,1.3821319635844285e-06,0.0003344759351874317,0.000348297254823276,0.0013821319635844288,0.3344759351874318,0.34829725482327606,-4.079741012477681e-06,-0.0009872973250195987,-0.0010280947351443757,-5.766661405978862e-06,-0.0013955320602468844,-0.0014531986743066732,1.686920393501179e-06,0.00040823473522728535,0.0004251039391622971,1.7461004255544606e-06,0.00042255630298417945,0.00044001730723972407,0.0017461004255544606,0.42255630298417945,0.44001730723972404
2015,ILLIQ_ONLY_LONG,242,7742,7605,31.99173553719008,0.0008425963380331738,0.000805311602966759,0.0,0.0,0.0,-1.3073377667413727e-06,-0.0003163757395514122,-0.00032944911721882595,1.3073377667413727e-06,0.0003163757395514122,0.00032944911721882595,1.3073377667413727e-06,0.0003163757395514122,0.00032944911721882595,0.0013073377667413729,0.31637573955141224,0.32944911721882597,4.8406179839223215e-05,0.011714295521092018,0.01219835731948425,4.726432073972953e-05,0.011437965619014546,0.011910608826411841,1.141859099493668e-06,0.00027632990207746765,0.0002877484930724043,1.186197840959585e-06,0.00028705987751221956,0.0002989218559218154,0.001186197840959585,0.28705987751221956,0.2989218559218154,2.0573576687603762e-05,0.00497880555840011,0.005184541325276148,1.8748804762469528e-05,0.004537210752517626,0.004724698800142321,1.824771925134239e-06,0.00044159480588248587,0.00045984252513382826,1.8764062728942216e-06,0.0004540903180404016,0.0004728543807693438,0.0018764062728942217,0.4540903180404017,0.4728543807693439
2015,BOTH_SHORT,242,37687,37644,155.73140495867767,1.6077014162449935e-05,1.405302258834556e-05,-4.655259226792117e-06,-0.0011265727328836923,-0.0011731253251516134,-7.125498248918837e-06,-0.0017243705762383585,-0.001795625558727547,2.4702390221267817e-06,0.0005977978433546812,0.000622500233575949,2.4702390221267817e-06,0.0005977978433546812,0.000622500233575949,0.0024702390221267813,0.5977978433546811,0.6225002335759489,6.069570607269761e-06,0.001468836086959282,0.0015295317930319797,2.1475945738472207e-06,0.0005197178868710274,0.0005411938326094996,3.921976033422537e-06,0.000949118200088254,0.0009883379604224793,3.921976033422537e-06,0.000949118200088254,0.0009883379604224793,0.003921976033422538,0.9491182000882541,0.9883379604224796,1.2368430682581144e-06,0.00029931602251846365,0.00031168445320104484,-6.864932057122031e-07,-0.00016613135578235315,-0.00017299628783947518,1.9233362739702555e-06,0.00046544737830080183,0.0004846807410405044,1.9233362739702555e-06,0.00046544737830080183,0.0004846807410405044,0.0019233362739702557,0.46544737830080185,0.4846807410405044
2015,SIZE_ONLY_SHORT,242,6017,5910,24.863636363636363,-6.5220224693512405e-06,-5.3268036465581035e-06,2.284022413595856e-06,0.0005527334240901971,0.0005755736482261557,1.2327764412682952e-06,0.00029833189878692747,0.0003106596631996104,1.0512459723275575e-06,0.0002544015253032689,0.00026491398502654446,1.1317609649317023e-06,0.00027388615351347194,0.00028520376316278897,0.0011317609649317024,0.27388615351347195,0.285203763162789,0.0,0.0,0.0,-1.2623420687027408e-06,-0.00030548678062606324,-0.0003181102013130907,1.2623420687027408e-06,0.00030548678062606324,0.0003181102013130907,1.2623420687027408e-06,0.00030548678062606324,0.0003181102013130907,0.0012623420687027408,0.30548678062606327,0.3181102013130907,-1.485898929002731e-06,-0.0003595875408186609,-0.0003744465301086882,-2.7900200728720085e-06,-0.000675184857635026,-0.0007030850583637461,1.304121143869276e-06,0.0003155973168163648,0.0003286385282550575,1.3553917528572945e-06,0.0003280048041914653,0.0003415587217200382,0.0013553917528572948,0.3280048041914653,0.3415587217200383
2015,ILLIQ_ONLY_SHORT,242,5650,5650,23.34710743801653,-0.00029462674086907424,-0.00029748993595815794,0.0,0.0,0.0,-1.2566482696311027e-06,-0.00030410888125072683,-0.00031667536394703786,1.2566482696311027e-06,0.00030410888125072683,0.00031667536394703786,1.2566482696311027e-06,0.00030410888125072683,0.00031667536394703786,0.0012566482696311026,0.3041088812507268,0.3166753639470378,1.573448148459618e-05,0.0038077445192722754,0.003965089334118237,1.4822348917322602e-05,0.0035870084379920697,0.003735231927165296,9.121325672735886e-07,0.00022073608128020844,0.00022985740695294433,9.121325672735886e-07,0.00022073608128020844,0.00022985740695294433,0.0009121325672735886,0.22073608128020844,0.22985740695294435,8.239296910579566e-06,0.001993909852360255,0.0020763028214660505,6.819631411483512e-06,0.00165035080157901,0.001718547115693845,1.4196654990960527e-06,0.0003435590507812448,0.0003577557057722053,1.4196654990960527e-06,0.0003435590507812448,0.0003577557057722053,0.001419665499096053,0.3435590507812448,0.35775570577220533
2015,SIGNAL_DISAGREEMENT,242,3335,3316,13.78099173553719,0.0001490716653083982,2.5509127346149036e-05,7.036240464946235e-06,0.0017027701925169888,0.0017731325971664512,6.1122787118031535e-06,0.001479171448256363,0.0015402942353743947,9.239617531430756e-07,0.0002235987442606243,0.00023283836179205505,9.458640616352381e-07,0.0002288991029157276,0.00023835774353208,0.0009458640616352383,0.22889910291572765,0.23835774353208006,-5.380151581064505e-06,-0.0013019966826176101,-0.0013557981984282552,-6.068970963449098e-06,-0.0014686909731546818,-0.0015293806827891727,6.888193823845955e-07,0.0001666942905370721,0.00017358248436091808,7.034725534125911e-07,0.00017024035792584705,0.00017727508345997297,0.000703472553412591,0.17024035792584705,0.17727508345997295,5.109145503632747e-06,0.0012364132118791247,0.0012875046669154522,4.598198268189959e-06,0.0011127639809019702,0.0011587459635838697,5.109472354427876e-07,0.0001236492309771546,0.00012875870333158248,5.255539376408847e-07,0.0001271840529090941,0.00013243959228550293,0.0005255539376408847,0.1271840529090941,0.13243959228550295
2015,OTHER,242,9113,8938,37.65702479338843,0.000593682408810011,0.0005939560161149398,0.0,0.0,0.0,-1.8175204240225306e-06,-0.0004398399426134524,-0.0004580151468536777,1.8175204240225306e-06,0.0004398399426134524,0.0004580151468536777,1.8175204240225306e-06,0.0004398399426134524,0.0004580151468536777,0.001817520424022531,0.4398399426134525,0.45801514685367783,0.0,0.0,0.0,-1.580632801398719e-06,-0.00038251313793849,-0.0003983194659524772,1.580632801398719e-06,0.00038251313793849,0.0003983194659524772,1.580632801398719e-06,0.00038251313793849,0.0003983194659524772,0.0015806328013987193,0.38251313793849007,0.39831946595247725,7.95154317882495e-07,0.00019242734492756379,0.00020037888810638872,4.165430898656793e-08,1.008034277474944e-05,1.0496885864615119e-05,7.535000088959271e-07,0.00018234700215281435,0.00018988200224177363,7.535000088959271e-07,0.00018234700215281435,0.00018988200224177363,0.0007535000088959271,0.18234700215281435,0.18988200224177362
2016 partial,BOTH_LONG,59,9019,8971,152.864406779661,0.0008345500720144774,0.0008268425012854394,0.00036076916565957757,0.021285380773915077,0.09091382974621355,0.00035640021037852817,0.021027612412333162,0.0898128530153891,4.368955281049507e-06,0.00025776836158192094,0.0011009767308244758,4.488652686009768e-06,0.0002648305084745763,0.0011311404768744617,0.004488652686009767,0.2648305084745763,1.1311404768744613,0.0003430425586621349,0.020239510961065958,0.08644672478285799,0.0003395114852158073,0.02003117762773263,0.08555689427438344,3.5310734463276836e-06,0.00020833333333333332,0.0008898305084745762,3.5909221488078137e-06,0.000211864406779661,0.000904912381499569,0.003590922148807814,0.21186440677966104,0.9049123814995691,0.00036268440347219765,0.02139837980485966,0.0913964696749938,0.0003598415901043915,0.0212306538161591,0.09068008070630666,2.842813367806186e-06,0.00016772598870056497,0.0007163889686871589,2.872737719046251e-06,0.00016949152542372882,0.0007239299051996553,0.0028727377190462516,0.16949152542372883,0.7239299051996554
2016 partial,SIZE_ONLY_LONG,59,1614,1613,27.35593220338983,0.0009822417644881393,0.0010132420748070825,5.439735748676416e-05,0.003209444091719085,0.013708134086664568,5.236250160243972e-05,0.0030893875945439435,0.01319535040381481,2.0348558843244274e-06,0.00012005649717514123,0.0005127836828497557,2.094704586804558e-06,0.00012358757062146892,0.0005278655558747487,0.0020947045868045583,0.12358757062146893,0.5278655558747487,0.0,0.0,0.0,-1.4363688595231256e-06,-8.474576271186441e-05,-0.0003619649525998276,1.4363688595231256e-06,8.474576271186441e-05,0.0003619649525998276,1.4363688595231256e-06,8.474576271186441e-05,0.0003619649525998276,0.0014363688595231256,0.0847457627118644,0.36196495259982764,3.288238975793008e-05,0.0019400609957178749,0.00828636221899838,3.132632349344668e-05,0.001848253086113354,0.007894233520348563,1.556066264483386e-06,9.180790960451978e-05,0.0003921286986498133,1.6159149669635162e-06,9.533898305084746e-05,0.0004072105716748061,0.0016159149669635162,0.09533898305084745,0.40721057167480607
2016 partial,ILLIQ_ONLY_LONG,59,1796,1770,30.440677966101696,0.00027986628002272667,0.0002990280334315561,0.0,0.0,0.0,-1.316671454562865e-06,-7.768361581920904e-05,-0.000331801206549842,1.316671454562865e-06,7.768361581920904e-05,0.000331801206549842,1.3465958058029304e-06,7.944915254237289e-05,0.00033934214306233847,0.0013465958058029304,0.07944915254237289,0.33934214306233845,1.1405879510245954e-05,0.0006729468911045113,0.0028742816365819805,9.90966194824271e-06,0.0005846700549463199,0.0024972348109571626,1.4962175620032557e-06,8.827683615819209e-05,0.00037704682562482043,1.4962175620032557e-06,8.827683615819209e-05,0.00037704682562482043,0.0014962175620032558,0.0882768361581921,0.37704682562482045,-1.1578401457653248e-05,-0.0006831256860015416,-0.0029177571673286184,-1.3044694668416439e-05,-0.0007696369854365699,-0.0032872630564409425,1.4662932107631906e-06,8.651129943502824e-05,0.00036950588911232403,1.4962175620032557e-06,8.827683615819209e-05,0.00037704682562482043,0.0014962175620032558,0.0882768361581921,0.37704682562482045
2016 partial,BOTH_SHORT,59,9045,8893,153.3050847457627,0.00011445373047391485,0.00012925965243665465,-5.778323764250953e-05,-0.0034092110209080623,-0.014561375885912402,-6.071582406403585e-05,-0.0035822336197781153,-0.015300387664137034,2.9325864215263817e-06,0.00017302259887005652,0.0007390117782246482,2.9325864215263817e-06,0.00017302259887005652,0.0007390117782246482,0.002932586421526381,0.1730225988700565,0.739011778224648,-5.253339100695398e-05,-0.003099470069410285,-0.013238414533752404,-5.600461575080137e-05,-0.003304272329297281,-0.014113163169201946,3.471224743847553e-06,0.00020480225988700563,0.0008747486354495833,3.7405439050081395e-06,0.00022069209039548023,0.0009426170640620511,0.00374054390500814,0.22069209039548024,0.9426170640620513,-5.757312477712324e-05,-0.003396814361850271,-0.014508427443835056,-5.865040142176574e-05,-0.0034603736838841785,-0.014779901158284967,1.077276644642344e-06,6.35593220338983e-05,0.00027147371444987073,1.077276644642344e-06,6.35593220338983e-05,0.00027147371444987073,0.0010772766446423441,0.0635593220338983,0.27147371444987073
2016 partial,SIZE_ONLY_SHORT,59,1770,1757,30.0,0.00028402879592747765,0.00024964540161817925,-1.470045717565375e-05,-0.0008673269733635712,-0.003704515208264745,-1.6076977332696746e-05,-0.0009485416626291081,-0.00405139828783958,1.3765201570429952e-06,8.121468926553672e-05,0.0003468830795748348,1.3765201570429952e-06,8.121468926553672e-05,0.0003468830795748348,0.0013765201570429954,0.08121468926553672,0.34688307957483483,0.0,0.0,0.0,-1.4662932107631909e-06,-8.651129943502826e-05,-0.0003695058891123241,1.4662932107631909e-06,8.651129943502826e-05,0.0003695058891123241,1.5560662644833863e-06,9.18079096045198e-05,0.00039212869864981335,0.0015560662644833862,0.09180790960451979,0.3921286986498133,-6.3875314273391105e-06,-0.00037686435421300753,-0.001609657919689456,-7.76405158438211e-06,-0.00045807904347854446,-0.0019565409992642916,1.3765201570429954e-06,8.121468926553673e-05,0.00034688307957483487,1.3765201570429954e-06,8.121468926553673e-05,0.00034688307957483487,0.0013765201570429956,0.08121468926553674,0.3468830795748349
2016 partial,ILLIQ_ONLY_SHORT,59,1588,1588,26.915254237288135,8.441024118512622e-05,5.878841945560991e-05,0.0,0.0,0.0,-1.4064445082830605e-06,-8.298022598870057e-05,-0.0003544240160873312,1.4064445082830605e-06,8.298022598870057e-05,0.0003544240160873312,1.4064445082830605e-06,8.298022598870057e-05,0.0003544240160873312,0.0014064445082830606,0.08298022598870057,0.35442401608733126,7.197680035256776e-06,0.0004246631220801498,0.0018138153688847076,6.389722551775012e-06,0.0003769936305547257,0.001610210083047303,8.079574834817579e-07,4.7669491525423716e-05,0.000203605285837403,8.079574834817579e-07,4.7669491525423716e-05,0.000203605285837403,0.000807957483481758,0.04766949152542372,0.203605285837403,1.9689750969911237e-05,0.001161695307224763,0.004961817244417631,1.7146181114505705e-05,0.0010116246857558367,0.004320837640855437,2.543569855405535e-06,0.00015007062146892656,0.0006409796035621948,2.543569855405535e-06,0.00015007062146892656,0.0006409796035621948,0.002543569855405535,0.15007062146892655,0.6409796035621947
2016 partial,SIGNAL_DISAGREEMENT,59,854,829,14.474576271186441,0.0015641899227696445,0.0016145371052812818,-2.5406967413016534e-05,-0.0014990110773679755,-0.006402555788080166,-2.6603941462619133e-05,-0.0015696325462945288,-0.006704193248580022,1.1969740496026048e-06,7.062146892655369e-05,0.0003016374604998564,1.2268984008426699e-06,7.238700564971752e-05,0.0003091783970123528,0.0012268984008426697,0.07238700564971752,0.3091783970123528,2.4552176372686704e-05,0.0014485784059885154,0.006187148445917049,2.4103311104085726e-05,0.0014220953551410578,0.006074034398229603,4.4886526860097666e-07,2.6483050847457623e-05,0.00011311404768744612,4.4886526860097666e-07,2.6483050847457623e-05,0.00011311404768744612,0.0004488652686009767,0.026483050847457626,0.11311404768744612,-1.608256609890893e-05,-0.0009488713998356267,-0.00405280665692505,-1.686059923115062e-05,-0.0009947753546378866,-0.004248871006249956,7.780331322416929e-07,4.5903954802259884e-05,0.00019606434932490662,7.780331322416929e-07,4.5903954802259884e-05,0.00019606434932490662,0.0007780331322416929,0.04590395480225988,0.1960643493249066
2016 partial,OTHER,59,2162,2137,36.644067796610166,0.0013585605124166189,0.0013730703108590905,0.0,0.0,0.0,-2.3041750454850135e-06,-0.0001359463276836158,-0.0005806521114622234,2.3041750454850135e-06,0.0001359463276836158,0.0005806521114622234,2.3041750454850135e-06,0.0001359463276836158,0.0005806521114622234,0.0023041750454850136,0.1359463276836158,0.5806521114622234,0.0,0.0,0.0,-1.8852341281241025e-06,-0.00011122881355932204,-0.00047507900028727384,1.8852341281241025e-06,0.00011122881355932204,0.00047507900028727384,1.8852341281241025e-06,0.00011122881355932204,0.00047507900028727384,0.0018852341281241024,0.11122881355932204,0.4750790002872738,-7.902166336070207e-06,-0.0004662278138281422,-0.0019913459166896923,-8.769972522032093e-06,-0.0005174283787998935,-0.0022100330755520873,8.678061859618883e-07,5.120056497175141e-05,0.00021868715886239583,8.678061859618883e-07,5.120056497175141e-05,0.00021868715886239583,0.0008678061859618883,0.05120056497175141,0.21868715886239584
