variant,model_year,nonzero_count,positive_count,negative_count,pair_correlation,sign_agreement
raw,2011,0.0,0.0,0.0,,
raw,2012,0.0,0.0,0.0,,
raw,2013,0.0,0.0,0.0,,
raw,2014,0.0,0.0,0.0,,
raw,2015,0.0,0.0,0.0,,
raw,2016,0.0,0.0,0.0,,
raw,2011-2012,,,,,1.0
raw,2011-2013,,,,,1.0
raw,2011-2014,,,,,1.0
raw,2011-2015,,,,,1.0
raw,2011-2016,,,,,1.0
raw,2012-2013,,,,,1.0
raw,2012-2014,,,,,1.0
raw,2012-2015,,,,,1.0
raw,2012-2016,,,,,1.0
raw,2013-2014,,,,,1.0
raw,2013-2015,,,,,1.0
raw,2013-2016,,,,,1.0
raw,2014-2015,,,,,1.0
raw,2014-2016,,,,,1.0
raw,2015-2016,,,,,1.0
res,2011,0.0,0.0,0.0,,
res,2012,0.0,0.0,0.0,,
res,2013,0.0,0.0,0.0,,
res,2014,0.0,0.0,0.0,,
res,2015,0.0,0.0,0.0,,
res,2016,0.0,0.0,0.0,,
res,2011-2012,,,,,1.0
res,2011-2013,,,,,1.0
res,2011-2014,,,,,1.0
res,2011-2015,,,,,1.0
res,2011-2016,,,,,1.0
res,2012-2013,,,,,1.0
res,2012-2014,,,,,1.0
res,2012-2015,,,,,1.0
res,2012-2016,,,,,1.0
res,2013-2014,,,,,1.0
res,2013-2015,,,,,1.0
res,2013-2016,,,,,1.0
res,2014-2015,,,,,1.0
res,2014-2016,,,,,1.0
res,2015-2016,,,,,1.0
