control,source,scope,row_count,short_removed_count,direct_veto_count,annual_gross,annual_net,annual_short_gross,annual_short_cost,annual_delta_gross,annual_delta_net,annual_delta_short_gross,annual_delta_short_cost,annual_short_net,annual_delta_short_net,turnover,short_turnover,delta_turnover,delta_short_turnover
BASELINE,SECTOR33,POOLED,547831,38895,135420,0.037430847682252764,0.013081653850509457,-0.018351229707107137,0.01665283117346696,0.005482445415021535,-0.0036759043928226882,0.005482445415021535,0.009158349807844225,-0.0350040608805741,-0.0036759043928226882,0.09710734737700981,0.066566225717183,0.03682324266067436,0.03682324266067436
BASELINE,SECTOR33,EX2016,521635,36974,127289,0.03662639940230365,0.012438584309851446,-0.01711606172614835,0.01649561949464836,0.004539909685145558,-0.00447482484729035,0.004539909685145558,0.009014734532435911,-0.03361168122079671,-0.00447482484729035,0.09641782178907732,0.0658932360835065,0.03620406253460306,0.03620406253460306
BASELINE,SECTOR33,2011,101541,7359,28532,0.048479588150024136,0.02328118899145681,-0.034283320102776245,0.0171708746537375,0.005454463643497061,-0.003998309584444064,0.005454463643497061,0.009452773227941124,-0.05145419475651377,-0.003998309584444064,0.10058750126607637,0.06873224529452943,0.03808923527826844,0.03808923527826844
BASELINE,SECTOR33,2012,103522,7072,20055,0.03617960965383193,0.010837218438184318,0.011719401400130981,0.017390736321064137,-0.008047790713590592,-0.017838635857893477,-0.008047790713590592,0.009790845144302887,-0.005671334920933156,-0.017838635857893477,0.1008794813089848,0.06932529521936782,0.03916699689888666,0.03916699689888666
BASELINE,SECTOR33,2013,103981,7618,21472,0.03735458425211548,0.01420975518657285,-0.011898028818877169,0.015498475040900284,0.012472570381864254,0.004506756920204071,0.012472570381864254,0.007965813461660184,-0.02739650385977745,0.004506756920204071,0.09242033922410285,0.06207766452314127,0.032186150319807524,0.032186150319807524
BASELINE,SECTOR33,2014,105638,7570,30899,0.03647755024994937,0.011652618505573857,-0.020620124289425487,0.017622564950353876,-0.00400936427938338,-0.01432307931258684,-0.00400936427938338,0.010313715033203465,-0.038242689239779366,-0.01432307931258684,0.09875823711623533,0.07017741650503832,0.041174043817933555,0.041174043817933555
BASELINE,SECTOR33,2015,106953,7355,26331,0.0245960605130203,0.0021864862453550922,-0.03092547908027217,0.01478198130879343,0.017001171818711837,0.009460949990880428,0.017001171818711837,0.007540221827831403,-0.04570746038906559,0.009460949990880428,0.08936909203415393,0.059100866006885015,0.03036372520941665,0.03036372520941665
BASELINE,SECTOR33,2016,26196,1921,8131,0.054010663079170095,0.026335426078308268,-0.043808251145173234,0.019892990519965525,0.02490826655958406,0.012789981584002342,0.02490826655958406,0.01211828497558173,-0.06370124166513876,0.012789981584002338,0.11131858661304223,0.08043665613329502,0.0495846500047879,0.0495846500047879
BASELINE,SECTOR17_FALLBACK,POOLED,24761,4234,7279,-0.0023961140436907437,-0.0036387255863498257,-0.0013081848167522247,0.0009355800864686266,-0.0025695565188289787,-0.003131528302964845,-0.0025695565188289787,0.000561971784135866,-0.002243764903220851,-0.003131528302964845,0.004942408469570887,0.003724029675164314,0.0022414570468597093,0.0022414570468597093
BASELINE,SECTOR17_FALLBACK,EX2016,23345,3906,6779,-0.002003247585772648,-0.0032263875458603134,-0.0010134010316637696,0.0009195056311970677,-0.0024693616033135374,-0.0030143281156577123,-0.0024693616033135374,0.0005449665123441755,-0.0019329066628608375,-0.0030143281156577123,0.004865693908760825,0.003660795778242578,0.0021745294335882436,0.0021745294335882436
BASELINE,SECTOR17_FALLBACK,2011,4374,945,1354,-0.0028159221702651945,-0.0037983703558756333,-0.003374593742733325,0.000702733110519013,-0.006684856267751361,-0.0070309346862875936,-0.006684856267751361,0.0003460784185362323,-0.004077326853252338,-0.0070309346862875936,0.0038986039111525367,0.002788623454440528,0.0013733270576834612,0.0013733270576834612
BASELINE,SECTOR17_FALLBACK,2012,4496,721,1209,-0.0030188965791735412,-0.004579344045215282,-0.001014907746093399,0.0012204102754947883,-0.0021406651509680652,-0.0029533098305804984,-0.0021406651509680652,0.0008126446796124325,-0.0022353180215881857,-0.0029533098305804984,0.0061922518493719905,0.004842897918630111,0.0032247804746525096,0.0032247804746525096
BASELINE,SECTOR17_FALLBACK,2013,4617,406,894,-0.005758591648963738,-0.006927749125384495,-0.0029968740618062143,0.0008209318911258391,-0.0011421034718504237,-0.0016113394059136224,-0.0011421034718504237,0.00046923593406319813,-0.0038178059529320523,-0.0016113394059136224,0.004639513795320459,0.003257666234626346,0.0018620473573936432,0.0018620473573936432
BASELINE,SECTOR17_FALLBACK,2014,4782,878,1702,0.0010486177042003345,-0.0001662492804679701,0.00044792419780067643,0.0009576474928246184,-9.293097253793851e-05,-0.0006778280151957982,-9.293097253793851e-05,0.0005848970426578596,-0.0005097232950239418,-0.0006778280151957982,0.004881016900703874,0.003860304631482897,0.002381136178440204,0.002381136178440204
BASELINE,SECTOR17_FALLBACK,2015,5076,956,1620,0.000564218462121082,-0.000620203557122816,0.0018894242631040368,0.0008921348392589249,-0.0022797502909657126,-0.002788437133201231,-0.0022797502909657126,0.000508686842235518,0.0009972894238451117,-0.002788437133201231,0.004700087377951977,0.0035402176161068444,0.0020185985802996746,0.0020185985802996746
BASELINE,SECTOR17_FALLBACK,2016,1416,328,500,-0.010493158328917942,-0.012137082488642162,-0.007383728590778703,0.0012668773340993966,-0.004634590709791303,-0.005547044027803367,-0.004634590709791303,0.0009124533180120655,-0.008650605924878098,-0.005547044027803368,0.006523508570334195,0.005027291008330939,0.0036208465000478786,0.0036208465000478786
BASELINE,UNAVAILABLE,POOLED,3943,0,0,0.00027025061928204577,0.00013125107633948498,0.0005212149626573545,9.002268124258193e-05,0.0002836013215025185,0.00025379478174176746,0.0002836013215025185,2.9806539760750932e-05,0.0004311922814147725,0.00025379478174176746,0.0005557870332785535,0.00036143440748498737,0.0001224814650967692,0.0001224814650967692
BASELINE,UNAVAILABLE,EX2016,3707,0,0,0.0003197148534460676,0.00018494761691264115,0.0004733282453717122,8.707287294370573e-05,0.00022935727690761383,0.0002010316057225323,0.00022935727690761383,2.8325671185081527e-05,0.00038625537242800663,0.0002010316057225323,0.0005391960244533228,0.0003499326768750675,0.00011680886037259048,0.00011680886037259048
BASELINE,UNAVAILABLE,2011,729,0,0,-0.0004886237006614415,-0.000650130895894565,-0.0011636807198927312,9.058069417333416e-05,0.00025030984823188663,0.00022666915897160404,0.00025030984823188663,2.3640689260282703e-05,-0.0012542614140660653,0.00022666915897160404,0.0006409015683854097,0.0003594471991005323,9.38122589693758e-05,9.38122589693758e-05
BASELINE,UNAVAILABLE,2012,738,0,0,0.0002313232250333792,9.417478687059724e-05,0.0012631266946409583,8.502345706131035e-05,0.0003749451495436464,0.0003556490073117362,0.0003749451495436464,1.929614223191016e-05,0.0011781032375796478,0.00035564900731173627,0.0005442398339792941,0.00033739467087821575,7.657199298377048e-05,7.657199298377048e-05
BASELINE,UNAVAILABLE,2013,729,0,0,0.0002265691455326577,0.0001038704278364464,0.0005420325657116617,8.067549418810566e-05,-0.0005237605529699895,-0.0005600607243597624,-0.0005237605529699895,3.630017138977286e-05,0.0004613570715235564,-0.0005600607243597624,0.0004868996733976632,0.00032014084995280026,0.00014404829916576535,0.00014404829916576535
BASELINE,UNAVAILABLE,2014,726,0,0,0.0019157003521700004,0.00176606547621298,0.0016464476647054182,0.00011551374123584328,0.0007847254039681257,0.0007317236533744549,0.0007847254039681257,5.300175059367077e-05,0.001530933923469575,0.0007317236533744549,0.0005937891903056373,0.00045838786204699714,0.00021032440711774114,0.00021032440711774114
BASELINE,UNAVAILABLE,2015,785,0,0,-0.0002812085946142109,-0.00038395556574303077,7.214109957692175e-05,6.361679302297466e-05,0.00026118560092146275,0.00025166034310998586,0.00026118560092146275,9.525257811476895e-06,8.524306553947176e-06,0.00025166034310998586,0.0004298623172276164,0.00027458383268061094,5.993488342863563e-05,5.993488342863563e-05
BASELINE,UNAVAILABLE,2016,236,0,0,-0.0007492156306069448,-0.0009754437259818379,0.0015081683223071983,0.00015081873024992817,0.0014015802745093657,0.0013412527824093942,0.0014015802745093657,6.032749209997128e-05,0.001357349592057269,0.001341252782409394,0.0008977305372019534,0.0005984870248013024,0.00023939480992052093,0.00023939480992052093
BASELINE_SECTOR33_VETO,SECTOR33,POOLED,547831,0,135420,0.037430847682252764,0.013081653850509457,-0.018351229707107137,0.01665283117346696,-0.0011647665547838166,-0.0014816480637803281,-0.0011647665547838166,0.0003168815089965119,-0.0350040608805741,-0.0014816480637803284,0.09710734737700981,0.066566225717183,0.001255755190596459,0.001255755190596459
BASELINE_SECTOR33_VETO,SECTOR33,EX2016,521635,0,127289,0.03662639940230365,0.012438584309851446,-0.01711606172614835,0.01649561949464836,-0.0007854580654621573,-0.0010836873461582796,-0.0007854580654621573,0.0002982292806961224,-0.03361168122079671,-0.0010836873461582796,0.09641782178907732,0.0658932360835065,0.0011845592320744868,0.0011845592320744868
BASELINE_SECTOR33_VETO,SECTOR33,2011,101541,0,28532,0.048479588150024136,0.02328118899145681,-0.034283320102776245,0.0171708746537375,-0.0006096262642861505,-0.0007001495912740905,-0.0006096262642861505,9.052332698794087e-05,-0.05145419475651377,-0.0007001495912740908,0.10058750126607637,0.06873224529452943,0.00044507787233661613,0.00044507787233661613
BASELINE_SECTOR33_VETO,SECTOR33,2012,103522,0,20055,0.03617960965383193,0.010837218438184318,0.011719401400130981,0.017390736321064137,0.0002575783756541563,-4.967410796042047e-05,0.0002575783756541563,0.00030725248361457725,-0.005671334920933156,-4.967410796042091e-05,0.1008794813089848,0.06932529521936782,0.0012268504754691543,0.0012268504754691543
BASELINE_SECTOR33_VETO,SECTOR33,2013,103981,0,21472,0.03735458425211548,0.01420975518657285,-0.011898028818877169,0.015498475040900284,-0.0003423223178250393,-0.0006105870387477613,-0.0003423223178250393,0.0002682647209227223,-0.02739650385977745,-0.0006105870387477617,0.09242033922410285,0.06207766452314127,0.0010950230451464305,0.0010950230451464305
BASELINE_SECTOR33_VETO,SECTOR33,2014,105638,0,30899,0.03647755024994937,0.011652618505573857,-0.020620124289425487,0.017622564950353876,-0.0013933158040737525,-0.0016700391637053294,-0.0013933158040737525,0.00027672335963157727,-0.038242689239779366,-0.0016700391637053298,0.09875823711623533,0.07017741650503832,0.0010158407575696173,0.0010158407575696173
BASELINE_SECTOR33_VETO,SECTOR33,2015,106953,0,26331,0.0245960605130203,0.0021864862453550922,-0.03092547908027217,0.01478198130879343,-0.0018594023056778476,-0.0024086177837115905,-0.0018594023056778476,0.0005492154780337435,-0.04570746038906559,-0.002408617783711591,0.08936909203415393,0.059100866006885015,0.0021427306733757686,0.0021427306733757686
BASELINE_SECTOR33_VETO,SECTOR33,2016,26196,0,8131,0.054010663079170095,0.026335426078308268,-0.043808251145173234,0.019892990519965525,-0.008982378809277675,-0.009683685904939841,-0.008982378809277675,0.000701307095662166,-0.06370124166513876,-0.009683685904939841,0.11131858661304223,0.08043665613329502,0.002723115962845925,0.002723115962845925
BASELINE_SECTOR33_VETO,SECTOR17_FALLBACK,POOLED,24761,4978,7279,-0.0023961140436907437,-0.0036387255863498257,-0.0013081848167522247,0.0009355800864686266,-0.002575049078489847,-0.0029601391741306445,-0.002575049078489847,0.000385090095640797,-0.002243764903220851,-0.0029601391741306445,0.004942408469570887,0.003724029675164314,0.0015309832076618572,0.0015309832076618572
BASELINE_SECTOR33_VETO,SECTOR17_FALLBACK,EX2016,23345,4604,6779,-0.002003247585772648,-0.0032263875458603134,-0.0010134010316637696,0.0009195056311970677,-0.0028278962050355674,-0.003196545882284939,-0.0028278962050355674,0.00036864967724937217,-0.0019329066628608375,-0.003196545882284939,0.004865693908760825,0.003660795778242578,0.001465881631862779,0.001465881631862779
BASELINE_SECTOR33_VETO,SECTOR17_FALLBACK,2011,4374,1060,1354,-0.0028159221702651945,-0.0037983703558756333,-0.003374593742733325,0.000702733110519013,-0.006511189864436437,-0.006681886870293955,-0.006511189864436437,0.00017069700585751663,-0.004077326853252338,-0.006681886870293955,0.0038986039111525367,0.002788623454440528,0.0006773690708631612,0.0006773690708631612
BASELINE_SECTOR33_VETO,SECTOR17_FALLBACK,2012,4496,903,1209,-0.0030188965791735412,-0.004579344045215282,-0.001014907746093399,0.0012204102754947883,-0.0016987923026202823,-0.0023123805381111582,-0.0016987923026202823,0.0006135882354908752,-0.0022353180215881857,-0.002312380538111158,0.0061922518493719905,0.004842897918630111,0.0024348739503606163,0.0024348739503606163
BASELINE_SECTOR33_VETO,SECTOR17_FALLBACK,2013,4617,574,894,-0.005758591648963738,-0.006927749125384495,-0.0029968740618062143,0.0008209318911258391,-0.0002170414383884323,-0.00040014377401101603,-0.0002170414383884323,0.00018310233562258412,-0.0038178059529320523,-0.00040014377401101603,0.004639513795320459,0.003257666234626346,0.0007265965699308894,0.0007265965699308894
BASELINE_SECTOR33_VETO,SECTOR17_FALLBACK,2014,4782,1017,1702,0.0010486177042003345,-0.0001662492804679701,0.00044792419780067643,0.0009576474928246184,-0.0023586457220789014,-0.002824414570102261,-0.0023586457220789014,0.0004657688480233592,-0.0005097232950239418,-0.002824414570102261,0.004881016900703874,0.003860304631482897,0.0018632935507902314,0.0018632935507902314
BASELINE_SECTOR33_VETO,SECTOR17_FALLBACK,2015,5076,1050,1620,0.000564218462121082,-0.000620203557122816,0.0018894242631040368,0.0008921348392589249,-0.003368043006401332,-0.003775671107240852,-0.003368043006401332,0.0004076281008395197,0.0009972894238451117,-0.003775671107240852,0.004700087377951977,0.0035402176161068444,0.001617571828728253,0.001617571828728253
BASELINE_SECTOR33_VETO,SECTOR17_FALLBACK,2016,1416,374,500,-0.010493158328917942,-0.012137082488642162,-0.007383728590778703,0.0012668773340993966,0.00263617305506262,0.0019122431498629655,0.00263617305506262,0.0007239299051996551,-0.008650605924878098,0.0019122431498629655,0.006523508570334195,0.005027291008330939,0.002872737719046251,0.002872737719046251
BASELINE_SECTOR33_VETO,UNAVAILABLE,POOLED,3943,0,0,0.00027025061928204577,0.00013125107633948498,0.0005212149626573545,9.002268124258193e-05,3.2823633617380207e-06,4.36351154608651e-06,3.2823633617380207e-06,-1.081148184348489e-06,0.0004311922814147725,4.363511546086505e-06,0.0005557870332785535,0.00036143440748498737,-4.290270572811464e-06,-4.290270572811464e-06
BASELINE_SECTOR33_VETO,UNAVAILABLE,EX2016,3707,0,0,0.0003197148534460676,0.00018494761691264115,0.0004733282453717122,8.707287294370573e-05,2.0305987450836738e-05,2.1073708405447787e-05,2.0305987450836738e-05,-7.677209546110491e-07,0.00038625537242800663,2.1073708405447797e-05,0.0005391960244533228,0.0003499326768750675,-3.04651172464702e-06,-3.04651172464702e-06
BASELINE_SECTOR33_VETO,UNAVAILABLE,2011,729,0,0,-0.0004886237006614415,-0.000650130895894565,-0.0011636807198927312,9.058069417333416e-05,-9.093769560924509e-05,-9.093769560924509e-05,-9.093769560924509e-05,0.0,-0.0012542614140660653,-9.093769560924509e-05,0.0006409015683854097,0.0003594471991005323,0.0,0.0
BASELINE_SECTOR33_VETO,UNAVAILABLE,2012,738,0,0,0.0002313232250333792,9.417478687059724e-05,0.0012631266946409583,8.502345706131035e-05,-0.00017900989164564118,-0.00017515590276715197,-0.00017900989164564118,-3.8539888784892365e-06,0.0011781032375796478,-0.00017515590276715194,0.0005442398339792941,0.00033739467087821575,-1.5293606660671572e-05,-1.5293606660671572e-05
BASELINE_SECTOR33_VETO,UNAVAILABLE,2013,729,0,0,0.0002265691455326577,0.0001038704278364464,0.0005420325657116617,8.067549418810566e-05,8.738661404740118e-05,9.136434169291252e-05,8.738661404740118e-05,-3.977727645511338e-06,0.0004613570715235564,9.136434169291252e-05,0.0004868996733976632,0.00032014084995280026,-1.578463351393388e-05,-1.578463351393388e-05
BASELINE_SECTOR33_VETO,UNAVAILABLE,2014,726,0,0,0.0019157003521700004,0.00176606547621298,0.0016464476647054182,0.00011551374123584328,1.5071274506729744e-06,-1.3617379652443742e-05,1.5071274506729744e-06,1.5124507103116732e-05,0.001530933923469575,-1.3617379652443745e-05,0.0005937891903056373,0.00045838786204699714,6.00178853298283e-05,6.00178853298283e-05
BASELINE_SECTOR33_VETO,UNAVAILABLE,2015,785,0,0,-0.0002812085946142109,-0.00038395556574303077,7.214109957692175e-05,6.361679302297466e-05,0.00028606075232029095,0.00029713104288968633,0.00028606075232029095,-1.107029056939536e-05,8.524306553947176e-06,0.00029713104288968633,0.0004298623172276164,0.00027458383268061094,-4.392972448172762e-05,-4.392972448172762e-05
BASELINE_SECTOR33_VETO,UNAVAILABLE,2016,236,0,0,-0.0007492156306069448,-0.0009754437259818379,0.0015081683223071983,0.00015081873024992817,-0.0003475774144746018,-0.00034003647796210544,-0.0003475774144746018,-7.54093651249641e-06,0.001357349592057269,-0.0003400364779621054,0.0008977305372019534,0.0005984870248013024,-2.9924351240065116e-05,-2.9924351240065116e-05
