strategy,scope,annual_long,annual_short,annual_long_gross,annual_long_net,annual_long_cost,long_turnover,long_gross_sharpe,long_net_sharpe,annual_short_gross,annual_short_net,annual_short_cost,short_turnover,short_gross_sharpe,short_net_sharpe
BASELINE,ALL_TRAIN,0.04293434938126361,-0.03882491161850796,0.04293434938126361,0.03482863812994225,0.008105711251321363,0.032168738417759246,0.7598593267768432,0.6162700463838006,-0.03882491161850796,-0.04689450230447561,0.008069590685967647,0.03203180416870102,-0.7324001063329073,-0.8849950768928709
BASELINE,POOLED,0.05444318381904607,-0.02233468977889709,0.05444318381904607,0.04639081284287928,0.00805237097616679,0.03195385308002695,0.9909385775354654,0.8443758351432017,-0.02233468977889709,-0.03026299558833442,0.007928305809437326,0.03146450862720146,-0.42706731510471846,-0.5786709735463513
BASELINE,EX2016,0.05259900118241747,-0.01995603987118004,0.05259900118241747,0.04455547689213331,0.008043524290284161,0.03191874718366731,0.9921152062717933,0.8403655934326878,-0.01995603987118004,-0.027870211154004003,0.007914171282823968,0.031408563710060254,-0.40497485482321144,-0.5655798596398472
BASELINE,2011,0.0839966368444998,-0.03784151178937989,0.0839966368444998,0.07561847076351874,0.008378166080981046,0.033246690797543825,1.3113947952029392,1.1807539014213302,-0.03784151178937989,-0.04598320791207209,0.008141696122692206,0.032323941353149206,-0.605899821838471,-0.736285728015456
BASELINE,2012,0.02142441595101322,0.021781131063693556,0.02142441595101322,0.01308059888478131,0.008343817066231898,0.03311038518345992,0.4943315950675243,0.3018094179184066,0.021781131063693556,0.013707746976220557,0.008073384087473011,0.032037238442353205,0.47944014053783063,0.3017819301865818
BASELINE,2013,0.04617543206365611,-0.025159576672015575,0.04617543206365611,0.03813882923021078,0.008036602833445344,0.03189128108510057,0.8488266343074522,0.7010356855952499,-0.025159576672015575,-0.03308830953111663,0.007928732859101074,0.031463225631353474,-0.48267146904935326,-0.6347033518649015
BASELINE,2014,0.0579676207332391,-0.0152081825789662,0.0579676207332391,0.0504739133126526,0.007493707420586503,0.029736934208676603,1.2820081084302277,1.1160639777191477,-0.0152081825789662,-0.022952294936925535,0.007744112357959338,0.03073060459507674,-0.3890271025083416,-0.5869706877012077
BASELINE,2015,0.05384298409811835,-0.0439465208462588,0.05384298409811835,0.04588397378115578,0.007959010316962587,0.03158337427366106,0.9643633767231603,0.821686463925158,-0.0439465208462588,-0.05162581985945572,0.007679299013196933,0.03047340878252751,-0.9927639192700481,-1.1663639035259243
BASELINE,2016,0.09245210053328994,-0.07135906753794685,0.09245210053328994,0.08421739786164381,0.008234702671646079,0.03267739155415111,1.0736002828495284,0.9782948865061363,-0.07135906753794685,-0.07957868833656795,0.008219620798621085,0.03261754285167097,-0.7439971569507925,-0.8297435528754704
BASELINE_SECTOR33_VETO,ALL_TRAIN,0.04293434938126361,-0.029403297853504057,0.04293434938126361,0.03482863812994225,0.008105711251321363,0.032168738417759246,0.7598593267768432,0.6162700463838006,-0.029403297853504057,-0.04637887286331014,0.016975575009806076,0.06782065732076373,-0.5623763447359442,-0.887650140928212
BASELINE_SECTOR33_VETO,POOLED,0.05444318381904607,-0.01540166629129009,0.05444318381904607,0.04639081284287928,0.00805237097616679,0.03195385308002695,0.9909385775354654,0.8443758351432017,-0.01540166629129009,-0.0323792097760153,0.016977543484725206,0.0678692416721468,-0.2979426734402596,-0.6264260924011227
BASELINE_SECTOR33_VETO,EX2016,0.05259900118241747,-0.014063086229393519,0.05259900118241747,0.04455547689213331,0.008043524290284161,0.03191874718366731,0.9921152062717933,0.8403655934326878,-0.014063086229393519,-0.030899172991191763,0.016836086761798253,0.06725657018641154,-0.2876407621856562,-0.6319814855424531
BASELINE_SECTOR33_VETO,2011,0.0839966368444998,-0.031609840741070476,0.0839966368444998,0.07561847076351874,0.008378166080981046,0.033246690797543825,1.3113947952029392,1.1807539014213302,-0.031609840741070476,-0.049312808866654866,0.01770296812558439,0.07075786900487072,-0.5133284550738568,-0.801517705945591
BASELINE_SECTOR33_VETO,2012,0.02142441595101322,0.013587844167290315,0.02142441595101322,0.01308059888478131,0.008343817066231898,0.03311038518345992,0.4943315950675243,0.3018094179184066,0.013587844167290315,-0.004191339156102947,0.017779183323393274,0.07085915698970706,0.3014485284916527,-0.09286256339860338
BASELINE_SECTOR33_VETO,2013,0.04617543206365611,-0.01388089317280566,0.04617543206365611,0.03813882923021078,0.008036602833445344,0.03189128108510057,0.8488266343074522,0.7010356855952499,-0.01388089317280566,-0.029833586270120102,0.015952693097314435,0.06384963662615702,-0.2642712272510453,-0.5677767414748055
BASELINE_SECTOR33_VETO,2014,0.0579676207332391,-0.014775298028217414,0.0579676207332391,0.0504739133126526,0.007493707420586503,0.029736934208676603,1.2820081084302277,1.1160639777191477,-0.014775298028217414,-0.032713407497873694,0.01793810946965628,0.07155695680487856,-0.3820726283588436,-0.8454669550950065
BASELINE_SECTOR33_VETO,2015,0.05384298409811835,-0.02402252915783232,0.05384298409811835,0.04588397378115578,0.007959010316962587,0.03158337427366106,0.9643633767231603,0.821686463925158,-0.02402252915783232,-0.03881448881060379,0.01479195965277146,0.05919929467805018,-0.5500654814758441,-0.8891450866422923
BASELINE_SECTOR33_VETO,2016,0.09245210053328994,-0.04299002824495507,0.09245210053328994,0.08421739786164381,0.008234702671646079,0.03267739155415111,1.0736002828495284,0.9782948865061363,-0.04299002824495507,-0.06288301876492061,0.019892990519965525,0.08049650483577515,-0.4630463851460227,-0.6778641711918936
BASELINE_HIER_SECTOR_VETO,ALL_TRAIN,0.04293434938126361,-0.03295563471580537,0.04293434938126361,0.03482863812994225,0.008105711251321363,0.032168738417759246,0.7598593267768432,0.6162700463838006,-0.03295563471580537,-0.05070903234263266,0.017753397626827285,0.07090143236167895,-0.632598495669455,-0.9740432670930628
BASELINE_HIER_SECTOR_VETO,POOLED,0.05444318381904607,-0.01913819956120202,0.05444318381904607,0.04639081284287928,0.00805237097616679,0.03195385308002695,0.9909385775354654,0.8443758351432017,-0.01913819956120202,-0.036816633502380174,0.017678433941178167,0.0706516897998323,-0.3717604833415256,-0.7152150253348359
BASELINE_HIER_SECTOR_VETO,EX2016,0.05259900118241747,-0.0176561345124404,0.05259900118241747,0.04455547689213331,0.008043524290284161,0.03191874718366731,0.9921152062717933,0.8403655934326878,-0.0176561345124404,-0.035158332511229545,0.017502197998789132,0.06990396453862416,-0.3630795964046697,-0.7229424482926176
BASELINE_HIER_SECTOR_VETO,2011,0.0839966368444998,-0.038821594565402316,0.0839966368444998,0.07561847076351874,0.008378166080981046,0.033246690797543825,1.3113947952029392,1.1807539014213302,-0.038821594565402316,-0.05678578302383213,0.017964188458429845,0.0718803159480705,-0.6353684265179933,-0.9300880010436823
BASELINE_HIER_SECTOR_VETO,2012,0.02142441595101322,0.011967620348678543,0.02142441595101322,0.01308059888478131,0.008343817066231898,0.03311038518345992,0.4943315950675243,0.3018094179184066,0.011967620348678543,-0.006728549704941693,0.018696170053620238,0.07450558780887613,0.26767394456970056,-0.15028460974149785
BASELINE_HIER_SECTOR_VETO,2013,0.04617543206365611,-0.01435287031497172,0.04617543206365611,0.03813882923021078,0.008036602833445344,0.03189128108510057,0.8488266343074522,0.7010356855952499,-0.01435287031497172,-0.030752952741185956,0.01640008242621423,0.06565547160772041,-0.2756051464230508,-0.5903923814546168
BASELINE_HIER_SECTOR_VETO,2014,0.0579676207332391,-0.01852575242691939,0.0579676207332391,0.0504739133126526,0.007493707420586503,0.029736934208676603,1.2820081084302277,1.1160639777191477,-0.01852575242691939,-0.03722147861133371,0.018695726184414334,0.07449610899856822,-0.4780739806657778,-0.9600003009008389
BASELINE_HIER_SECTOR_VETO,2015,0.05384298409811835,-0.02896391371759119,0.05384298409811835,0.04588397378115578,0.007959010316962587,0.03158337427366106,0.9643633767231603,0.821686463925158,-0.02896391371759119,-0.044701646658666515,0.015737732941075326,0.06291566745567247,-0.6627143730519709,-1.0230217746364074
BASELINE_HIER_SECTOR_VETO,2016,0.09245210053328994,-0.04968381141364472,0.09245210053328994,0.08421739786164381,0.008234702671646079,0.03267739155415111,1.0736002828495284,0.9782948865061363,-0.04968381141364472,-0.07099449799795958,0.02131068658431485,0.08606243416642728,-0.5335573312492773,-0.7631256638602768
