candidate,scope,source,class,rows,target_mean,annual_base_gross,annual_candidate_gross,annual_delta_net
BASELINE_SECTOR33_VETO,POOLED,SECTOR17_FALLBACK,ADDED,2206,-3.133264370335564e-05,0.0,0.0003189090748484476,0.00022916406962722897
BASELINE_SECTOR33_VETO,POOLED,SECTOR17_FALLBACK,OTHER,259,0.00047200642243670396,0.0,0.0,-0.0001192757672242818
BASELINE_SECTOR33_VETO,POOLED,SECTOR17_FALLBACK,UNCHANGED,12257,-0.00017096629457903845,0.0012613717020767534,0.0009479551868891741,-0.00028127743123714785
BASELINE_SECTOR33_VETO,POOLED,SECTOR33,ADDED,39842,0.00022520162917839728,0.0,-0.0032332980938179785,-0.004825721958230976
BASELINE_SECTOR33_VETO,POOLED,SECTOR33,OTHER,7313,0.0002370547548954248,0.0,0.0,-0.0016318851117267973
BASELINE_SECTOR33_VETO,POOLED,SECTOR33,REMOVED,42471,0.0004405623163513088,-0.008819645694361309,0.0,0.007112274986739176
BASELINE_SECTOR33_VETO,POOLED,SECTOR33,UNCHANGED,174065,0.00015701080267588278,-0.015014029427767372,-0.013953165058505353,-0.002848924245823763
BASELINE_SECTOR33_VETO,POOLED,UNAVAILABLE,ADDED,423,-0.0005736864505714364,0.0,0.0001769827151853149,0.00015788157621002716
BASELINE_SECTOR33_VETO,POOLED,UNAVAILABLE,OTHER,43,-0.0013847739902583425,0.0,0.0,-2.03182012281163e-05
BASELINE_SECTOR33_VETO,POOLED,UNAVAILABLE,UNCHANGED,2109,-0.00034632286007479007,0.000237613641154836,0.0003409498841103017,0.00011186789521377013
BASELINE_SECTOR33_VETO,EX2016,SECTOR17_FALLBACK,ADDED,2114,-0.00012683420575881527,0.0,0.0004931330403142231,0.00040196070509781237
BASELINE_SECTOR33_VETO,EX2016,SECTOR17_FALLBACK,OTHER,240,-0.00026476840090617693,0.0,0.0,-0.00011445235266289305
BASELINE_SECTOR33_VETO,EX2016,SECTOR17_FALLBACK,UNCHANGED,11521,-0.0002250359754771947,0.0014559605716497677,0.0013213621330575747,-0.00010529058580769256
BASELINE_SECTOR33_VETO,EX2016,SECTOR33,ADDED,37872,0.00019710064170124243,0.0,-0.0028688201974173917,-0.0044027649900198074
BASELINE_SECTOR33_VETO,EX2016,SECTOR33,OTHER,6932,0.00025191469041891263,0.0,0.0,-0.0016309350960310037
BASELINE_SECTOR33_VETO,EX2016,SECTOR33,REMOVED,40321,0.000380409596492662,-0.007546315419484307,0.0,0.0058362321863097595
BASELINE_SECTOR33_VETO,EX2016,SECTOR33,UNCHANGED,165900,0.00015251369660954596,-0.0141096559918096,-0.0134617834632688,-0.0031936696013910183
BASELINE_SECTOR33_VETO,EX2016,UNAVAILABLE,ADDED,335,-0.00033866767475115774,0.0,9.772544973174009e-05,8.172225532640977e-05
BASELINE_SECTOR33_VETO,EX2016,UNAVAILABLE,OTHER,40,-0.002400098319933902,0.0,0.0,-1.9474613729162702e-05
BASELINE_SECTOR33_VETO,EX2016,UNAVAILABLE,UNCHANGED,2009,-0.0003495660479595466,0.00024397096846409845,0.00035529680818913547,0.00011771025571983745
BASELINE_SECTOR33_VETO,2011,SECTOR17_FALLBACK,ADDED,357,0.00013821215605182356,0.0,0.00014182141871496524,3.5420461352630554e-05
BASELINE_SECTOR33_VETO,2011,SECTOR17_FALLBACK,OTHER,43,0.0006506124804880215,0.0,0.0,-0.00011221701144343696
BASELINE_SECTOR33_VETO,2011,SECTOR17_FALLBACK,UNCHANGED,2369,-0.0003599820889078907,0.003310262525018037,0.0029947747029881486,-0.0002722512659028316
BASELINE_SECTOR33_VETO,2011,SECTOR33,ADDED,7692,0.0005849229659083072,0.0,-0.007769431609809047,-0.009510523125199071
BASELINE_SECTOR33_VETO,2011,SECTOR33,OTHER,1366,-0.00041223958497405163,0.0,0.0,-0.0016798244152318436
BASELINE_SECTOR33_VETO,2011,SECTOR33,REMOVED,8096,0.0007998640141060974,-0.018446390305951445,0.0,0.016491085308287072
BASELINE_SECTOR33_VETO,2011,SECTOR33,UNCHANGED,31994,0.0002612706639785204,-0.021291393440321875,-0.025904262228681058,-0.008598897761026134
BASELINE_SECTOR33_VETO,2011,UNAVAILABLE,ADDED,47,-0.0016954507001717353,0.0,0.0002642483297300014,0.0002465268016400216
BASELINE_SECTOR33_VETO,2011,UNAVAILABLE,OTHER,9,0.001333345183110788,0.0,0.0,-2.5600259700868875e-05
BASELINE_SECTOR33_VETO,2011,UNAVAILABLE,UNCHANGED,266,0.001156773295580998,-0.001413990568124618,-0.0013369913540134876,9.668031264169644e-05
BASELINE_SECTOR33_VETO,2012,SECTOR17_FALLBACK,ADDED,374,0.000392000638143495,0.0,1.1313620373025367e-05,-1.3789446381459497e-05
BASELINE_SECTOR33_VETO,2012,SECTOR17_FALLBACK,OTHER,54,-0.008301837172605117,0.0,0.0,-0.00011202759642137044
BASELINE_SECTOR33_VETO,2012,SECTOR17_FALLBACK,UNCHANGED,2079,-0.00019648233664339832,0.0011257574048746672,0.0006725709361538575,-0.0005151122496665099
BASELINE_SECTOR33_VETO,2012,SECTOR33,ADDED,7297,0.00010437515553513131,0.0,-0.0018004042924107471,-0.003003981192247982
BASELINE_SECTOR33_VETO,2012,SECTOR33,OTHER,1495,-0.0001531195024527937,0.0,0.0,-0.0016914957108336668
BASELINE_SECTOR33_VETO,2012,SECTOR33,REMOVED,7712,-0.00010571710413421102,0.003828273068198699,0.0,-0.00581664548689003
BASELINE_SECTOR33_VETO,2012,SECTOR33,UNCHANGED,33290,-0.0001571233659727205,0.015938919045522887,0.01326222731688758,-0.007276839359961379
BASELINE_SECTOR33_VETO,2012,UNAVAILABLE,ADDED,41,-0.002333898153858966,0.0,0.00019410147553754434,0.00019601531174119404
BASELINE_SECTOR33_VETO,2012,UNAVAILABLE,OTHER,4,-0.0021591257991631307,0.0,0.0,-7.725436392636357e-06
BASELINE_SECTOR33_VETO,2012,UNAVAILABLE,UNCHANGED,466,-0.0005257380429128959,0.0008881815450973118,0.0012480351107490553,0.00034251503473033053
BASELINE_SECTOR33_VETO,2013,SECTOR17_FALLBACK,ADDED,466,-2.5433689643064595e-05,0.0,0.00019482455106379964,6.0712880385114126e-05
BASELINE_SECTOR33_VETO,2013,SECTOR17_FALLBACK,OTHER,60,0.004029422105138776,0.0,0.0,-0.0001264782522432156
BASELINE_SECTOR33_VETO,2013,SECTOR17_FALLBACK,UNCHANGED,1758,0.00034801253940299214,-0.0018547705899557892,-0.002974657174481582,-0.0011454302600445048
BASELINE_SECTOR33_VETO,2013,SECTOR33,ADDED,7473,-0.0002550582923312373,0.0,0.0031233001055870333,0.0017825487620367713
BASELINE_SECTOR33_VETO,2013,SECTOR33,OTHER,1324,0.00019678414444601727,0.0,0.0,-0.0013554866967877633
BASELINE_SECTOR33_VETO,2013,SECTOR33,REMOVED,7990,0.0002710611521867581,-0.005958224921020207,0.0,0.004400720695354549
BASELINE_SECTOR33_VETO,2013,SECTOR33,UNCHANGED,33565,0.00015803809916896765,-0.018412374279721217,-0.014679006606639164,0.00028956119834827447
BASELINE_SECTOR33_VETO,2013,UNAVAILABLE,ADDED,51,0.0017468282817414277,0.0,-0.00026944923646686324,-0.0002866454432824853
BASELINE_SECTOR33_VETO,2013,UNAVAILABLE,OTHER,8,-0.010831426638364325,0.0,0.0,-1.908640270173366e-05
BASELINE_SECTOR33_VETO,2013,UNAVAILABLE,UNCHANGED,462,-0.0008365714549893646,0.0010657931186816517,0.000724095188131124,-0.0003456932200684558
BASELINE_SECTOR33_VETO,2014,SECTOR17_FALLBACK,ADDED,548,-0.0007438754920310714,0.0,0.001172301314862247,0.0010756057386060818
BASELINE_SECTOR33_VETO,2014,SECTOR17_FALLBACK,OTHER,45,0.0013101199840507807,0.0,0.0,-0.00013228005811959554
BASELINE_SECTOR33_VETO,2014,SECTOR17_FALLBACK,UNCHANGED,2476,-0.00012001843813750806,0.0005408551703386135,0.0016342686050173302,0.0012032608744199772
BASELINE_SECTOR33_VETO,2014,SECTOR33,ADDED,7714,0.0002916731494437928,0.0,-0.005774559880352074,-0.00769293368479189
BASELINE_SECTOR33_VETO,2014,SECTOR33,OTHER,1383,0.0007605353740893819,0.0,0.0,-0.0018270793000237206
BASELINE_SECTOR33_VETO,2014,SECTOR33,REMOVED,8343,0.00032740275399821935,-0.004796141721201846,0.0,0.002762609809104575
BASELINE_SECTOR33_VETO,2014,SECTOR33,UNCHANGED,33339,0.00013621324692909478,-0.011814618288840261,-0.013452248604999655,-0.0058956369731704775
BASELINE_SECTOR33_VETO,2014,UNAVAILABLE,ADDED,81,-0.0021673955719464545,0.0,0.0006033783234375155,0.0005598578917642254
BASELINE_SECTOR33_VETO,2014,UNAVAILABLE,OTHER,10,-0.0008228116761066096,0.0,0.0,-2.6509274379628155e-05
BASELINE_SECTOR33_VETO,2014,UNAVAILABLE,UNCHANGED,358,-0.0009046420956485482,0.0008617222607372927,0.0010415622138172295,0.00021199241564230138
BASELINE_SECTOR33_VETO,2015,SECTOR17_FALLBACK,ADDED,369,-0.0002780040684368579,0.0,0.000956052634534824,0.000861650538941467
BASELINE_SECTOR33_VETO,2015,SECTOR17_FALLBACK,OTHER,38,0.001475203390831509,0.0,0.0,-8.925846684967821e-05
BASELINE_SECTOR33_VETO,2015,SECTOR17_FALLBACK,UNCHANGED,2839,-0.0005797800346637307,0.004169174554069748,0.004301414634970544,0.00021484190194783287
BASELINE_SECTOR33_VETO,2015,SECTOR33,ADDED,7696,0.00021593718072703894,0.0,-0.0021451754444436135,-0.0036165088124091123
BASELINE_SECTOR33_VETO,2015,SECTOR33,OTHER,1364,0.0008987851419451922,0.0,0.0,-0.001600724549926089
BASELINE_SECTOR33_VETO,2015,SECTOR33,REMOVED,8180,0.0005844995428971843,-0.01250862367018529,0.0,0.01149790370098922
BASELINE_SECTOR33_VETO,2015,SECTOR33,UNCHANGED,33712,0.00036566631003239316,-0.0354180272287987,-0.0269209013301507,0.005588897435938001
BASELINE_SECTOR33_VETO,2015,UNAVAILABLE,ADDED,115,0.00300668799899678,0.0,-0.00030441549604653446,-0.0003081912566084434
BASELINE_SECTOR33_VETO,2015,UNAVAILABLE,OTHER,9,-0.0004986673756355488,0.0,0.0,-1.86221883403755e-05
BASELINE_SECTOR33_VETO,2015,UNAVAILABLE,UNCHANGED,457,-0.00011953627249583825,-0.0001890445013445413,9.049584330316514e-05,0.0002813427451691184
BASELINE_SECTOR33_VETO,2016,SECTOR17_FALLBACK,ADDED,92,0.0020655494796882608,0.0,-0.0032718763828868554,-0.003332203874986826
BASELINE_SECTOR33_VETO,2016,SECTOR17_FALLBACK,OTHER,19,0.009778635769925726,0.0,0.0,-0.00021868715886239583
BASELINE_SECTOR33_VETO,2016,SECTOR17_FALLBACK,UNCHANGED,736,0.0006754152185020184,-0.0027491378809874007,-0.006748025262954467,-0.003908396143817109
BASELINE_SECTOR33_VETO,2016,SECTOR33,ADDED,1970,0.0007856783960480399,0.0,-0.010745249314548722,-0.013542936760684885
BASELINE_SECTOR33_VETO,2016,SECTOR33,OTHER,381,-3.33102662300809e-05,0.0,0.0,-0.0016514650962367134
BASELINE_SECTOR33_VETO,2016,SECTOR33,REMOVED,2150,0.0015686356487702104,-0.03506319847826695,0.0,0.03341173338203024
BASELINE_SECTOR33_VETO,2016,SECTOR33,UNCHANGED,8165,0.0002483766863028629,-0.03365331922649033,-0.02408062302134679,0.004256335963833536
BASELINE_SECTOR33_VETO,2016,UNAVAILABLE,ADDED,88,-0.001753053398324108,0.0,0.0018104883896183136,0.0017275380879808533
BASELINE_SECTOR33_VETO,2016,UNAVAILABLE,OTHER,3,0.01215288373874912,0.0,0.0,-3.7704682562482036e-05
BASELINE_SECTOR33_VETO,2016,UNAVAILABLE,UNCHANGED,100,-0.0002811672154700278,0.00010658804779783216,4.525734716348523e-05,-8.544145046871588e-06
BASELINE_HIER_SECTOR_VETO,POOLED,SECTOR17_FALLBACK,ADDED,1465,4.5269649435460816e-05,0.0,7.963422112849513e-05,-4.94555912381541e-06
BASELINE_HIER_SECTOR_VETO,POOLED,SECTOR17_FALLBACK,OTHER,320,0.0006413009798929176,0.0,0.0,-4.896525300329653e-05
BASELINE_HIER_SECTOR_VETO,POOLED,SECTOR17_FALLBACK,REMOVED,4234,-0.0007344321115760554,0.0022088641189025623,0.0,-0.002359370786139553
BASELINE_HIER_SECTOR_VETO,POOLED,SECTOR17_FALLBACK,UNCHANGED,8023,0.0001263930808622391,-0.0009474924168258083,-0.0013878190378807205,-0.0007182467046981797
BASELINE_HIER_SECTOR_VETO,POOLED,SECTOR33,ADDED,41241,0.0002268479761735592,0.0,-0.0038127340460483326,-0.005605987466071829
BASELINE_HIER_SECTOR_VETO,POOLED,SECTOR33,OTHER,7280,0.00023834135831362642,0.0,0.0,-0.0017560122060650276
BASELINE_HIER_SECTOR_VETO,POOLED,SECTOR33,REMOVED,38895,0.0004576802891998738,-0.008717836910136403,0.0,0.007076365603488637
BASELINE_HIER_SECTOR_VETO,POOLED,SECTOR33,UNCHANGED,177641,0.00015897106624614406,-0.015115838211992272,-0.01453849566105881,-0.0033902703241744663
BASELINE_HIER_SECTOR_VETO,POOLED,UNAVAILABLE,ADDED,423,-0.0005736864505714364,0.0,0.00017069688461030937,0.00014866045591298058
BASELINE_HIER_SECTOR_VETO,POOLED,UNAVAILABLE,OTHER,43,-0.0013847739902583425,0.0,0.0,-2.03182012281163e-05
BASELINE_HIER_SECTOR_VETO,POOLED,UNAVAILABLE,UNCHANGED,2109,-0.00034632286007479007,0.000237613641154836,0.0003505180780470452,0.0001254525270569032
BASELINE_HIER_SECTOR_VETO,EX2016,SECTOR17_FALLBACK,ADDED,1419,6.755963765165306e-05,0.0,9.051107662479633e-05,6.218118754032778e-06
BASELINE_HIER_SECTOR_VETO,EX2016,SECTOR17_FALLBACK,OTHER,299,0.00019548852260383354,0.0,0.0,-4.877984440751814e-05
BASELINE_HIER_SECTOR_VETO,EX2016,SECTOR17_FALLBACK,REMOVED,3906,-0.0007725614661166088,0.002188881365775157,0.0,-0.002330225785418648
BASELINE_HIER_SECTOR_VETO,EX2016,SECTOR17_FALLBACK,UNCHANGED,7615,5.580901026641027e-05,-0.0007329207941253888,-0.001103912108288566,-0.0006415406045855792
BASELINE_HIER_SECTOR_VETO,EX2016,SECTOR33,ADDED,39126,0.00019492790012202462,0.0,-0.0033446877928330304,-0.0050570085237829025
BASELINE_HIER_SECTOR_VETO,EX2016,SECTOR33,OTHER,6900,0.0002945444230205424,0.0,0.0,-0.0017420588230547737
BASELINE_HIER_SECTOR_VETO,EX2016,SECTOR33,REMOVED,36974,0.00040088766918104873,-0.007656519209623109,0.0,0.00600601980838289
BASELINE_HIER_SECTOR_VETO,EX2016,SECTOR33,UNCHANGED,169247,0.0001525469751585264,-0.013999452201670792,-0.013771373933315319,-0.003681777308835565
BASELINE_HIER_SECTOR_VETO,EX2016,UNAVAILABLE,ADDED,335,-0.00033866767475115774,0.0,0.00011116106312474805,9.171427525737856e-05
BASELINE_HIER_SECTOR_VETO,EX2016,UNAVAILABLE,OTHER,40,-0.002400098319933902,0.0,0.0,-1.9474613729162702e-05
BASELINE_HIER_SECTOR_VETO,EX2016,UNAVAILABLE,UNCHANGED,2009,-0.0003495660479595466,0.00024397096846409845,0.0003621671822469642,0.00012879194419431646
BASELINE_HIER_SECTOR_VETO,2011,SECTOR17_FALLBACK,ADDED,242,0.001009594459293168,0.0,-0.0003080721965901638,-0.0003986889483305083
BASELINE_HIER_SECTOR_VETO,2011,SECTOR17_FALLBACK,OTHER,47,-0.0032538616096657856,0.0,0.0,-4.918276613581774e-05
BASELINE_HIER_SECTOR_VETO,2011,SECTOR17_FALLBACK,REMOVED,945,-0.0017491369215527986,0.0064590387316779,0.0,-0.006498217533995391
BASELINE_HIER_SECTOR_VETO,2011,SECTOR17_FALLBACK,UNCHANGED,1424,0.0005618938358459279,-0.0031487762066598622,-0.003066521546143161,-8.484543782587758e-05
BASELINE_HIER_SECTOR_VETO,2011,SECTOR33,ADDED,8015,0.0005650171461653206,0.0,-0.009038201369137766,-0.010903321720784271
BASELINE_HIER_SECTOR_VETO,2011,SECTOR33,OTHER,1349,-0.00014999203587253416,0.0,0.0,-0.0018116866515017844
BASELINE_HIER_SECTOR_VETO,2011,SECTOR33,REMOVED,7359,0.0008745102451424379,-0.01953452982134707,0.0,0.017752525172536834
BASELINE_HIER_SECTOR_VETO,2011,SECTOR33,UNCHANGED,32731,0.0002566160486268696,-0.020203253924926244,-0.0252451187336385,-0.00903582638469484
BASELINE_HIER_SECTOR_VETO,2011,UNAVAILABLE,ADDED,47,-0.0016954507001717353,0.0,0.0002465114382073076,0.00022878991011732755
BASELINE_HIER_SECTOR_VETO,2011,UNAVAILABLE,OTHER,9,0.001333345183110788,0.0,0.0,-2.5600259700868875e-05
BASELINE_HIER_SECTOR_VETO,2011,UNAVAILABLE,UNCHANGED,266,0.001156773295580998,-0.001413990568124618,-0.0014101921581000387,2.347950855514536e-05
BASELINE_HIER_SECTOR_VETO,2012,SECTOR17_FALLBACK,ADDED,192,-0.00018218752337559384,0.0,0.00012659140119879777,8.21877141319396e-05
BASELINE_HIER_SECTOR_VETO,2012,SECTOR17_FALLBACK,OTHER,75,0.0010653313944757907,0.0,0.0,-2.8922315908464222e-05
BASELINE_HIER_SECTOR_VETO,2012,SECTOR17_FALLBACK,REMOVED,721,-0.00045975039221481795,0.0017460359415476532,0.0,-0.001989195764270486
BASELINE_HIER_SECTOR_VETO,2012,SECTOR17_FALLBACK,UNCHANGED,1358,-5.670599786063441e-05,-0.0006202785366729861,-0.001141499147292197,-0.0010173794645334882
BASELINE_HIER_SECTOR_VETO,2012,SECTOR33,ADDED,7560,0.00012402752209380132,0.0,-0.0018469286747181393,-0.003201365773926444
BASELINE_HIER_SECTOR_VETO,2012,SECTOR33,OTHER,1482,-0.000188658536855743,0.0,0.0,-0.0017745747737351546
BASELINE_HIER_SECTOR_VETO,2012,SECTOR33,REMOVED,7072,-7.927694307767856e-05,0.0023081400496132117,0.0,-0.004174788923514225
BASELINE_HIER_SECTOR_VETO,2012,SECTOR33,UNCHANGED,33930,-0.0001616652911433956,0.017459052064108374,0.013566330074849132,-0.008687906386717655
BASELINE_HIER_SECTOR_VETO,2012,UNAVAILABLE,ADDED,41,-0.002333898153858966,0.0,0.00021952367146734953,0.000217570419872778
BASELINE_HIER_SECTOR_VETO,2012,UNAVAILABLE,OTHER,4,-0.0021591257991631307,0.0,0.0,-7.725436392636357e-06
BASELINE_HIER_SECTOR_VETO,2012,UNAVAILABLE,UNCHANGED,466,-0.0005257380429128959,0.0008881815450973118,0.0010436030231736088,0.0001458040238315947
BASELINE_HIER_SECTOR_VETO,2013,SECTOR17_FALLBACK,ADDED,299,-0.0001039204317338914,0.0,0.00024528217835521036,0.0001343387181459879
BASELINE_HIER_SECTOR_VETO,2013,SECTOR17_FALLBACK,OTHER,68,0.001626728497752428,0.0,0.0,-6.686643957935288e-05
BASELINE_HIER_SECTOR_VETO,2013,SECTOR17_FALLBACK,REMOVED,406,1.1452051786007802e-05,7.908167511289877e-05,0.0,-0.00017263784671588892
BASELINE_HIER_SECTOR_VETO,2013,SECTOR17_FALLBACK,UNCHANGED,1352,0.0004490802597968497,-0.0019338522650686888,-0.0032421562401614245,-0.001506173837764368
BASELINE_HIER_SECTOR_VETO,2013,SECTOR33,ADDED,7674,-0.0002875947634299696,0.0,0.0029597745939576783,0.0014498992320740227
BASELINE_HIER_SECTOR_VETO,2013,SECTOR33,OTHER,1335,0.00031292355148014925,0.0,0.0,-0.0014382133787398175
BASELINE_HIER_SECTOR_VETO,2013,SECTOR33,REMOVED,7618,0.00025296066412676887,-0.005836146434819924,0.0,0.004331050445585323
BASELINE_HIER_SECTOR_VETO,2013,SECTOR33,UNCHANGED,33937,0.00016334010269796598,-0.01853445276592151,-0.01485780341283485,0.0001640206212845411
BASELINE_HIER_SECTOR_VETO,2013,UNAVAILABLE,ADDED,51,0.0017468282817414277,0.0,-0.00023069215571163028,-0.0002535864233935871
BASELINE_HIER_SECTOR_VETO,2013,UNAVAILABLE,OTHER,8,-0.010831426638364325,0.0,0.0,-1.908640270173366e-05
BASELINE_HIER_SECTOR_VETO,2013,UNAVAILABLE,UNCHANGED,462,-0.0008365714549893646,0.0010657931186816517,0.0007727247214232923,-0.00028738789826444157
BASELINE_HIER_SECTOR_VETO,2014,SECTOR17_FALLBACK,ADDED,411,-0.0008101066906028428,0.0,0.0006435073904481052,0.0005432479656851546
BASELINE_HIER_SECTOR_VETO,2014,SECTOR17_FALLBACK,OTHER,54,0.0014917318196322406,0.0,0.0,-4.534582626518314e-05
BASELINE_HIER_SECTOR_VETO,2014,SECTOR17_FALLBACK,REMOVED,878,-0.0004487339780912821,0.0010171208529453082,0.0,-0.0011734041958377434
BASELINE_HIER_SECTOR_VETO,2014,SECTOR17_FALLBACK,UNCHANGED,1598,6.05899749284579e-05,-0.00047626568260669434,-0.0001955831926474294,-2.3259587780257693e-06
BASELINE_HIER_SECTOR_VETO,2014,SECTOR33,ADDED,7956,0.0002687797768058823,0.0,-0.005781176084483437,-0.007963904682926787
BASELINE_HIER_SECTOR_VETO,2014,SECTOR33,OTHER,1381,0.0007284871825842017,0.0,0.0,-0.0019557818382371934
BASELINE_HIER_SECTOR_VETO,2014,SECTOR33,REMOVED,7570,0.0003674001833668868,-0.004464738635931282,0.0,0.0025271577480185906
BASELINE_HIER_SECTOR_VETO,2014,SECTOR33,UNCHANGED,34112,0.0001316696537256362,-0.012146021374110827,-0.014838948204942047,-0.006930550539441454
BASELINE_HIER_SECTOR_VETO,2014,UNAVAILABLE,ADDED,81,-0.0021673955719464545,0.0,0.0006019484548078573,0.0005470846428072293
BASELINE_HIER_SECTOR_VETO,2014,UNAVAILABLE,OTHER,10,-0.0008228116761066096,0.0,0.0,-2.6509274379628155e-05
BASELINE_HIER_SECTOR_VETO,2014,UNAVAILABLE,UNCHANGED,358,-0.0009046420956485482,0.0008617222607372927,0.0010444992098975609,0.00021114828494685347
BASELINE_HIER_SECTOR_VETO,2015,SECTOR17_FALLBACK,ADDED,275,0.0006110934372259726,0.0,-0.0002543422709772717,-0.0003301068059195134
BASELINE_HIER_SECTOR_VETO,2015,SECTOR17_FALLBACK,OTHER,55,-0.0010852426687300374,0.0,0.0,-5.383369479793007e-05
BASELINE_HIER_SECTOR_VETO,2015,SECTOR17_FALLBACK,REMOVED,956,-0.0006735060285127289,0.001641522288838594,0.0,-0.0018150029923676122
BASELINE_HIER_SECTOR_VETO,2015,SECTOR17_FALLBACK,UNCHANGED,1883,-0.0005321953027892525,0.002527652265231154,0.002143766534081307,-0.000589493640116175
BASELINE_HIER_SECTOR_VETO,2015,SECTOR33,ADDED,7921,0.0002556507229711212,0.0,-0.0030441883607047505,-0.004699751183922444
BASELINE_HIER_SECTOR_VETO,2015,SECTOR33,OTHER,1353,0.0008059822516476133,0.0,0.0,-0.00173046786071755
BASELINE_HIER_SECTOR_VETO,2015,SECTOR33,REMOVED,7355,0.0005764440819732347,-0.01087846583042398,0.0,0.009720814512206242
BASELINE_HIER_SECTOR_VETO,2015,SECTOR33,UNCHANGED,34537,0.00037260916355786163,-0.037048185068560016,-0.027881290719567405,0.0061703545233141805
BASELINE_HIER_SECTOR_VETO,2015,UNAVAILABLE,ADDED,115,0.00300668799899678,0.0,-0.0002824238931042372,-0.00028250700582210564
BASELINE_HIER_SECTOR_VETO,2015,UNAVAILABLE,OTHER,9,-0.0004986673756355488,0.0,0.0,-1.86221883403755e-05
BASELINE_HIER_SECTOR_VETO,2015,UNAVAILABLE,UNCHANGED,457,-0.00011953627249583825,-0.0001890445013445413,0.00035456499268115866,0.0005527895372724669
BASELINE_HIER_SECTOR_VETO,2016,SECTOR17_FALLBACK,ADDED,46,-0.0005967789241831197,0.0,-0.00014453961418510255,-0.00023503085233505958
BASELINE_HIER_SECTOR_VETO,2016,SECTOR17_FALLBACK,OTHER,21,0.006988821205104166,0.0,0.0,-5.278655558747486e-05
BASELINE_HIER_SECTOR_VETO,2016,SECTOR17_FALLBACK,REMOVED,328,-0.00028036729805349113,0.0026207120477657,0.0,-0.002960054190828039
BASELINE_HIER_SECTOR_VETO,2016,SECTOR17_FALLBACK,UNCHANGED,408,0.001443789398478016,-0.005369849928753101,-0.0072391889765936,-0.0022991724290527937
BASELINE_HIER_SECTOR_VETO,2016,SECTOR33,ADDED,2115,0.0008491133368460929,0.0,-0.013459246654689139,-0.016920536513924996
BASELINE_HIER_SECTOR_VETO,2016,SECTOR33,OTHER,380,-0.0007821879745224797,0.0,0.0,-0.0020435937948865266
BASELINE_HIER_SECTOR_VETO,2016,SECTOR33,REMOVED,1921,0.0015507534489895788,-0.0305917746020714,0.0,0.029136373855159596
BASELINE_HIER_SECTOR_VETO,2016,SECTOR33,UNCHANGED,8394,0.0002884875998343872,-0.0381247431026859,-0.030349004490484083,0.0026177380376542613
BASELINE_HIER_SECTOR_VETO,2016,UNAVAILABLE,ADDED,88,-0.001753053398324108,0.0,0.0013977402562449285,0.001322330891119965
BASELINE_HIER_SECTOR_VETO,2016,UNAVAILABLE,OTHER,3,0.01215288373874912,0.0,0.0,-3.7704682562482036e-05
BASELINE_HIER_SECTOR_VETO,2016,UNAVAILABLE,UNCHANGED,100,-0.0002811672154700278,0.00010658804779783216,0.00011042806606226873,5.662657385191122e-05
