trial,strength,pooled_mse,pooled_null_mse,delta_mse_vs_null,relative_mse_change,selected
R_RAW,0.01,0.0002543002443753896,0.00025325714690616383,1.0430974692257752e-06,0.004118728659658455,False
R_RAW,0.1,0.00025407558558676184,0.00025325714690616383,8.184386805980097e-07,0.0032316508757845863,False
R_RAW,1.0,0.0002533294074461925,0.00025325714690616383,7.226054002867433e-08,0.00028532478120135707,True
R_RES,0.01,0.0002533569623160216,0.0002532349635371996,1.2199877882202543e-07,0.00048176119568132947,False
R_RES,0.1,0.00025326887493608145,0.0002532349635371996,3.391139888185178e-08,0.0001339127836383902,False
R_RES,1.0,0.00025304856697320956,0.0002532349635371996,-1.8639656399003493e-07,-0.0007360617245992795,True
E_RAW,0.1,0.00025401742039668837,0.00025325714690616383,7.602734905245382e-07,0.0030019823717204464,False
E_RAW,0.5,0.00025337396765101166,0.00025325714690616383,1.1682074484782763e-07,0.0004612732405577802,False
E_RAW,0.9,0.00025325747406896356,0.00025325714690616383,3.2716279972687737e-10,1.291820600934912e-06,True
E_RES,0.1,0.0002532643864663424,0.0002532349635371996,2.942292914279339e-08,0.00011618825746584349,False
E_RES,0.5,0.0002531438448042667,0.0002532349635371996,-9.111873293290561e-08,-0.0003598189272925323,True
E_RES,0.9,0.00025322058716988305,0.0002532349635371996,-1.437636731654781e-08,-5.67708625844876e-05,False
