level,bucket,strategy,scope,stock_days,forward_target_mean,stock_rankic,stock_rankic_hac5,sector_rankic,sector_rankic_hac5,annual_short_gross_contribution,annual_short_net_contribution,short_gross_sharpe,equal_short_mean_target
17,A,SECTOR17_MOM,POOLED,228387,0.0003830830859069426,-0.0034554787417567295,-0.901898050576999,-0.0025260651118150816,-0.6060609238990291,-0.005226920578920719,-0.010951262995596206,-0.6680250775485918,-0.0003830830859069426
17,A,SECTOR17_MOM,2011,48468,0.0003443019397669818,-0.0025437645618066646,-0.2647582432084415,0.0012152203678871961,0.11253623045386699,-0.00958403790457759,-0.017492515473974186,-0.9781142106338048,-0.0003443019397669818
17,A,SECTOR17_MOM,2012,32950,4.905977239299223e-05,-0.004494826903824623,-0.4872885235236359,-0.0012426519117117619,-0.11389047481630481,0.0022644356651923005,0.0002025401968969428,1.1801997637101809,-4.905977239299223e-05
17,A,SECTOR17_MOM,2013,39719,0.0005149227945719652,-0.004405410952988023,-0.5979562617244742,0.005349112185627279,0.6023172289315418,-0.0023041664029738364,-0.005844275575081504,-0.8074743458094658,-0.0005149227945719652
17,A,SECTOR17_MOM,2014,45638,0.0004201529000467382,-0.002845367123816712,-0.38282711245809875,-0.011440106765613947,-1.3954468082066749,-0.00661491413726678,-0.015047623971637933,-0.7511491232154917,-0.0004201529000467382
17,A,SECTOR17_MOM,2015,47381,0.0005178306515753447,-0.003921266748742323,-0.4068761816639584,-0.005237703664942729,-0.643250701150858,-0.005529189457765743,-0.010713069436717727,-0.7471523600152654,-0.0005178306515753447
17,A,SECTOR17_MOM,2016,14231,0.0006877728912841946,0.0004435096585664976,0.023786900176574872,-0.008036327688007418,-0.37145602053115523,-0.023621494830989086,-0.03572469793354583,-1.2772213877212364,-0.0006877728912841946
17,A,SECTOR33_MOM,POOLED,228387,0.0003830830859069426,-0.0034554787417567295,-0.901898050576999,-0.0025260651118150816,-0.6060609238990291,-0.003038086738389642,-0.008439084753810461,-0.34812985918471206,-0.0003830830859069426
17,A,SECTOR33_MOM,2011,48468,0.0003443019397669818,-0.0025437645618066646,-0.2647582432084415,0.0012152203678871961,0.11253623045386699,-0.008174882433419774,-0.015225773714799492,-0.7643598516082574,-0.0003443019397669818
17,A,SECTOR33_MOM,2012,32950,4.905977239299223e-05,-0.004494826903824623,-0.4872885235236359,-0.0012426519117117619,-0.11389047481630481,0.006251602103646495,0.0035879218901356635,1.6980392137110067,-4.905977239299223e-05
17,A,SECTOR33_MOM,2013,39719,0.0005149227945719652,-0.004405410952988023,-0.5979562617244742,0.005349112185627279,0.6023172289315418,-0.004777501877426119,-0.008356164316675125,-1.0834218160381264,-0.0005149227945719652
17,A,SECTOR33_MOM,2014,45638,0.0004201529000467382,-0.002845367123816712,-0.38282711245809875,-0.011440106765613947,-1.3954468082066749,-0.0006538031714164371,-0.008035407450652144,-0.07110367297546812,-0.0004201529000467382
17,A,SECTOR33_MOM,2015,47381,0.0005178306515753447,-0.003921266748742323,-0.4068761816639584,-0.005237703664942729,-0.643250701150858,-0.004641842371263514,-0.01007153935260218,-0.5666320631479854,-0.0005178306515753447
17,A,SECTOR33_MOM,2016,14231,0.0006877728912841946,0.0004435096585664976,0.023786900176574872,-0.008036327688007418,-0.37145602053115523,-0.01665218813694464,-0.025935080983827727,-0.8084931404619771,-0.0006877728912841946
17,A,RELATIVE33_MOM,POOLED,228387,0.0003830830859069426,-0.0034554787417567295,-0.901898050576999,-0.0025260651118150816,-0.6060609238990291,-0.004582297217580736,-0.011161744528379723,-0.5423114957151035,-0.0003830830859069426
17,A,RELATIVE33_MOM,2011,48468,0.0003443019397669818,-0.0025437645618066646,-0.2647582432084415,0.0012152203678871961,0.11253623045386699,-0.017365566400624553,-0.02578039666445756,-1.3908957358263665,-0.0003443019397669818
17,A,RELATIVE33_MOM,2012,32950,4.905977239299223e-05,-0.004494826903824623,-0.4872885235236359,-0.0012426519117117619,-0.11389047481630481,-0.0004214989814716124,-0.005515710028982191,-0.08202165741762743,-4.905977239299223e-05
17,A,RELATIVE33_MOM,2013,39719,0.0005149227945719652,-0.004405410952988023,-0.5979562617244742,0.005349112185627279,0.6023172289315418,-0.0023211843921300897,-0.00864947996886623,-0.3802931694245294,-0.0005149227945719652
17,A,RELATIVE33_MOM,2014,45638,0.0004201529000467382,-0.002845367123816712,-0.38282711245809875,-0.011440106765613947,-1.3954468082066749,-0.001480656112759123,-0.007003557083238631,-0.41542618312304297,-0.0004201529000467382
17,A,RELATIVE33_MOM,2015,47381,0.0005178306515753447,-0.003921266748742323,-0.4068761816639584,-0.005237703664942729,-0.643250701150858,-5.807928842282424e-05,-0.006974199864031383,-0.00707401242602703,-0.0005178306515753447
17,A,RELATIVE33_MOM,2016,14231,0.0006877728912841946,0.0004435096585664976,0.023786900176574872,-0.008036327688007418,-0.37145602053115523,-0.009872640563525638,-0.01907258310877126,-0.5569110605398835,-0.0006877728912841946
17,A,MOM60,POOLED,228387,0.0003830830859069426,-0.0034554787417567295,-0.901898050576999,-0.0025260651118150816,-0.6060609238990291,-0.0013476325084994523,-0.0028423052112675215,-0.5030491017022812,-0.0003830830859069426
17,A,MOM60,2011,48468,0.0003443019397669818,-0.0025437645618066646,-0.2647582432084415,0.0012152203678871961,0.11253623045386699,-0.004554772861099972,-0.006748036050588037,-1.155121331335515,-0.0003443019397669818
17,A,MOM60,2012,32950,4.905977239299223e-05,-0.004494826903824623,-0.4872885235236359,-0.0012426519117117619,-0.11389047481630481,0.001669177083834701,0.0007167242213902915,1.1331566509282598,-4.905977239299223e-05
17,A,MOM60,2013,39719,0.0005149227945719652,-0.004405410952988023,-0.5979562617244742,0.005349112185627279,0.6023172289315418,-0.0009356496829143854,-0.0020989063104932394,-0.523004302382844,-0.0005149227945719652
17,A,MOM60,2014,45638,0.0004201529000467382,-0.002845367123816712,-0.38282711245809875,-0.011440106765613947,-1.3954468082066749,-0.001481410744528184,-0.002809751897169157,-0.9914149813198474,-0.0004201529000467382
17,A,MOM60,2015,47381,0.0005178306515753447,-0.003921266748742323,-0.4068761816639584,-0.005237703664942729,-0.643250701150858,0.000793197993761808,-0.0007914513706809445,0.31539828829504923,-0.0005178306515753447
17,A,MOM60,2016,14231,0.0006877728912841946,0.0004435096585664976,0.023786900176574872,-0.008036327688007418,-0.37145602053115523,-0.010646251645409931,-0.013202629123146212,-1.8275334017640195,-0.0006877728912841946
17,B,SECTOR17_MOM,POOLED,80060,0.00014568181199676406,0.00018648053090891345,0.03455242954505408,-0.010988405015662867,-1.8577046544015825,-0.010195769357041107,-0.015190156437410196,-0.5821164565268471,-0.00014568181199676406
17,B,SECTOR17_MOM,2011,11902,0.0003644685524517497,0.002627841645198217,0.178377285589628,-0.0159909153637527,-0.9593733059770482,-0.019072324114034825,-0.02315983080914072,-0.870902651638698,-0.0003644685524517497
17,B,SECTOR17_MOM,2012,21486,0.00012798141243040783,0.003524979799922145,0.4024650516749942,-0.01436415979825291,-1.7356939695531128,-0.014695445228481095,-0.02312196657474312,-0.8823631959544803,-0.00012798141243040783
17,B,SECTOR17_MOM,2013,15763,-0.00019301190070503916,-0.005077264611714201,-0.5847597721112207,-0.010540343704356452,-1.1425486071976707,0.004168532394796537,-0.0008328720598612528,0.24501017930880697,0.00019301190070503916
17,B,SECTOR17_MOM,2014,13113,0.00040896571583767414,-0.0023423397346699092,-0.14015939949182726,-0.002319136635709575,-0.11893228231561058,-0.01955616025685878,-0.023551534696237147,-1.3084775901550572,-0.00040896571583767414
17,B,SECTOR17_MOM,2015,15438,3.080656038744052e-05,0.003168914345602424,0.3047227000484893,-0.009261695865840473,-0.9145534212081333,-0.001388552575659318,-0.005359806385822586,-0.0965689903697894,-3.080656038744052e-05
17,B,SECTOR17_MOM,2016,2358,0.00010461060367907671,-0.003969553031428284,-0.13934676133315316,-0.020796197723293237,-0.7326635544113989,-0.011767534080962422,-0.014452107479411148,-0.49598309226131165,-0.00010461060367907671
17,B,SECTOR33_MOM,POOLED,80060,0.00014568181199676406,0.00018648053090891345,0.03455242954505408,-0.010988405015662867,-1.8577046544015825,-0.008553539070184931,-0.013095003570186795,-0.5597708714983876,-0.00014568181199676406
17,B,SECTOR33_MOM,2011,11902,0.0003644685524517497,0.002627841645198217,0.178377285589628,-0.0159909153637527,-0.9593733059770482,-0.02011972489260922,-0.02408944733156319,-1.013362030752381,-0.0003644685524517497
17,B,SECTOR33_MOM,2012,21486,0.00012798141243040783,0.003524979799922145,0.4024650516749942,-0.01436415979825291,-1.7356939695531128,-0.009912388927350451,-0.016493971848125694,-0.6569400858150447,-0.00012798141243040783
17,B,SECTOR33_MOM,2013,15763,-0.00019301190070503916,-0.005077264611714201,-0.5847597721112207,-0.010540343704356452,-1.1425486071976707,0.005849233755759739,0.0015089099418679017,0.4054928662378457,0.00019301190070503916
17,B,SECTOR33_MOM,2014,13113,0.00040896571583767414,-0.0023423397346699092,-0.14015939949182726,-0.002319136635709575,-0.11893228231561058,-0.015099645499517209,-0.01906183050439794,-1.2057812217796964,-0.00040896571583767414
17,B,SECTOR33_MOM,2015,15438,3.080656038744052e-05,0.003168914345602424,0.3047227000484893,-0.009261695865840473,-0.9145534212081333,5.340856866109719e-05,-0.004159776882646571,0.004239569249111207,-3.080656038744052e-05
17,B,SECTOR33_MOM,2016,2358,0.00010461060367907671,-0.003969553031428284,-0.13934676133315316,-0.020796197723293237,-0.7326635544113989,-0.023023660251457165,-0.025964625491330766,-1.2587122100048993,-0.00010461060367907671
17,B,RELATIVE33_MOM,POOLED,80060,0.00014568181199676406,0.00018648053090891345,0.03455242954505408,-0.010988405015662867,-1.8577046544015825,0.000402750889585067,5.454831224174438e-05,0.5946377875361171,-0.00014568181199676406
17,B,RELATIVE33_MOM,2011,11902,0.0003644685524517497,0.002627841645198217,0.178377285589628,-0.0159909153637527,-0.9593733059770482,0.0009968052370512323,0.0007211258317864033,1.2253985501296945,-0.0003644685524517497
17,B,RELATIVE33_MOM,2012,21486,0.00012798141243040783,0.003524979799922145,0.4024650516749942,-0.01436415979825291,-1.7356939695531128,0.0009194451253892746,0.00037507211400187375,1.5580284861803946,-0.00012798141243040783
17,B,RELATIVE33_MOM,2013,15763,-0.00019301190070503916,-0.005077264611714201,-0.5847597721112207,-0.010540343704356452,-1.1425486071976707,1.938370710844701e-05,-0.00027510376977227875,0.026181004147856075,0.00019301190070503916
17,B,RELATIVE33_MOM,2014,13113,0.00040896571583767414,-0.0023423397346699092,-0.14015939949182726,-0.002319136635709575,-0.11893228231561058,-0.00029364548868426453,-0.0005937068085561597,-0.7894685938502229,-0.00040896571583767414
17,B,RELATIVE33_MOM,2015,15438,3.080656038744052e-05,0.003168914345602424,0.3047227000484893,-0.009261695865840473,-0.9145534212081333,8.621211008212932e-05,-0.00023228493984944268,0.13098210035366734,-3.080656038744052e-05
17,B,RELATIVE33_MOM,2016,2358,0.00010461060367907671,-0.003969553031428284,-0.13934676133315316,-0.020796197723293237,-0.7326635544113989,0.0015354041960358243,0.0011658983069235008,1.4288466109923512,-0.00010461060367907671
17,B,MOM60,POOLED,80060,0.00014568181199676406,0.00018648053090891345,0.03455242954505408,-0.010988405015662867,-1.8577046544015825,0.000530476666919185,-5.395839567790922e-05,0.4667097696275684,-0.00014568181199676406
17,B,MOM60,2011,11902,0.0003644685524517497,0.002627841645198217,0.178377285589628,-0.0159909153637527,-0.9593733059770482,0.0007296182446358283,0.00018813367142730565,0.4374045052483674,-0.0003644685524517497
17,B,MOM60,2012,21486,0.00012798141243040783,0.003524979799922145,0.4024650516749942,-0.01436415979825291,-1.7356939695531128,0.00025125640804561324,-0.0005346802975127539,0.2452504880315246,-0.00012798141243040783
17,B,MOM60,2013,15763,-0.00019301190070503916,-0.005077264611714201,-0.5847597721112207,-0.010540343704356452,-1.1425486071976707,0.0015437247788673285,0.0009124659952843261,1.6722886109866164,0.00019301190070503916
17,B,MOM60,2014,13113,0.00040896571583767414,-0.0023423397346699092,-0.14015939949182726,-0.002319136635709575,-0.11893228231561058,0.00030991797176611776,-0.0001568125701071599,0.4978301118618095,-0.00040896571583767414
17,B,MOM60,2015,15438,3.080656038744052e-05,0.003168914345602424,0.3047227000484893,-0.009261695865840473,-0.9145534212081333,-3.0009959857020313e-05,-0.0005592817105367743,-0.030542608525707435,-3.080656038744052e-05
17,B,MOM60,2016,2358,0.00010461060367907671,-0.003969553031428284,-0.13934676133315316,-0.020796197723293237,-0.7326635544113989,-9.510880763607744e-05,-0.0005324831253608688,-0.05375134017828827,-0.00010461060367907671
17,C,SECTOR17_MOM,POOLED,127790,0.00023954952546905028,0.008760242659034944,2.139893798343123,0.0011441546386236276,0.2683742915703259,0.00010647484312761546,-0.003374587314497514,0.02116525282122295,-0.00023954952546905028
17,C,SECTOR17_MOM,2011,23713,0.00013893925259954917,0.003421124370282362,0.324858463229433,0.005677966932319462,0.5097006903980112,0.008186450189635739,0.004050252401820362,1.207234675659269,-0.00013893925259954917
17,C,SECTOR17_MOM,2012,19561,-0.0001370043859042634,0.00983797749900409,0.9661095246750826,-0.017526003519480075,-1.682888720358583,0.0005618194421760582,-0.0009509980890337447,0.43928862575477096,0.0001370043859042634
17,C,SECTOR17_MOM,2013,21823,0.00020201350954705358,0.0036816712841899646,0.3795298741910279,0.013204523603998012,1.4183299537693375,0.0019467833520106777,-5.558901654954437e-05,1.043233300734886,-0.00020201350954705358
17,C,SECTOR17_MOM,2014,30788,0.00018482822679580528,0.017188303520806678,3.056551427889774,-0.007092591645273677,-0.9816123011156941,-0.0029683395419356647,-0.007911200461241639,-0.5952564766343004,-0.00018482822679580528
17,C,SECTOR17_MOM,2015,24692,0.0007116322170374578,0.008491695225598023,0.9072321315884024,0.011906298879012026,1.3162371990748878,-0.006874662829752025,-0.010787011801706338,-1.5014339273648638,-0.0007116322170374578
17,C,SECTOR17_MOM,2016,7213,0.0006666741575629454,0.013705557370302322,0.6324109842638274,0.00028528269741351695,0.013952616956012319,-0.001403751431512855,-0.00871845984863437,-0.11460437829866359,-0.0006666741575629454
17,C,SECTOR33_MOM,POOLED,127790,0.00023954952546905028,0.008760242659034944,2.139893798343123,0.0011441546386236276,0.2683742915703259,0.0013514851778917269,-0.0026745685829885134,0.19350771695772218,-0.00023954952546905028
17,C,SECTOR33_MOM,2011,23713,0.00013893925259954917,0.003421124370282362,0.324858463229433,0.005677966932319462,0.5097006903980112,0.008845824399666823,0.004078874735875824,1.0193296715503837,-0.00013893925259954917
17,C,SECTOR33_MOM,2012,19561,-0.0001370043859042634,0.00983797749900409,0.9661095246750826,-0.017526003519480075,-1.682888720358583,0.0021512407447286624,-0.00028857255677906834,0.5388343372502803,0.0001370043859042634
17,C,SECTOR33_MOM,2013,21823,0.00020201350954705358,0.0036816712841899646,0.3795298741910279,0.013204523603998012,1.4183299537693375,-0.0015533659411135813,-0.004309233326924428,-0.3301911913682033,-0.00020201350954705358
17,C,SECTOR33_MOM,2014,30788,0.00018482822679580528,0.017188303520806678,3.056551427889774,-0.007092591645273677,-0.9816123011156941,0.0010108427387519863,-0.004123115350511526,0.16808871120061952,-0.00018482822679580528
17,C,SECTOR33_MOM,2015,24692,0.0007116322170374578,0.008491695225598023,0.9072321315884024,0.011906298879012026,1.3162371990748878,-0.003854767446924081,-0.008335693505579837,-0.6705295652388152,-0.0007116322170374578
17,C,SECTOR33_MOM,2016,7213,0.0006666741575629454,0.013705557370302322,0.6324109842638274,0.00028528269741351695,0.013952616956012319,0.0018661144501340766,-0.004543681585487873,0.10626071878643686,-0.0006666741575629454
17,C,RELATIVE33_MOM,POOLED,127790,0.00023954952546905028,0.008760242659034944,2.139893798343123,0.0011441546386236276,0.2683742915703259,-0.021278558002772105,-0.02780756805848417,-0.826605857225329,-0.00023954952546905028
17,C,RELATIVE33_MOM,2011,23713,0.00013893925259954917,0.003421124370282362,0.324858463229433,0.005677966932319462,0.5097006903980112,-0.024620666156506057,-0.03147470911380938,-0.8740313838127067,-0.00013893925259954917
17,C,RELATIVE33_MOM,2012,19561,-0.0001370043859042634,0.00983797749900409,0.9661095246750826,-0.017526003519480075,-1.682888720358583,0.01102489280732668,0.005684833496237867,0.602530038591204,0.0001370043859042634
17,C,RELATIVE33_MOM,2013,21823,0.00020201350954705358,0.0036816712841899646,0.3795298741910279,0.013204523603998012,1.4183299537693375,-0.016257803801181556,-0.02248134677060011,-0.7429478770170534,-0.00020201350954705358
17,C,RELATIVE33_MOM,2014,30788,0.00018482822679580528,0.017188303520806678,3.056551427889774,-0.007092591645273677,-0.9816123011156941,-0.01562546919435797,-0.023404900811064236,-0.5938842492691773,-0.00018482822679580528
17,C,RELATIVE33_MOM,2015,24692,0.0007116322170374578,0.008491695225598023,0.9072321315884024,0.011906298879012026,1.3162371990748878,-0.054528085369726746,-0.06078752902745566,-2.5165632532014244,-0.0007116322170374578
17,C,RELATIVE33_MOM,2016,7213,0.0006666741575629454,0.013705557370302322,0.6324109842638274,0.00028528269741351695,0.013952616956012319,-0.04968909626966436,-0.05707167311539839,-0.9125298679199356,-0.0006666741575629454
17,C,MOM60,POOLED,127790,0.00023954952546905028,0.008760242659034944,2.139893798343123,0.0011441546386236276,0.2683742915703259,-0.015223744778574255,-0.018327611520475132,-0.6452689686024676,-0.00023954952546905028
17,C,MOM60,2011,23713,0.00013893925259954917,0.003421124370282362,0.324858463229433,0.005677966932319462,0.5097006903980112,-0.010562628332877102,-0.013629608977894458,-0.38284131394040416,-0.00013893925259954917
17,C,MOM60,2012,19561,-0.0001370043859042634,0.00983797749900409,0.9661095246750826,-0.017526003519480075,-1.682888720358583,0.009111526685297893,0.0064376798802341035,0.570742556869464,0.0001370043859042634
17,C,MOM60,2013,21823,0.00020201350954705358,0.0036816712841899646,0.3795298741910279,0.013204523603998012,1.4183299537693375,-0.012427556506460727,-0.015341915118098692,-0.6825027955955035,-0.00020201350954705358
17,C,MOM60,2014,30788,0.00018482822679580528,0.017188303520806678,3.056551427889774,-0.007092591645273677,-0.9816123011156941,-0.010735730059771948,-0.0143414862283973,-0.47886685261192463,-0.00018482822679580528
17,C,MOM60,2015,24692,0.0007116322170374578,0.008491695225598023,0.9072321315884024,0.011906298879012026,1.3162371990748878,-0.04381762441756308,-0.04693624856887963,-2.2116323011148764,-0.0007116322170374578
17,C,MOM60,2016,7213,0.0006666741575629454,0.013705557370302322,0.6324109842638274,0.00028528269741351695,0.013952616956012319,-0.04852853318290317,-0.05223867394705141,-0.9102730730979584,-0.0006666741575629454
17,D,SECTOR17_MOM,POOLED,122278,-4.957050702734853e-05,0.005511373314410644,1.0900509608143356,0.0051105569160666145,0.8099513284647252,-0.007622170268728616,-0.014358036331283817,-0.25054010292769013,4.957050702734853e-05
17,D,SECTOR17_MOM,2011,18222,0.000217634429861659,0.010755399494836712,0.6894251189403889,0.016153700352375674,0.7847569359335431,-0.027136691276567697,-0.03268619765038622,-0.771589138820387,-0.000217634429861659
17,D,SECTOR17_MOM,2012,30608,-0.0003460341442599861,0.01507408885531628,1.345997750804695,-0.013289531514663819,-1.0595683844434765,0.0034279848002413474,-0.008403531504865407,0.11534391208051441,0.0003460341442599861
17,D,SECTOR17_MOM,2013,27774,9.256799517145678e-05,0.005992934017076027,0.6623927946286128,-0.0026257135016636802,-0.2715294871634257,-0.014395124918413445,-0.02204930806661682,-0.43657509217411833,-9.256799517145678e-05
17,D,SECTOR17_MOM,2014,18705,5.971462774233481e-05,-0.0068627622962788995,-0.6598051813477847,0.008145149353763795,0.6644899895100019,-0.0007999270673043954,-0.005353910585837461,-0.037739953226314404,-5.971462774233481e-05
17,D,SECTOR17_MOM,2015,23506,-0.00014213056561045989,0.002763929524091341,0.27175923373773814,-0.0035477400368830857,-0.29135206932461066,-0.0021952738614859405,-0.007399596844295339,-0.08378773860312785,0.00014213056561045989
17,D,SECTOR17_MOM,2016,3463,-0.0005650488883486076,0.004213359551032067,0.16632200662776947,0.09150405001870776,2.792036314491679,0.004330823841683396,0.002505917205659276,0.09292721567963322,0.0005650488883486076
17,D,SECTOR33_MOM,POOLED,122278,-4.957050702734853e-05,0.005511373314410644,1.0900509608143356,0.0051105569160666145,0.8099513284647252,-0.004365962641872059,-0.010375824521484653,-0.14794507005307128,4.957050702734853e-05
17,D,SECTOR33_MOM,2011,18222,0.000217634429861659,0.010755399494836712,0.6894251189403889,0.016153700352375674,0.7847569359335431,-0.023510606551929335,-0.02834371078994493,-0.6968939691778699,-0.000217634429861659
17,D,SECTOR33_MOM,2012,30608,-0.0003460341442599861,0.01507408885531628,1.345997750804695,-0.013289531514663819,-1.0595683844434765,0.002540480855720261,-0.007094083175892885,0.08862525129592,0.0003460341442599861
17,D,SECTOR33_MOM,2013,27774,9.256799517145678e-05,0.005992934017076027,0.6623927946286128,-0.0026257135016636802,-0.2715294871634257,-0.0003819718763521599,-0.007289930175631619,-0.011421828128183141,-9.256799517145678e-05
17,D,SECTOR33_MOM,2014,18705,5.971462774233481e-05,-0.0068627622962788995,-0.6598051813477847,0.008145149353763795,0.6644899895100019,-0.0017313109332955149,-0.005783359168396874,-0.0880808530488224,-5.971462774233481e-05
17,D,SECTOR33_MOM,2015,23506,-0.00014213056561045989,0.002763929524091341,0.27175923373773814,-0.0035477400368830857,-0.29135206932461066,-0.0020485728947448466,-0.007392741492661061,-0.07632841404391397,0.00014213056561045989
17,D,SECTOR33_MOM,2016,3463,-0.0005650488883486076,0.004213359551032067,0.16632200662776947,0.09150405001870776,2.792036314491679,0.008967250602781467,0.0061620222201328075,0.2216554347523155,0.0005650488883486076
17,D,RELATIVE33_MOM,POOLED,122278,-4.957050702734853e-05,0.005511373314410644,1.0900509608143356,0.0051105569160666145,0.8099513284647252,-0.00627635692158213,-0.012800953829230539,-0.27322850137638094,4.957050702734853e-05
17,D,RELATIVE33_MOM,2011,18222,0.000217634429861659,0.010755399494836712,0.6894251189403889,0.016153700352375674,0.7847569359335431,-0.022936435586406796,-0.028113646334939,-0.8565647878914093,-0.000217634429861659
17,D,RELATIVE33_MOM,2012,30608,-0.0003460341442599861,0.01507408885531628,1.345997750804695,-0.013289531514663819,-1.0595683844434765,0.005103955201546548,-0.004037773305014623,0.19924912187783375,0.0003460341442599861
17,D,RELATIVE33_MOM,2013,27774,9.256799517145678e-05,0.005992934017076027,0.6623927946286128,-0.0026257135016636802,-0.2715294871634257,-0.007171746717981077,-0.014656137575439805,-0.24690566196945007,-9.256799517145678e-05
17,D,RELATIVE33_MOM,2014,18705,5.971462774233481e-05,-0.0068627622962788995,-0.6598051813477847,0.008145149353763795,0.6644899895100019,-0.003435671039934657,-0.008412757176203907,-0.2590301863155669,-5.971462774233481e-05
17,D,RELATIVE33_MOM,2015,23506,-0.00014213056561045989,0.002763929524091341,0.27175923373773814,-0.0035477400368830857,-0.29135206932461066,0.0028819436187524174,-0.003527920280594677,0.17652637063686386,0.00014213056561045989
17,D,RELATIVE33_MOM,2016,3463,-0.0005650488883486076,0.004213359551032067,0.16632200662776947,0.09150405001870776,2.792036314491679,-0.030637927435683287,-0.03466478753335637,-1.4322274425896473,0.0005650488883486076
17,D,MOM60,POOLED,122278,-4.957050702734853e-05,0.005511373314410644,1.0900509608143356,0.0051105569160666145,0.8099513284647252,-0.0053509122214181245,-0.007932350116923613,-0.16585035317030927,4.957050702734853e-05
17,D,MOM60,2011,18222,0.000217634429861659,0.010755399494836712,0.6894251189403889,0.016153700352375674,0.7847569359335431,-0.021587302591119097,-0.023643667632834924,-0.5694229609526862,-0.000217634429861659
17,D,MOM60,2012,30608,-0.0003460341442599861,0.01507408885531628,1.345997750804695,-0.013289531514663819,-1.0595683844434765,0.0108464552590765,0.007357333967141795,0.3333177103294692,0.0003460341442599861
17,D,MOM60,2013,27774,9.256799517145678e-05,0.005992934017076027,0.6623927946286128,-0.0026257135016636802,-0.2715294871634257,-0.010282530267990123,-0.013319574997618907,-0.2599601971809217,-9.256799517145678e-05
17,D,MOM60,2014,18705,5.971462774233481e-05,-0.0068627622962788995,-0.6598051813477847,0.008145149353763795,0.6644899895100019,-0.0035396118413864317,-0.005738775751600258,-0.18924814769693166,-5.971462774233481e-05
17,D,MOM60,2015,23506,-0.00014213056561045989,0.002763929524091341,0.27175923373773814,-0.0035477400368830857,-0.29135206932461066,-0.0007030399612559402,-0.003095702172802327,-0.02658832364998072,0.00014213056561045989
17,D,MOM60,2016,3463,-0.0005650488883486076,0.004213359551032067,0.16632200662776947,0.09150405001870776,2.792036314491679,-0.012195761949795486,-0.01362099895065733,-0.31504980881658096,0.0005650488883486076
17,ZERO_OR_MISSING,SECTOR17_MOM,POOLED,18020,9.576955984252577e-05,0.013885722121016237,0.9921972953644405,-0.008996630375481844,-0.3381373183812231,-0.001542526340827541,-0.002400825516104771,-0.5667347859278957,-9.576955984252577e-05
17,ZERO_OR_MISSING,SECTOR17_MOM,2011,4339,0.0004352366037124358,0.01486949264727043,0.633884578574639,-0.0393829792464333,-1.0016373264790104,-0.002150150021337199,-0.0037118478861162445,-0.5583352147772896,-0.0004352366037124358
17,ZERO_OR_MISSING,SECTOR17_MOM,2012,4151,0.0007474579656100733,0.026812212178065835,1.175443372053207,-0.011787397300691616,-0.26828984097873126,-0.00332089090628103,-0.0043974569135723975,-1.785983941723254,-0.0007474579656100733
17,ZERO_OR_MISSING,SECTOR17_MOM,2013,4248,0.00027809971310635144,0.0027310138421249492,0.12396345729489502,-0.0692531189449161,-0.877505510624168,-0.0032467833845345752,-0.004070090714435249,-1.2074180475832956,-0.00027809971310635144
17,ZERO_OR_MISSING,SECTOR17_MOM,2014,2902,-0.0007684228786542788,-0.037886080861287474,-0.957338355936584,0.04612483602117245,0.528686992116973,5.390783974504138e-05,-0.0006290823504879876,0.018612601587530794,0.0007684228786542788
17,ZERO_OR_MISSING,SECTOR17_MOM,2015,1797,0.000163878023347707,0.06198347107438017,1.4444034252878404,-0.012076758914126065,-0.14771667633557353,0.00023135698825530913,3.413237569525689e-05,0.18702900169378867,-0.000163878023347707
17,ZERO_OR_MISSING,SECTOR17_MOM,2016,583,-0.0015052430634513983,0.01694915254237288,0.22730799382963424,0.13501779371038897,1.0987207789023101,0.0015701492820470423,0.0009442515515098391,0.41072837598079515,0.0015052430634513983
17,ZERO_OR_MISSING,SECTOR33_MOM,POOLED,18020,9.576955984252577e-05,0.013885722121016237,0.9921972953644405,-0.008996630375481844,-0.3381373183812231,-0.0024000601792607806,-0.0030253384312174895,-0.8427609525817857,-9.576955984252577e-05
17,ZERO_OR_MISSING,SECTOR33_MOM,2011,4339,0.0004352366037124358,0.01486949264727043,0.633884578574639,-0.0393829792464333,-1.0016373264790104,-0.003258821396171932,-0.004170817735777778,-1.1915827475112184,-0.0004352366037124358
17,ZERO_OR_MISSING,SECTOR33_MOM,2012,4151,0.0007474579656100733,0.026812212178065835,1.175443372053207,-0.011787397300691616,-0.26828984097873126,-0.0017356798117938853,-0.0023368087333083026,-0.8099501637918687,-0.0007474579656100733
17,ZERO_OR_MISSING,SECTOR33_MOM,2013,4248,0.00027809971310635144,0.0027310138421249492,0.12396345729489502,-0.0692531189449161,-0.877505510624168,-0.006169618131466163,-0.006995538040840737,-1.6236184585787412,-0.00027809971310635144
17,ZERO_OR_MISSING,SECTOR33_MOM,2014,2902,-0.0007684228786542788,-0.037886080861287474,-0.957338355936584,0.04612483602117245,0.528686992116973,-0.001881004768253933,-0.0025262255201142217,-0.5600712205611669,0.0007684228786542788
17,ZERO_OR_MISSING,SECTOR33_MOM,2015,1797,0.000163878023347707,0.06198347107438017,1.4444034252878404,-0.012076758914126065,-0.14771667633557353,0.0003140062973003331,0.00011481494137585094,0.2684164115257968,-0.000163878023347707
17,ZERO_OR_MISSING,SECTOR33_MOM,2016,583,-0.0015052430634513983,0.01694915254237288,0.22730799382963424,0.13501779371038897,1.0987207789023101,0.0006309311920445617,0.0002463434299072449,0.16673517445707373,0.0015052430634513983
17,ZERO_OR_MISSING,RELATIVE33_MOM,POOLED,18020,9.576955984252577e-05,0.013885722121016237,0.9921972953644405,-0.008996630375481844,-0.3381373183812231,-0.0011422204974910056,-0.0014828908383587005,-0.5760862629481435,-9.576955984252577e-05
17,ZERO_OR_MISSING,RELATIVE33_MOM,2011,4339,0.0004352366037124358,0.01486949264727043,0.633884578574639,-0.0393829792464333,-1.0016373264790104,-0.00013839890044907243,-0.0007056090268546622,-0.050878685930963036,-0.0004352366037124358
17,ZERO_OR_MISSING,RELATIVE33_MOM,2012,4151,0.0007474579656100733,0.026812212178065835,1.175443372053207,-0.011787397300691616,-0.26828984097873126,-0.0021883747723775784,-0.0026788396401074754,-1.13624611542305,-0.0007474579656100733
17,ZERO_OR_MISSING,RELATIVE33_MOM,2013,4248,0.00027809971310635144,0.0027310138421249492,0.12396345729489502,-0.0692531189449161,-0.877505510624168,-0.0036448269465715745,-0.004132706054346396,-1.3150756399215164,-0.00027809971310635144
17,ZERO_OR_MISSING,RELATIVE33_MOM,2014,2902,-0.0007684228786542788,-0.037886080861287474,-0.957338355936584,0.04612483602117245,0.528686992116973,5.508018718468651e-06,-0.0002313252178059806,0.004080778339251017,0.0007684228786542788
17,ZERO_OR_MISSING,RELATIVE33_MOM,2015,1797,0.000163878023347707,0.06198347107438017,1.4444034252878404,-0.012076758914126065,-0.14771667633557353,0.0,0.0,0.0,-0.000163878023347707
17,ZERO_OR_MISSING,RELATIVE33_MOM,2016,583,-0.0015052430634513983,0.01694915254237288,0.22730799382963424,0.13501779371038897,1.0987207789023101,0.0,0.0,0.0,0.0015052430634513983
17,ZERO_OR_MISSING,MOM60,POOLED,18020,9.576955984252577e-05,0.013885722121016237,0.9921972953644405,-0.008996630375481844,-0.3381373183812231,-0.0009428769373244409,-0.0011067703439902334,-0.4134123023249321,-9.576955984252577e-05
17,ZERO_OR_MISSING,MOM60,2011,4339,0.0004352366037124358,0.01486949264727043,0.633884578574639,-0.0393829792464333,-1.0016373264790104,-0.0018664262489195458,-0.0021500289221819658,-0.708272442589341,-0.0004352366037124358
17,ZERO_OR_MISSING,MOM60,2012,4151,0.0007474579656100733,0.026812212178065835,1.175443372053207,-0.011787397300691616,-0.26828984097873126,-9.728437256114202e-05,-0.00026931079503287816,-0.04784712292814484,-0.0007474579656100733
17,ZERO_OR_MISSING,MOM60,2013,4248,0.00027809971310635144,0.0027310138421249492,0.12396345729489502,-0.0692531189449161,-0.877505510624168,-0.0030575649935176605,-0.00324037910019013,-1.0959211267618516,-0.00027809971310635144
17,ZERO_OR_MISSING,MOM60,2014,2902,-0.0007684228786542788,-0.037886080861287474,-0.957338355936584,0.04612483602117245,0.528686992116973,0.00023865209495424133,9.453151034833272e-05,0.10555421050412234,0.0007684228786542788
17,ZERO_OR_MISSING,MOM60,2015,1797,0.000163878023347707,0.06198347107438017,1.4444034252878404,-0.012076758914126065,-0.14771667633557353,-0.00018904450134454083,-0.00024313603655603839,-0.11688804635836596,-0.000163878023347707
17,ZERO_OR_MISSING,MOM60,2016,583,-0.0015052430634513983,0.01694915254237288,0.22730799382963424,0.13501779371038897,1.0987207789023101,0.00010658804779783216,1.6096809647875755e-05,0.060571849493524225,0.0015052430634513983
33,A,SECTOR17_MOM,POOLED,220228,0.0003795925872546071,-0.0016956622727472173,-0.4385482224892947,-0.007524778220092912,-1.8786528536059597,-0.007890747211866103,-0.01383654276214791,-0.913168751258149,-0.0003795925872546071
33,A,SECTOR17_MOM,2011,46661,0.0003415807957168977,-0.0024732702937603998,-0.25293936221991714,0.002980896976448009,0.29457773806689735,-0.006962774526900194,-0.015046365823006901,-0.6544906602623255,-0.0003415807957168977
33,A,SECTOR17_MOM,2012,33460,0.0001499432285827025,0.00239168067372719,0.2638303296030976,-0.0069248501896766205,-0.7070235930543115,-0.003876045303101963,-0.007354221537689908,-1.0948689524757564,-0.0001499432285827025
33,A,SECTOR17_MOM,2013,38861,0.00042767041170720474,-0.004226694280854396,-0.5403240440851907,-0.0025366764154512965,-0.298049657844294,-0.004521085917967107,-0.008362254167863875,-1.0432505671228827,-0.00042767041170720474
33,A,SECTOR17_MOM,2014,43317,0.00041488404317809556,-0.003244856157743947,-0.433467140374871,-0.018265226823892776,-2.2606732013453663,-0.012661076588781605,-0.021122644685864896,-1.4758037227650418,-0.00041488404317809556
33,A,SECTOR17_MOM,2015,44509,0.0005034371191467928,-0.0034860236930344675,-0.37023633817362595,-0.01481926177711975,-1.8832762389185815,-0.007119361019653019,-0.011810103665677151,-0.8341630661345217,-0.0005034371191467928
33,A,SECTOR17_MOM,2016,13420,0.0006429279632474483,0.008587143593731882,0.4584004408767913,0.0001342637485561713,0.005559188867980894,-0.025927992563089208,-0.03685480956969651,-1.2563204119969804,-0.0006429279632474483
33,A,SECTOR33_MOM,POOLED,220228,0.0003795925872546071,-0.0016956622727472173,-0.4385482224892947,-0.007524778220092912,-1.8786528536059597,-0.0034874621570285557,-0.00784826894259102,-0.663251004742077,-0.0003795925872546071
33,A,SECTOR33_MOM,2011,46661,0.0003415807957168977,-0.0024732702937603998,-0.25293936221991714,0.002980896976448009,0.29457773806689735,-0.005186678031344851,-0.011213271015464628,-0.7968274930808118,-0.0003415807957168977
33,A,SECTOR33_MOM,2012,33460,0.0001499432285827025,0.00239168067372719,0.2638303296030976,-0.0069248501896766205,-0.7070235930543115,4.655763227504443e-05,-0.0019412373756141441,0.030782937593890933,-0.0001499432285827025
33,A,SECTOR33_MOM,2013,38861,0.00042767041170720474,-0.004226694280854396,-0.5403240440851907,-0.0025366764154512965,-0.298049657844294,-0.0008279269371327404,-0.0034527424942659753,-0.35943218071449823,-0.00042767041170720474
33,A,SECTOR33_MOM,2014,43317,0.00041488404317809556,-0.003244856157743947,-0.433467140374871,-0.018265226823892776,-2.2606732013453663,-0.0047140685994726565,-0.011034551500437934,-0.8168358817242682,-0.00041488404317809556
33,A,SECTOR33_MOM,2015,44509,0.0005034371191467928,-0.0034860236930344675,-0.37023633817362595,-0.01481926177711975,-1.8832762389185815,-0.0035504109138987483,-0.007614827119495197,-0.6804143749952933,-0.0005034371191467928
33,A,SECTOR33_MOM,2016,13420,0.0006429279632474483,0.008587143593731882,0.4584004408767913,0.0001342637485561713,0.005559188867980894,-0.01688837929110399,-0.024610298279900307,-1.39737607369687,-0.0006429279632474483
33,A,RELATIVE33_MOM,POOLED,220228,0.0003795925872546071,-0.0016956622727472173,-0.4385482224892947,-0.007524778220092912,-1.8786528536059597,-0.0044154018603527806,-0.011349959153369414,-0.5018904732977439,-0.0003795925872546071
33,A,RELATIVE33_MOM,2011,46661,0.0003415807957168977,-0.0024732702937603998,-0.25293936221991714,0.002980896976448009,0.29457773806689735,-0.01581354204562252,-0.02461821479303128,-1.239752106932743,-0.0003415807957168977
33,A,RELATIVE33_MOM,2012,33460,0.0001499432285827025,0.00239168067372719,0.2638303296030976,-0.0069248501896766205,-0.7070235930543115,-0.00042890636741185295,-0.0061194008126387684,-0.07763587560493826,-0.0001499432285827025
33,A,RELATIVE33_MOM,2013,38861,0.00042767041170720474,-0.004226694280854396,-0.5403240440851907,-0.0025366764154512965,-0.298049657844294,-0.0033682267407836547,-0.010104055488496385,-0.4926314760660689,-0.00042767041170720474
33,A,RELATIVE33_MOM,2014,43317,0.00041488404317809556,-0.003244856157743947,-0.433467140374871,-0.018265226823892776,-2.2606732013453663,-0.0015614371389645967,-0.007309001373676107,-0.431572108874593,-0.00041488404317809556
33,A,RELATIVE33_MOM,2015,44509,0.0005034371191467928,-0.0034860236930344675,-0.37023633817362595,-0.01481926177711975,-1.8832762389185815,2.8132821659303213e-05,-0.007068613495078694,0.0032833006105169376,-0.0005034371191467928
33,A,RELATIVE33_MOM,2016,13420,0.0006429279632474483,0.008587143593731882,0.4584004408767913,0.0001342637485561713,0.005559188867980894,-0.008337236367489807,-0.017778488881135323,-0.4556458567836047,-0.0006429279632474483
33,A,MOM60,POOLED,220228,0.0003795925872546071,-0.0016956622727472173,-0.4385482224892947,-0.007524778220092912,-1.8786528536059597,-0.0009161909220425412,-0.00232490580635723,-0.35945961894391654,-0.0003795925872546071
33,A,MOM60,2011,46661,0.0003415807957168977,-0.0024732702937603998,-0.25293936221991714,0.002980896976448009,0.29457773806689735,-0.003801974008339941,-0.0059007643089099785,-1.0430977825095678,-0.0003415807957168977
33,A,MOM60,2012,33460,0.0001499432285827025,0.00239168067372719,0.2638303296030976,-0.0069248501896766205,-0.7070235930543115,0.00199597732726969,0.0011015660542971206,1.3836859548426899,-0.0001499432285827025
33,A,MOM60,2013,38861,0.00042767041170720474,-0.004226694280854396,-0.5403240440851907,-0.0025366764154512965,-0.298049657844294,-0.0005793542396356217,-0.0016830526341152445,-0.3344108165707036,-0.00042767041170720474
33,A,MOM60,2014,43317,0.00041488404317809556,-0.003244856157743947,-0.433467140374871,-0.018265226823892776,-2.2606732013453663,-0.001291293663729507,-0.002526991509864626,-0.9318773044770023,-0.00041488404317809556
33,A,MOM60,2015,44509,0.0005034371191467928,-0.0034860236930344675,-0.37023633817362595,-0.01481926177711975,-1.8832762389185815,0.0007250565443467292,-0.0007553130934599973,0.3196318555226863,-0.0005034371191467928
33,A,MOM60,2016,13420,0.0006429279632474483,0.008587143593731882,0.4584004408767913,0.0001342637485561713,0.005559188867980894,-0.007753588151930331,-0.010136524089879195,-1.2909434540430027,-0.0006429279632474483
33,B,SECTOR17_MOM,POOLED,78386,0.00022081870857633353,-0.000704085455009935,-0.15475127530545582,-0.0062822720010598816,-1.2903123713560485,-0.008625273361233669,-0.013118467392633759,-0.5517749921025527,-0.00022081870857633353
33,B,SECTOR17_MOM,2011,12216,0.00041914783328421445,0.005229477128467123,0.4499503827970326,-0.009833470555671044,-0.7012104022840512,-0.02024022696204777,-0.024020820677030957,-0.9984966508663348,-0.00041914783328421445
33,B,SECTOR17_MOM,2012,20067,0.0001108170770006877,-0.008503685511041876,-1.0381536892265533,-0.0075222959083157655,-0.8642821469416567,-0.01129599475893868,-0.01821959409124867,-0.7495210574469234,-0.0001108170770006877
33,B,SECTOR17_MOM,2013,15020,6.974355947047708e-05,-0.00587717649213497,-0.6432823852065955,0.0019967301194129014,0.20004139212306354,0.002901223216656277,-0.0015016199833421747,0.1908507597183107,-6.974355947047708e-05
33,B,SECTOR17_MOM,2014,13124,0.0003395393371716057,-0.002192590441438158,-0.18306055761120368,-0.0058372126712671136,-0.49015629534733507,-0.013679161269503535,-0.017138219336440573,-1.0869054703346817,-0.0003395393371716057
33,B,SECTOR17_MOM,2015,15510,9.066411213166064e-05,0.007804014147303824,0.7761850323305916,-0.004876371400166459,-0.4893465575275295,-0.0005098082259642758,-0.004644633423688457,-0.03971935009109136,-9.066411213166064e-05
33,B,SECTOR17_MOM,2016,2449,0.0005317459207097549,-0.00010806628592489898,-0.004284564844431473,-0.028176215874712154,-1.1708870974214953,-0.009683055878655405,-0.013061395436253793,-0.49638468071925407,-0.0005317459207097549
33,B,SECTOR33_MOM,POOLED,78386,0.00022081870857633353,-0.000704085455009935,-0.15475127530545582,-0.0062822720010598816,-1.2903123713560485,-0.007549478076314249,-0.012296932169712914,-0.44419434924697077,-0.00022081870857633353
33,B,SECTOR33_MOM,2011,12216,0.00041914783328421445,0.005229477128467123,0.4499503827970326,-0.009833470555671044,-0.7012104022840512,-0.01947641771527826,-0.023621741690884206,-0.9051209710622661,-0.00041914783328421445
33,B,SECTOR33_MOM,2012,20067,0.0001108170770006877,-0.008503685511041876,-1.0381536892265533,-0.0075222959083157655,-0.8642821469416567,-0.006393814267207236,-0.013146909675641062,-0.38840288089204567,-0.0001108170770006877
33,B,SECTOR33_MOM,2013,15020,6.974355947047708e-05,-0.00587717649213497,-0.6432823852065955,0.0019967301194129014,0.20004139212306354,0.0010015505030267526,-0.0034637042970254777,0.06441388152537603,-6.974355947047708e-05
33,B,SECTOR33_MOM,2014,13124,0.0003395393371716057,-0.002192590441438158,-0.18306055761120368,-0.0058372126712671136,-0.49015629534733507,-0.011140096085110289,-0.01515003810822217,-0.7658071832417245,-0.0003395393371716057
33,B,SECTOR33_MOM,2015,15510,9.066411213166064e-05,0.007804014147303824,0.7761850323305916,-0.004876371400166459,-0.4893465575275295,0.00012644301722634086,-0.0046224004696277755,0.008865133060912795,-9.066411213166064e-05
33,B,SECTOR33_MOM,2016,2449,0.0005317459207097549,-0.00010806628592489898,-0.004284564844431473,-0.028176215874712154,-1.1708870974214953,-0.015220499365468758,-0.01826703771651731,-0.6611409323186449,-0.0005317459207097549
33,B,RELATIVE33_MOM,POOLED,78386,0.00022081870857633353,-0.000704085455009935,-0.15475127530545582,-0.0062822720010598816,-1.2903123713560485,0.0,-0.00015166928467761926,0.0,-0.00022081870857633353
33,B,RELATIVE33_MOM,2011,12216,0.00041914783328421445,0.005229477128467123,0.4499503827970326,-0.009833470555671044,-0.7012104022840512,0.0,-0.0001299878355106267,0.0,-0.00041914783328421445
33,B,RELATIVE33_MOM,2012,20067,0.0001108170770006877,-0.008503685511041876,-1.0381536892265533,-0.0075222959083157655,-0.8642821469416567,0.0,-0.0002490801005274515,0.0,-0.0001108170770006877
33,B,RELATIVE33_MOM,2013,15020,6.974355947047708e-05,-0.00587717649213497,-0.6432823852065955,0.0019967301194129014,0.20004139212306354,0.0,-0.0001362327093284427,0.0,-6.974355947047708e-05
33,B,RELATIVE33_MOM,2014,13124,0.0003395393371716057,-0.002192590441438158,-0.18306055761120368,-0.0058372126712671136,-0.49015629534733507,0.0,-0.00010944059828994879,0.0,-0.0003395393371716057
33,B,RELATIVE33_MOM,2015,15510,9.066411213166064e-05,0.007804014147303824,0.7761850323305916,-0.004876371400166459,-0.4893465575275295,0.0,-0.00013787130880213268,0.0,-9.066411213166064e-05
33,B,RELATIVE33_MOM,2016,2449,0.0005317459207097549,-0.00010806628592489898,-0.004284564844431473,-0.028176215874712154,-1.1708870974214953,0.0,-0.00012819592071243894,0.0,-0.0005317459207097549
33,B,MOM60,POOLED,78386,0.00022081870857633353,-0.000704085455009935,-0.15475127530545582,-0.0062822720010598816,-1.2903123713560485,0.00021989759270852873,-0.00036564083457983393,0.19134688105780245,-0.00022081870857633353
33,B,MOM60,2011,12216,0.00041914783328421445,0.005229477128467123,0.4499503827970326,-0.009833470555671044,-0.7012104022840512,0.0005692953204575097,-1.5483992398274574e-05,0.3131096637648487,-0.00041914783328421445
33,B,MOM60,2012,20067,0.0001108170770006877,-0.008503685511041876,-1.0381536892265533,-0.0075222959083157655,-0.8642821469416567,-0.0003785537704529413,-0.0011259202863056494,-0.3988141244860614,-0.0001108170770006877
33,B,MOM60,2013,15020,6.974355947047708e-05,-0.00587717649213497,-0.6432823852065955,0.0019967301194129014,0.20004139212306354,0.00105571925018359,0.0004320284251411003,1.1163921801240893,-6.974355947047708e-05
33,B,MOM60,2014,13124,0.0003395393371716057,-0.002192590441438158,-0.18306055761120368,-0.0058372126712671136,-0.49015629534733507,0.0002637200401618929,-0.00018785291561716004,0.4375582632478431,-0.0003395393371716057
33,B,MOM60,2015,15510,9.066411213166064e-05,0.007804014147303824,0.7761850323305916,-0.004876371400166459,-0.4893465575275295,-0.0004892995638700663,-0.0010447138762401467,-0.523254656409266,-9.066411213166064e-05
33,B,MOM60,2016,2449,0.0005317459207097549,-0.00010806628592489898,-0.004284564844431473,-0.028176215874712154,-1.1708870974214953,0.0005628027509557394,0.0001329693697434444,0.35539795773217253,-0.0005317459207097549
33,C,SECTOR17_MOM,POOLED,118523,0.00029320070595396474,0.008572259223303113,2.2063519280600037,0.002971529339695927,0.7206015703174161,-0.0015462859116896135,-0.0051078444256941954,-0.2834810092002167,-0.00029320070595396474
33,C,SECTOR17_MOM,2011,21767,0.0004046997776780919,-0.0032752006446801225,-0.3318680626346504,0.007485130580449307,0.743876097798603,9.205444868654809e-05,-0.004036467062859495,0.013930069314442765,-0.0004046997776780919
33,C,SECTOR17_MOM,2012,19146,-0.00023505966345845075,0.015365739068508313,1.7110503351150812,-0.015871896758575907,-1.7755649376090135,0.0012422540759033716,-0.0011175962695941055,0.36778173890708593,0.00023505966345845075
33,C,SECTOR17_MOM,2013,20539,0.00022591134338012856,0.0016585062969022232,0.17910568553122186,0.01728472737392959,1.7752893956096825,-0.0013831614428304535,-0.0035409753887288287,-0.4017125364557477,-0.00022591134338012856
33,C,SECTOR17_MOM,2014,28543,0.0001651522026205037,0.02134494095561084,3.1804312163715007,-0.0019587137754490946,-0.22920977615906846,-0.0019605868184536016,-0.006974427540112214,-0.3463067841224454,-0.0001651522026205037
33,C,SECTOR17_MOM,2015,22255,0.0007946217032263693,0.007470789676961029,0.8432529203601943,0.01301361513753036,1.580455743268351,-0.004888831558792337,-0.008485015339729594,-1.075176431279689,-0.0007946217032263693
33,C,SECTOR17_MOM,2016,6273,0.0007822337232202222,0.009645908682814541,0.6109928473265744,-0.01696906952230092,-0.7299412797314675,-0.005183233783152535,-0.011102868945462219,-0.4174495029694033,-0.0007822337232202222
33,C,SECTOR33_MOM,POOLED,118523,0.00029320070595396474,0.008572259223303113,2.2063519280600037,0.002971529339695927,0.7206015703174161,0.00021617471187853623,-0.002868868244032059,0.07148337646979105,-0.00029320070595396474
33,C,SECTOR33_MOM,2011,21767,0.0004046997776780919,-0.0032752006446801225,-0.3318680626346504,0.007485130580449307,0.743876097798603,0.00046287620999218155,-0.003205076952530878,0.13303911094377027,-0.0004046997776780919
33,C,SECTOR33_MOM,2012,19146,-0.00023505966345845075,0.015365739068508313,1.7110503351150812,-0.015871896758575907,-1.7755649376090135,-0.0004794659568017076,-0.0020848649522891504,-0.3243592077270968,0.00023505966345845075
33,C,SECTOR33_MOM,2013,20539,0.00022591134338012856,0.0016585062969022232,0.17910568553122186,0.01728472737392959,1.7752893956096825,0.0021403156303291745,0.00012745153656307947,1.2669270339006329,-0.00022591134338012856
33,C,SECTOR33_MOM,2014,28543,0.0001651522026205037,0.02134494095561084,3.1804312163715007,-0.0019587137754490946,-0.22920977615906846,0.0008187936198303373,-0.0032542466829575305,0.24644490843615946,-0.0001651522026205037
33,C,SECTOR33_MOM,2015,22255,0.0007946217032263693,0.007470789676961029,0.8432529203601943,0.01301361513753036,1.580455743268351,-0.0015097370311648191,-0.005109652908125664,-0.5440186343477098,-0.0007946217032263693
33,C,SECTOR33_MOM,2016,6273,0.0007822337232202222,0.009645908682814541,0.6109928473265744,-0.01696906952230092,-0.7299412797314675,-0.001216880146386296,-0.006322094165346362,-0.17000762087246346,-0.0007822337232202222
33,C,RELATIVE33_MOM,POOLED,118523,0.00029320070595396474,0.008572259223303113,2.2063519280600037,0.002971529339695927,0.7206015703174161,-0.021429261604669823,-0.02783028562585273,-0.8378607246813341,-0.00029320070595396474
33,C,RELATIVE33_MOM,2011,21767,0.0004046997776780919,-0.0032752006446801225,-0.3318680626346504,0.007485130580449307,0.743876097798603,-0.03302663016590805,-0.0396879597099258,-1.1898232109914892,-0.0004046997776780919
33,C,RELATIVE33_MOM,2012,19146,-0.00023505966345845075,0.015365739068508313,1.7110503351150812,-0.015871896758575907,-1.7755649376090135,0.014472356906073233,0.008994066374867273,0.714776359092908,0.00023505966345845075
33,C,RELATIVE33_MOM,2013,20539,0.00022591134338012856,0.0016585062969022232,0.17910568553122186,0.01728472737392959,1.7752893956096825,-0.016317502670883072,-0.022468194669590946,-0.7159639703210489,-0.00022591134338012856
33,C,RELATIVE33_MOM,2014,28543,0.0001651522026205037,0.02134494095561084,3.1804312163715007,-0.0019587137754490946,-0.22920977615906846,-0.012523283784714333,-0.02014232052380855,-0.47791643767319314,-0.0001651522026205037
33,C,RELATIVE33_MOM,2015,22255,0.0007946217032263693,0.007470789676961029,0.8432529203601943,0.01301361513753036,1.580455743268351,-0.05194019758284704,-0.057922184822286456,-2.4854398242144637,-0.0007946217032263693
33,C,RELATIVE33_MOM,2016,6273,0.0007822337232202222,0.009645908682814541,0.6109928473265744,-0.01696906952230092,-0.7299412797314675,-0.05579189109420239,-0.0627220117491866,-1.10676830552135,-0.0007822337232202222
33,C,MOM60,POOLED,118523,0.00029320070595396474,0.008572259223303113,2.2063519280600037,0.002971529339695927,0.7206015703174161,-0.01697986606173248,-0.019911429733990307,-0.8090537754105004,-0.00029320070595396474
33,C,MOM60,2011,21767,0.0004046997776780919,-0.0032752006446801225,-0.3318680626346504,0.007485130580449307,0.743876097798603,-0.02391887231389411,-0.026820395017548564,-1.0188405526071214,-0.0004046997776780919
33,C,MOM60,2012,19146,-0.00023505966345845075,0.015365739068508313,1.7110503351150812,-0.015871896758575907,-1.7755649376090135,0.010956105544506422,0.008340588348175287,0.6836837899824415,0.00023505966345845075
33,C,MOM60,2013,20539,0.00022591134338012856,0.0016585062969022232,0.17910568553122186,0.01728472737392959,1.7752893956096825,-0.013123920425351831,-0.015884282635566214,-0.7653189559533519,-0.00022591134338012856
33,C,MOM60,2014,28543,0.0001651522026205037,0.02134494095561084,3.1804312163715007,-0.0019587137754490946,-0.22920977615906846,-0.007683770330648902,-0.011064251376657173,-0.3648875119378143,-0.0001651522026205037
33,C,MOM60,2015,22255,0.0007946217032263693,0.007470789676961029,0.8432529203601943,0.01301361513753036,1.580455743268351,-0.041799022635822296,-0.04468873465942513,-2.427511288144754,-0.0007946217032263693
33,C,MOM60,2016,6273,0.0007822337232202222,0.009645908682814541,0.6109928473265744,-0.01696906952230092,-0.7299412797314675,-0.05708977388363895,-0.06049827718728732,-1.290543070671738,-0.0007822337232202222
33,D,SECTOR17_MOM,POOLED,118386,-1.9554102468075474e-05,0.008322081170683606,1.6270724878134757,0.01218585936952061,2.088178302764511,-0.0075662055147227205,-0.013687347285513761,-0.26929450216112516,1.9554102468075474e-05
33,D,SECTOR17_MOM,2011,18240,0.00019416847575793388,0.015340607962395919,0.9531146100517671,0.0184229031548823,1.1017889468708928,-0.019112113641461613,-0.024381976114189022,-0.5771735393003452,-0.00019416847575793388
33,D,SECTOR17_MOM,2012,28428,-0.0002697224307242437,0.017708550667805068,1.5760346343643448,-0.0020140805507474686,-0.1694642700608901,0.0012935377705158803,-0.008922775351040937,0.046613885618467896,0.0002697224307242437
33,D,SECTOR17_MOM,2013,26857,0.0001829582045473921,0.010618036591132134,1.2224236532335246,0.01915586040204142,2.1328882534777236,-0.014464431381189044,-0.021519999909539702,-0.47341298504937035,-0.0001829582045473921
33,D,SECTOR17_MOM,2014,18402,5.661406243047926e-05,-0.01148591992571201,-1.0290194910136825,0.003925601853315298,0.3047303742532714,-0.00257110969515236,-0.00655337598727225,-0.1388520271349414,-5.661406243047926e-05
33,D,SECTOR17_MOM,2015,22752,-0.0001210624476825841,0.005457948260476483,0.5906168338670245,-0.0004783346014232598,-0.03738771050207354,-0.0072769154359908165,-0.012132099543018164,-0.29509454219957926,0.0001210624476825841
33,D,SECTOR17_MOM,2016,3707,-0.0005885855104581632,0.023767871388322426,0.9919131698739824,0.10260834065019277,3.6229638527010533,0.009783054227498044,0.0071135627020743036,0.24015594086051317,0.0005885855104581632
33,D,SECTOR33_MOM,POOLED,118386,-1.9554102468075474e-05,0.008322081170683606,1.6270724878134757,0.01218585936952061,2.088178302764511,-0.005445866655318255,-0.011533549318121446,-0.17460206091261202,1.9554102468075474e-05
33,D,SECTOR33_MOM,2011,18240,0.00019416847575793388,0.015340607962395919,0.9531146100517671,0.0184229031548823,1.1017889468708928,-0.018926831746040044,-0.02392764986236299,-0.5293600983917066,-0.00019416847575793388
33,D,SECTOR33_MOM,2012,28428,-0.0002697224307242437,0.017708550667805068,1.5760346343643448,-0.0020140805507474686,-0.1694642700608901,0.002098741638534933,-0.007585856648587568,0.06981495001399511,0.0002697224307242437
33,D,SECTOR33_MOM,2013,26857,0.0001829582045473921,0.010618036591132134,1.2224236532335246,0.01915586040204142,2.1328882534777236,-0.007276919896276184,-0.014224606946526986,-0.20971115827550868,-0.0001829582045473921
33,D,SECTOR33_MOM,2014,18402,5.661406243047926e-05,-0.01148591992571201,-1.0290194910136825,0.003925601853315298,0.3047303742532714,-0.002773639581121702,-0.00675691376298326,-0.1302753730568457,-5.661406243047926e-05
33,D,SECTOR33_MOM,2015,22752,-0.0001210624476825841,0.005457948260476483,0.5906168338670245,-0.0004783346014232598,-0.03738771050207354,-0.005164497120862717,-0.010667614604283854,-0.18654925631034205,0.0001210624476825841
33,D,SECTOR33_MOM,2016,3707,-0.0005885855104581632,0.023767871388322426,0.9919131698739824,0.10260834065019277,3.6229638527010533,0.014046954277164412,0.010992874989603366,0.3050971637145968,0.0005885855104581632
33,D,RELATIVE33_MOM,POOLED,118386,-1.9554102468075474e-05,0.008322081170683606,1.6270724878134757,0.01218585936952061,2.088178302764511,-0.007032018284818304,-0.01386370104387167,-0.30440396825596294,1.9554102468075474e-05
33,D,RELATIVE33_MOM,2011,18240,0.00019416847575793388,0.015340607962395919,0.9531146100517671,0.0184229031548823,1.1017889468708928,-0.015224089595404671,-0.020907230173327393,-0.5473782216447227,-0.00019416847575793388
33,D,RELATIVE33_MOM,2012,28428,-0.0002697224307242437,0.017708550667805068,1.5760346343643448,-0.0020140805507474686,-0.1694642700608901,0.0003949688417519287,-0.008792208763100096,0.015791792406043375,0.0002697224307242437
33,D,RELATIVE33_MOM,2013,26857,0.0001829582045473921,0.010618036591132134,1.2224236532335246,0.01915586040204142,2.1328882534777236,-0.00969044873908914,-0.01748629127160906,-0.34772902438406766,-0.0001829582045473921
33,D,RELATIVE33_MOM,2014,18402,5.661406243047926e-05,-0.01148591992571201,-1.0290194910136825,0.003925601853315298,0.3047303742532714,-0.006745212893338621,-0.012085484601094296,-0.5124422483207053,-5.661406243047926e-05
33,D,RELATIVE33_MOM,2015,22752,-0.0001210624476825841,0.005457948260476483,0.5906168338670245,-0.0004783346014232598,-0.03738771050207354,0.00029405583187271095,-0.006393264485763885,0.017429515393207553,0.0001210624476825841
33,D,RELATIVE33_MOM,2016,3707,-0.0005885855104581632,0.023767871388322426,0.9919131698739824,0.10260834065019277,3.6229638527010533,-0.02453513261114526,-0.029014448899568137,-0.924238132909652,0.0005885855104581632
33,D,MOM60,POOLED,118386,-1.9554102468075474e-05,0.008322081170683606,1.6270724878134757,0.01218585936952061,2.088178302764511,-0.006433701751307841,-0.00892009822386112,-0.2040425698924037,1.9554102468075474e-05
33,D,MOM60,2011,18240,0.00019416847575793388,0.015340607962395919,0.9531146100517671,0.0184229031548823,1.1017889468708928,-0.013010740712402984,-0.015060994047722572,-0.3411678224275951,-0.00019416847575793388
33,D,MOM60,2012,28428,-0.0002697224307242437,0.017708550667805068,1.5760346343643448,-0.0020140805507474686,-0.1694642700608901,0.0057112504162314635,0.0024767885547814813,0.18299967436768014,0.0002697224307242437
33,D,MOM60,2013,26857,0.0001829582045473921,0.010618036591132134,1.2224236532335246,0.01915586040204142,2.1328882534777236,-0.014158228001569025,-0.01708575357736603,-0.3819932165805123,-0.0001829582045473921
33,D,MOM60,2014,18402,5.661406243047926e-05,-0.01148591992571201,-1.0290194910136825,0.003925601853315298,0.3047303742532714,-0.0064441852122928,-0.008600075602454776,-0.3574915987809419,-5.661406243047926e-05
33,D,MOM60,2015,22752,-0.0001210624476825841,0.005457948260476483,0.5906168338670245,-0.0004783346014232598,-0.03738771050207354,-0.004895304006826039,-0.0071742279423439095,-0.18551153309188956,0.0001210624476825841
33,D,MOM60,2016,3707,-0.0005885855104581632,0.023767871388322426,0.9919131698739824,0.10260834065019277,3.6229638527010533,-0.0044359584201437334,-0.005989391341717981,-0.1083452536435905,0.0005885855104581632
33,ZERO_OR_MISSING,SECTOR17_MOM,POOLED,41012,-2.6276364192855344e-05,0.005295480479253297,0.6902724906363634,-0.01346812058929408,-0.5323960429902145,0.0011476002971217366,-0.0005246667289028736,0.23613361316773107,2.6276364192855344e-05
33,ZERO_OR_MISSING,SECTOR17_MOM,2011,7760,0.0002932647411072538,0.015879849460096372,0.7637975350416383,0.017973037623226707,0.4798768365260612,-0.0035336924451585473,-0.005514509740710625,-0.6309606708836998,-0.0002932647411072538
33,ZERO_OR_MISSING,SECTOR17_MOM,2012,7655,-0.0001501188966185274,0.0056257383086651385,0.31896573787671695,-0.044844807751121867,-1.0051204220947805,0.0008741519884689848,-0.0010572256357441066,0.2604194856494418,0.0001501188966185274
33,ZERO_OR_MISSING,SECTOR17_MOM,2013,8050,-0.00022365868279960958,-0.0051122265937080715,-0.33293262102229443,-0.08051039106026492,-0.9862369565553821,0.003636696566215692,0.002072714016930203,0.7661518897102358,0.00022365868279960958
33,ZERO_OR_MISSING,SECTOR17_MOM,2014,7760,1.8797798114684605e-05,0.003439176636668795,0.20833185673948776,-0.0816362256807767,-0.8551015111975937,0.0009865012082705333,-0.0007046845157522308,0.21052198083013918,-1.8797798114684605e-05
33,ZERO_OR_MISSING,SECTOR17_MOM,2015,7788,-6.231147864504826e-05,0.008252632077083481,0.4890234098883978,0.025410363932151705,0.3946404254232389,0.004038594503992727,0.0028464998792666293,1.0342467159234108,6.231147864504826e-05
33,ZERO_OR_MISSING,SECTOR17_MOM,2016,1999,-5.0119953527836515e-05,-0.0013244759007470853,-0.037482615007363385,0.13501779371038897,1.0987207789023101,0.0001194207776652075,-0.0015395852550840017,0.012510243605486483,5.0119953527836515e-05
33,ZERO_OR_MISSING,SECTOR33_MOM,POOLED,41012,-2.6276364192855344e-05,0.005295480479253297,0.6902724906363634,-0.01346812058929408,-0.5323960429902145,-0.0007395312750331625,-0.003062201185230473,-0.15058556129762382,2.6276364192855344e-05
33,ZERO_OR_MISSING,SECTOR33_MOM,2011,7760,0.0002932647411072538,0.015879849460096372,0.7637975350416383,0.017973037623226707,0.4798768365260612,-0.003091159591792464,-0.005783135314966866,-0.5433548181959108,-0.0002932647411072538
33,ZERO_OR_MISSING,SECTOR33_MOM,2012,7655,-0.0001501188966185274,0.0056257383086651385,0.31896573787671695,-0.044844807751121867,-1.0051204220947805,0.004023235918150047,0.0021333542281616446,1.3659166532945137,0.0001501188966185274
33,ZERO_OR_MISSING,SECTOR33_MOM,2013,8050,-0.00022365868279960958,-0.0051122265937080715,-0.33293262102229443,-0.08051039106026492,-0.9862369565553821,-0.0020702433705452857,-0.004428353716948635,-0.555249291337654,0.00022365868279960958
33,ZERO_OR_MISSING,SECTOR33_MOM,2014,7760,1.8797798114684605e-05,0.003439176636668795,0.20833185673948776,-0.0816362256807767,-0.8551015111975937,-0.0005459109878567993,-0.0033341879394718187,-0.10819547886276923,-1.8797798114684605e-05
33,ZERO_OR_MISSING,SECTOR33_MOM,2015,7788,-6.231147864504826e-05,0.008252632077083481,0.4890234098883978,0.025410363932151705,0.3946404254232389,-7.956579827106633e-05,-0.0018304411905812994,-0.01878352868715959,6.231147864504826e-05
33,ZERO_OR_MISSING,SECTOR33_MOM,2016,1999,-5.0119953527836515e-05,-0.0013244759007470853,-0.037482615007363385,0.13501779371038897,1.0987207789023101,-0.008932747617647077,-0.0118284672384457,-0.8190074918866763,5.0119953527836515e-05
33,ZERO_OR_MISSING,RELATIVE33_MOM,POOLED,41012,-2.6276364192855344e-05,0.005295480479253297,0.6902724906363634,-0.01346812058929408,-0.5323960429902145,0.0,-2.9938344399489976e-06,0.0,2.6276364192855344e-05
33,ZERO_OR_MISSING,RELATIVE33_MOM,2011,7760,0.0002932647411072538,0.015879849460096372,0.7637975350416383,0.017973037623226707,0.4798768365260612,0.0,-9.842796479091089e-06,0.0,-0.0002932647411072538
33,ZERO_OR_MISSING,RELATIVE33_MOM,2012,7655,-0.0001501188966185274,0.0056257383086651385,0.31896573787671695,-0.044844807751121867,-1.0051204220947805,0.0,-5.794062465511534e-06,0.0,0.0001501188966185274
33,ZERO_OR_MISSING,RELATIVE33_MOM,2013,8050,-0.00022365868279960958,-0.0051122265937080715,-0.33293262102229443,-0.08051039106026492,-0.9862369565553821,0.0,0.0,0.0,0.00022365868279960958
33,ZERO_OR_MISSING,RELATIVE33_MOM,2014,7760,1.8797798114684605e-05,0.003439176636668795,0.20833185673948776,-0.0816362256807767,-0.8551015111975937,0.0,0.0,0.0,-1.8797798114684605e-05
33,ZERO_OR_MISSING,RELATIVE33_MOM,2015,7788,-6.231147864504826e-05,0.008252632077083481,0.4890234098883978,0.025410363932151705,0.3946404254232389,0.0,0.0,0.0,6.231147864504826e-05
33,ZERO_OR_MISSING,RELATIVE33_MOM,2016,1999,-5.0119953527836515e-05,-0.0013244759007470853,-0.037482615007363385,0.13501779371038897,1.0987207789023101,0.0,0.0,0.0,5.0119953527836515e-05
33,ZERO_OR_MISSING,MOM60,POOLED,41012,-2.6276364192855344e-05,0.005295480479253297,0.6902724906363634,-0.01346812058929408,-0.5323960429902145,0.0017751713634772378,0.001259079010454078,0.3480320834013187,2.6276364192855344e-05
33,ZERO_OR_MISSING,MOM60,2011,7760,0.0002932647411072538,0.015879849460096372,0.7637975350416383,0.017973037623226707,0.4798768365260612,0.002320779924799629,0.001814429454507311,0.41997311810127846,-0.0002932647411072538
33,ZERO_OR_MISSING,MOM60,2012,7655,-0.0001501188966185274,0.0056257383086651385,0.31896573787671695,-0.044844807751121867,-1.0051204220947805,0.0034963515461389296,0.002914724305272316,0.7202841870322267,0.0001501188966185274
33,ZERO_OR_MISSING,MOM60,2013,8050,-0.00022365868279960958,-0.0051122265937080715,-0.33293262102229443,-0.08051039106026492,-0.9862369565553821,0.0016462067443573166,0.00113275089078975,0.3151066207987655,0.00022365868279960958
33,ZERO_OR_MISSING,MOM60,2014,7760,1.8797798114684605e-05,0.003439176636668795,0.20833185673948776,-0.0816362256807767,-0.8551015111975937,-5.2653412456887226e-05,-0.0005731235323318048,-0.013840314147344608,-1.8797798114684605e-05
33,ZERO_OR_MISSING,MOM60,2015,7788,-6.231147864504826e-05,0.008252632077083481,0.4890234098883978,0.025410363932151705,0.3946404254232389,0.0025120488159128714,0.00203716971201345,0.5836156671300786,6.231147864504826e-05
33,ZERO_OR_MISSING,MOM60,2016,1999,-5.0119953527836515e-05,-0.0013244759007470853,-0.037482615007363385,0.13501779371038897,1.0987207789023101,-0.002642549833189573,-0.0030874650874268598,-0.2735556941400103,5.0119953527836515e-05
