strategy,control,scope,delta_rankic,delta_gross_sharpe,delta_net_sharpe,delta_turnover,delta_annual_cost,delta_annual_gross,delta_annual_net,delta_annual_short_gross,delta_annual_short_net
SECTOR17_MOM,MOM60,ALL_TRAIN,0.00014365869264560934,0.3295144569328047,-0.3734023955077744,0.11011199517262506,0.027478056937974588,0.013361109085357644,-0.014116947852616938,0.013294811717001122,-0.00024758051321376734
SECTOR17_MOM,MOM60,POOLED,-0.0034955750001133407,-0.12366374594742735,-0.8523668679293405,0.11117310267657307,0.027752732426075878,-0.011414778240432445,-0.03916751066650832,-0.002146221923493268,-0.016011873006558087
SECTOR17_MOM,MOM60,EX2016,-0.003578490218322035,-0.14344278670929322,-0.8924972858427114,0.1105301021527265,0.02759330810592603,-0.012472965544530697,-0.040066273650456743,-0.004213816867786581,-0.017959720395935977
SECTOR17_MOM,MOM60,2011,-0.006275189454440917,-0.46599935880593857,-1.1584455024147955,0.11953413413871475,0.029866572198245366,-0.030800689937262343,-0.060667262135507674,-0.011915241337501686,-0.027016931505724907
SECTOR17_MOM,MOM60,2012,-0.015602766602012683,-1.2870543642962802,-2.229284474890631,0.13043855269701177,0.03261551018677255,-0.052765617257326675,-0.08538112744409926,-0.03354322729084597,-0.050379159861538306
SECTOR17_MOM,MOM60,2013,0.006476194880050439,0.5329053272489932,-0.018362237389621505,0.08870239403056175,0.021894231664776866,0.019808196853047466,-0.0020860348117293973,0.01132881771290094,0.00023617409857226018
SECTOR17_MOM,MOM60,2014,-0.008879193868566435,-1.1703895152168977,-2.56908866215337,0.11953591012832443,0.029977718682058906,-0.03697471045158843,-0.06695242913364734,-0.014677250584654364,-0.029541057128516637
SECTOR17_MOM,MOM60,2015,0.006556847423080524,0.893534193872513,0.3097698798387823,0.094163444868024,0.02354365244250976,0.03897632847893239,0.015432676036422633,0.02819019910985108,0.017400467766608987
SECTOR17_MOM,MOM60,2016,-0.0017866782994053112,0.19899654301530278,-0.32412584229832314,0.12442545245619073,0.03103849468543523,0.010394641450813057,-0.02064385323462216,0.04046726031821295,0.024133591832145702
SECTOR33_MOM,MOM60,ALL_TRAIN,0.0012869255619303828,0.37691652527535213,-0.2548250735011965,0.10487157450153319,0.026137994168096125,0.016186351019400323,-0.009951643148695793,0.018797013069752976,0.006044546378526222
SECTOR33_MOM,MOM60,POOLED,-0.001830635030734622,-0.03071805732268129,-0.6647870552268992,0.10421831202389092,0.025977722057535034,-0.006093235227348462,-0.03207095728488351,0.005328526327081404,-0.007346824271353487
SECTOR33_MOM,MOM60,EX2016,-0.0019457704953512213,-0.06666198912584298,-0.7141698945166213,0.10328723222379378,0.02574863949289241,-0.00792830942001577,-0.03367694891290819,0.0034935589298955502,-0.009136741147703492
SECTOR33_MOM,MOM60,2011,-0.0027083482218801503,-0.46459942681259375,-1.0591585454064472,0.1104343858175578,0.027512369629558615,-0.029871084763939508,-0.05738345439349812,-0.008376699085083525,-0.021767666924137487
SECTOR33_MOM,MOM60,2012,-0.013294707747035485,-0.9905755589873251,-1.7809732702078995,0.11922932969588983,0.02981395363955175,-0.04181816496868029,-0.07163211860823204,-0.022485876098742478,-0.03633326140019083
SECTOR33_MOM,MOM60,2013,0.005526030919182198,0.30005225245117767,-0.13823590545110215,0.08400101424717855,0.020694621642597957,0.012673308003503365,-0.008021313639094597,0.01812635260141728,0.007646353612912646
SECTOR33_MOM,MOM60,2014,-0.0056357619266422495,-0.5592686914432462,-1.9468661305284614,0.11039715183564047,0.027629669080865293,-0.02336316054969804,-0.050992829630563355,-0.003146739054764895,-0.016577643057147172
SECTOR33_MOM,MOM60,2015,0.00654379617449037,0.9700062309484323,0.4100950838532464,0.09216093520243149,0.023038984426958637,0.04330326005524412,0.020264275628285484,0.03376875299928781,0.02178088356734192
SECTOR33_MOM,MOM60,2016,0.0005423264094990589,0.5177106966941084,0.021446746103846018,0.1234080245140285,0.030699152542372897,0.031727954913048965,0.0010288023706760832,0.043147515394505204,0.029543665925961665
RELATIVE33_MOM,MOM60,ALL_TRAIN,-0.0015976911554208988,-0.22365351520526358,-1.0973716524539285,0.09655282486611651,0.024328129673909314,-0.008848472250218556,-0.033176601924127865,-0.007461994756076798,-0.019745984632150097
RELATIVE33_MOM,MOM60,POOLED,-0.0029598709566091893,-0.0901800005887613,-0.9508577325145279,0.09709836640929573,0.024466164599653985,-0.013960024409158892,-0.03842618900881288,-0.010541991970943819,-0.022935613353876966
RELATIVE33_MOM,MOM60,EX2016,-0.0028024344982735564,-0.12220490809709028,-0.9856733963127433,0.09698626988281399,0.02443778897202513,-0.015009720645596955,-0.03944750961762209,-0.010213843259370744,-0.022589723730645633
RELATIVE33_MOM,MOM60,2011,-0.007539287621440998,-0.7882621506314542,-1.6991677143884587,0.1030782110989171,0.02596194268356134,-0.04611468542960303,-0.07207662811316434,-0.026222750017555363,-0.03937002739620212
RELATIVE33_MOM,MOM60,2012,0.0006402142992533721,0.13029504033806583,-0.8317291131732724,0.09824300159854359,0.02475723640283299,-0.007988288766992611,-0.0327455251698256,-0.007342711683280255,-0.01988016434008512
RELATIVE33_MOM,MOM60,2013,-0.003774726497026443,0.013242895461000825,-0.7493516736556329,0.10155363692686985,0.025591516505571184,-0.006627630322920686,-0.03221914682849185,-0.004216601478740277,-0.017106464607908198
RELATIVE33_MOM,MOM60,2014,-0.00017552984265292206,-0.017247098982629216,-1.0031562055724623,0.08883157450095885,0.02238555677424164,-0.007474731872637266,-0.029860288646878893,-0.0056217512380513455,-0.016693952159943362
RELATIVE33_MOM,MOM60,2015,-0.0031961546066420696,-0.0911337276199098,-0.8480081629458467,0.09316010613537923,0.023476346746115564,-0.00686542738563736,-0.030341774131752937,-0.0076714880830562465,-0.01989611425247545
RELATIVE33_MOM,MOM60,2016,-0.006204663047052044,0.4092456997030992,-0.3839544995116146,0.09940869481949628,0.025050991094513073,0.007674392938445941,-0.017376598156067104,-0.017305192534890643,-0.030064457114034535
