strategy,scope,long_jaccard,long_membership_overlap_vs_RAW_CONTROL,long_gross,long_cost,long_turnover,long_net
MOM60,POOLED,0.9876035467849152,0.9937374980950748,0.05444318381904607,0.00805237097616679,0.03195385308002695,0.04639081284287928
MOM60,EX2016,0.9876311128387518,0.9937512775143617,0.05259900118241747,0.008043524290284161,0.03191874718366731,0.04455547689213331
MOM60,2011,0.9842699263108349,0.9920411789856233,0.0839966368444998,0.008378166080981046,0.033246690797543825,0.07561847076351874
MOM60,2012,0.9883418643982357,0.9941148673261545,0.02142441595101322,0.008343817066231898,0.03311038518345992,0.01308059888478131
MOM60,2013,0.989205588363305,0.9945515034459547,0.04617543206365611,0.008036602833445344,0.03189128108510057,0.03813882923021078
MOM60,2014,0.9890034945645265,0.9944513789899306,0.0579676207332391,0.007493707420586503,0.029736934208676603,0.0504739133126526
MOM60,2015,0.9873303257005154,0.9935952088793101,0.05384298409811835,0.007959010316962587,0.03158337427366106,0.04588397378115578
MOM60,2016,0.9870354057431301,0.9934535019280782,0.09245210053328994,0.008234702671646079,0.03267739155415111,0.08421739786164381
RAW_EWMA_CONTROL,POOLED,1.0,1.0,0.05474046720584727,0.007897263052632055,0.031341168750500074,0.04684320415321522
RAW_EWMA_CONTROL,EX2016,1.0,1.0,0.0526651386144579,0.007885281182178945,0.031293758631472574,0.044779857432278955
RAW_EWMA_CONTROL,2011,1.0,1.0,0.08376963170161113,0.008138064401151949,0.032293906353777574,0.07563156730045917
RAW_EWMA_CONTROL,2012,1.0,1.0,0.0217198705185865,0.008177903716421745,0.03245199887468947,0.013541966802164756
RAW_EWMA_CONTROL,2013,1.0,1.0,0.04446187965399735,0.007898570985002917,0.031343535654773484,0.03656330866899443
RAW_EWMA_CONTROL,2014,1.0,1.0,0.05801075374182492,0.007422078829950405,0.02946756861271487,0.05058867491187449
RAW_EWMA_CONTROL,2015,1.0,1.0,0.05578041629204151,0.007783851766967844,0.030888300662570804,0.04799656452507365
RAW_EWMA_CONTROL,2016,1.0,1.0,0.09751334122499096,0.008144211433496123,0.03231829933927032,0.08936912979149486
RAW_EWMA_SHORT_VETO,POOLED,0.9250082764463301,0.9608865279470182,0.05689523522014999,0.007739140283969213,0.030710874142734965,0.049156094936180776
RAW_EWMA_SHORT_VETO,EX2016,0.925507440497055,0.9611599792538323,0.054881367061405534,0.0077268040234944255,0.030661920728152478,0.04715456303791111
RAW_EWMA_SHORT_VETO,2011,0.9274407237666888,0.962286756453423,0.08457252296606722,0.007992408338070786,0.031715906103455496,0.07658011462799645
RAW_EWMA_SHORT_VETO,2012,0.9222987851702495,0.9594179104143234,0.02333853222022146,0.008027475329986739,0.031855060833280706,0.015311056890234716
RAW_EWMA_SHORT_VETO,2013,0.9149301035575124,0.9554931848603917,0.05048077836972541,0.007702474979998559,0.03056537690475619,0.04277830338972683
RAW_EWMA_SHORT_VETO,2014,0.932208960185694,0.9647056916449275,0.05777727589091396,0.007244344194432598,0.028747397596954757,0.050532931696481376
RAW_EWMA_SHORT_VETO,2015,0.9307473846604087,0.9639439078239964,0.05865458855494155,0.007661350496070012,0.030402184508214334,0.05099323805887156
RAW_EWMA_SHORT_VETO,2016,0.9147204207568118,0.9552506501659043,0.09840139930545959,0.007993392703246192,0.03171981231446902,0.0904080066022133
