trial,year,days,gross_sharpe,net_sharpe,net_all_cost_sharpe,rankic,rankic_t_hac5,rankic_hit,rankic_days,annual_gross,annual_net,annual_cost,annual_cost_all,turnover,max_drawdown_additive,max_drawdown_compound,annual_long,annual_short,period_gross,period_net,period_cost,label_coverage,q_monotonicity,q1_daily_return,q2_daily_return,q3_daily_return,q4_daily_return,q5_daily_return,annual_long_gross,long_gross_sharpe,annual_long_net,long_net_sharpe,annual_long_net_all_cost,long_net_all_cost_sharpe,long_turnover,long_cost_all,annual_short_gross,short_gross_sharpe,annual_short_net,short_net_sharpe,annual_short_net_all_cost,short_net_all_cost_sharpe,short_turnover,short_cost_all,bottom_decile,top_decile,long_overlap,short_overlap,tail_paired_days
C0,2011,243,1.0261925438106645,0.714084207311721,0.7130467008320983,0.005750501868968615,0.511881674458103,0.51440329218107,243,0.052789839423717996,0.03673807385553728,0.0160517655681807,0.016104952400562204,0.06390854127207224,-0.04780619753179609,-0.04689194460851909,0.0839966368444998,-0.031206797420781824,0.05090448801572807,0.035425999789268095,0.01547848822645996,0.994316768175634,0.8999999999999998,0.00020671199619064852,0.00032734883110036657,0.0005163015312821286,0.00047987148552357896,0.0007572683914275406,0.0839966368444998,1.3113947952029392,0.07513507260127737,1.1734915607554761,0.07513507260127737,1.1734915607554761,0.03516493747310489,0.008861564243222434,-0.031206797420781824,-0.5844726440076561,-0.038396998745740096,-0.7187056281716829,-0.03845018557812159,-0.7196987416961856,0.02874360379896735,0.007243388157339773,0.00019247295207424646,0.0009164018109178647,1.0,1.0,0
C0,2012,246,1.0044707686544985,0.5822981213729711,0.581923691519319,0.013709406915662033,1.6211052817169642,0.5691056910569106,246,0.03606547347122047,0.020912296300326285,0.015153177170894188,0.015166701029468259,0.06018532154550898,-0.03701457729701017,-0.036455695800571286,0.02142441595101322,0.01464105752020725,0.0352067717219057,0.02041438448365185,0.01479238723825385,0.995464447430236,0.9999999999999999,-0.00012135021145156003,-0.00010680598767744033,-3.008713908036838e-06,7.409014804728869e-05,0.00021671590328225967,0.02142441595101322,0.4943315950675243,0.013010912473631488,0.30020434908335775,0.013010912473631484,0.30020434908335764,0.03338691856103859,0.008413503477381724,0.01464105752020725,0.3580734857964069,0.00790138382669479,0.19329159839830629,0.007887859968120716,0.19296301594169718,0.026798402984470376,0.006753197552086536,-0.0001243979209459775,0.0003041102063069561,1.0,1.0,0
C0,2013,243,0.9686207114689654,0.6858060506398272,0.6845827067758137,0.010014388248414254,1.2503618348123349,0.49794238683127573,243,0.04887129033757923,0.034616491068790466,0.014254799268788766,0.014316155294591378,0.0568101400579023,-0.07228847208032944,-0.07010665946890793,0.04617543206365611,0.002695858273923116,0.047125887111237115,0.03338018781633366,0.013745699294903452,0.9897103707155114,0.8999999999999998,-3.736565660772219e-05,7.603833916107545e-06,0.0003269394849715462,0.0004155626277535873,0.0003408286012551484,0.04617543206365611,0.8488266343074522,0.03808062120945595,0.6999246508672109,0.03808062120945594,0.6999246508672108,0.03212226529444517,0.008094810854200182,0.002695858273923116,0.05975298922051576,-0.0034641301406654647,-0.07677330817066748,-0.0035254861664680824,-0.07813277992867244,0.024687874763457133,0.006221344440391197,0.00010445247950515502,0.00045759787658009125,1.0,1.0,0
C0,2014,242,1.8495298445315647,1.41043407644796,1.4103068595337205,0.010668036133539862,1.5981386643125632,0.5413223140495868,242,0.05579657037037385,0.04251074047686751,0.013285829893506362,0.013289611020282144,0.052736551667786284,-0.01943125969010645,-0.01933762653165949,0.0579676207332391,-0.0021710503628652325,0.05358242075250188,0.04082380633096007,0.012758614421541824,0.9947227591850191,0.8999999999999998,-3.47899900855722e-05,0.00012399128602581298,0.00042926319198680627,0.00032502885779188683,0.0005266529086362862,0.0579676207332391,1.2820081084302277,0.050454924940769856,1.1156694821807347,0.050454924940769856,1.1156694821807347,0.02981228489075098,0.007512695792469245,-0.0021710503628652325,-0.05614464284220391,-0.007944184463902342,-0.2054861845495505,-0.007947965590678114,-0.20558411062288282,0.022924266777035306,0.005776915227812897,4.560848927876518e-05,0.0004918728701804464,1.0,1.0,0
C1,2011,243,1.0185658035344167,0.681313958702539,0.6800323032741321,0.003770827590797199,0.3396458576493068,0.5102880658436214,243,0.050127370979005985,0.03351026576179665,0.016617105217209348,0.016680139523943587,0.066191029856919,-0.04497288895893137,-0.044179972823163216,0.0839966368444998,-0.03386926586549383,0.048337107729755774,0.032313470556018194,0.016023637173737584,0.994316768175634,0.9999999999999999,0.00019900226345901406,0.00041627343104680653,0.0004307282452249429,0.00047987148552357896,0.0007572683914275406,0.0839966368444998,1.3113947952029392,0.07513507260127737,1.1734915607554761,0.07513507260127737,1.1734915607554761,0.03516493747310489,0.008861564243222434,-0.03386926586549383,-0.660223037637572,-0.041624806839480735,-0.8109936249480072,-0.04168784114621496,-0.8122046093919869,0.03102609238381411,0.007818575280721158,0.00010417268914165083,0.0009164018109178647,1.0,0.6817994792633839,0
C1,2012,246,1.1182805581847834,0.7033693371459463,0.7029982220292295,0.010327582590596403,1.204476496422779,0.5609756097560976,246,0.04117901542854643,0.025913946683058544,0.01526506874548789,0.015278614541045274,0.0606294227819257,-0.035411025358836,-0.03489760917860707,0.02142441595101322,0.019754599477533212,0.040198562680247706,0.02529694795250953,0.01490161472773818,0.995464447430236,0.8999999999999998,-0.0002469198327403502,2.2174889700519632e-05,-7.980701378177684e-06,7.409014804728869e-05,0.00021671590328225967,0.02142441595101322,0.4943315950675243,0.013010912473631488,0.30020434908335775,0.013010912473631484,0.30020434908335764,0.03338691856103859,0.008413503477381724,0.019754599477533212,0.48123358488060813,0.012903034209427039,0.31433644805883615,0.012889488413869665,0.3140045626080686,0.027242504220887108,0.006865111063663552,-0.00020476177484749622,0.0003041102063069561,1.0,0.6813039612018668,0
C1,2013,243,1.0859241267053321,0.8115993107100489,0.8099820805063797,0.009336212285267079,1.0871537499892565,0.5020576131687243,243,0.058217472949901906,0.04352011982248463,0.01469735312741729,0.014784000151281089,0.05866666726698845,-0.07363359990559046,-0.07140729084820208,0.04617543206365611,0.01204204088624579,0.056138277487405415,0.041965829828824464,0.014172447658580958,0.9897103707155114,0.6,-0.00015641126393952517,2.1714704847265368e-05,0.0004192243023938063,0.0004155626277535873,0.0003408286012551484,0.04617543206365611,0.8488266343074522,0.03808062120945595,0.6999246508672109,0.03808062120945594,0.6999246508672108,0.03212226529444517,0.008094810854200182,0.01204204088624579,0.2575748569863385,0.005439498613028683,0.11639155589437035,0.0053528515891648875,0.11453535499610237,0.02654440197254328,0.006689189297080907,-0.000244753369350461,0.00045759787658009125,1.0,0.6806176337037095,0
C1,2014,242,1.3977489628007618,0.8855845400212828,0.8850992954602123,0.007700027929915562,1.307024071346773,0.5247933884297521,242,0.03858334246112178,0.024425435750356897,0.01415790671076487,0.014171136458411858,0.05623466848576135,-0.020180353722405002,-0.0200730775971264,0.0579676207332391,-0.019384278272117323,0.03705225744282329,0.023456172426930037,0.01359608501589325,0.9947227591850191,0.8999999999999998,0.00016902046197551584,0.00012923941593260624,0.00021355056827792348,0.00032502885779188683,0.0005266529086362862,0.0579676207332391,1.2820081084302277,0.050454924940769856,1.1156694821807347,0.050454924940769856,1.1156694821807347,0.02981228489075098,0.007512695792469245,-0.019384278272117323,-0.5347492050195418,-0.026029489190412952,-0.717937205036111,-0.026042718938059928,-0.7182930299252396,0.026422383595010365,0.0066584406659426125,6.918809840140092e-05,0.0004918728701804464,1.0,0.6810628475267559,0
C2,2011,243,1.0753971721778317,0.7748554157050821,0.7743948159982088,0.004924800453852928,0.4133741272761462,0.5185185185185185,243,0.054808619082645026,0.039503225925879626,0.015305393156765391,0.01532905178315565,0.06082957056807798,-0.05264654952147255,-0.051523445822935665,0.0839966368444998,-0.02918801776185478,0.05285116840112199,0.038092396428526784,0.0147587719725952,0.994316768175634,0.8999999999999998,0.00010896877241399994,0.00047487554890714606,0.00046726005203323823,0.00047987148552357896,0.0007572683914275406,0.0839966368444998,1.3113947952029392,0.07513507260127737,1.1734915607554761,0.07513507260127737,1.1734915607554761,0.03516493747310489,0.008861564243222434,-0.02918801776185478,-0.5307868450916317,-0.035631846675397746,-0.6476182784047492,-0.035655505301788,-0.6480413573928944,0.025664633094973088,0.00646748753993322,8.265214894901415e-05,0.0009164018109178647,1.0,0.7989492547512008,0
C2,2012,246,0.9509383950272756,0.5566172912017945,0.5564629892521445,0.01061979567574098,1.239079095956641,0.573170731707317,246,0.0351859242007046,0.02059657698045131,0.014589347220253292,0.014595141322262717,0.057917227469296506,-0.03681827461841444,-0.03626948884496628,0.02142441595101322,0.013761508249691374,0.03434816410068782,0.020106182290440564,0.01424198181024726,0.995464447430236,0.8999999999999998,-0.00010001224641313842,-0.00012846532278305083,-1.375585977667547e-06,7.409014804728869e-05,0.00021671590328225967,0.02142441595101322,0.4943315950675243,0.013010912473631488,0.30020434908335775,0.013010912473631484,0.30020434908335764,0.03338691856103859,0.008413503477381724,0.013761508249691374,0.3414788289862626,0.007585664506819802,0.18824894469792297,0.007579870404810386,0.18810400792492116,0.02453030890825791,0.006181637844880992,8.791373831335094e-05,0.0003041102063069561,1.0,0.8127542101930256,0
C2,2013,243,1.0408688066836373,0.7802600494512921,0.7791964490001884,0.012450321213113373,1.5181262202154426,0.5349794238683128,243,0.05445389059760233,0.0408236020941968,0.013630288503405539,0.013686077767570247,0.054309832410993054,-0.07143984723629547,-0.06936454368152067,0.04617543206365611,0.008278458533946209,0.0525091087905451,0.03936561630511834,0.01314349248542677,0.9897103707155114,0.7,-0.00012129825155244793,3.9876822383369136e-05,0.00037633741990798894,0.0004155626277535873,0.0003408286012551484,0.04617543206365611,0.8488266343074522,0.03808062120945595,0.6999246508672109,0.03808062120945594,0.6999246508672108,0.03212226529444517,0.008094810854200182,0.008278458533946209,0.18012837308668453,0.0027429808847408608,0.059687517517536565,0.0026871916205761493,0.05847334556740401,0.022187567116547888,0.005591266913370066,-0.00014631022697972289,0.00045759787658009125,1.0,0.815354317934341,0
C2,2014,242,1.5825758832129928,1.171733978949018,1.170798098210494,0.009387252094344429,1.4391367068501622,0.5330578512396694,242,0.04861196109364822,0.03596955067528531,0.012642410418362907,0.012670695515619407,0.05028053776039447,-0.016368034571409895,-0.016325947919851536,0.0579676207332391,-0.009355659639590886,0.046682915018503454,0.034542187553250184,0.012140727465253267,0.9947227591850191,0.9999999999999999,-6.89126414855195e-08,0.00022853217714817798,0.0002834337216492296,0.00032502885779188683,0.0005266529086362862,0.0579676207332391,1.2820081084302277,0.050454924940769856,1.1156694821807347,0.050454924940769856,1.1156694821807347,0.02981228489075098,0.007512695792469245,-0.009355659639590886,-0.24491453674953403,-0.014485374265484538,-0.3793075909029839,-0.014513659362741047,-0.3800402604999235,0.0204682528696435,0.005157999723150161,-0.00016431526972332392,0.0004918728701804464,1.0,0.8235349303139732,0
C3,2011,243,0.9708837867009547,0.6675034316368332,0.6672810390475401,0.005216126977467042,0.4459567330669085,0.51440329218107,243,0.05114057249807681,0.035153756168121233,0.01598681632995557,0.015998650035710188,0.06348670649091342,-0.04985299624316646,-0.048851270120100265,0.0839966368444998,-0.032856064346423,0.04931412348028835,0.033898264876402615,0.01541585860388573,0.994316768175634,0.7,0.00015185548077798782,0.0004800952208208624,0.00041969711938362746,0.00047987148552357896,0.0007572683914275406,0.0839966368444998,1.3113947952029392,0.07513507260127737,1.1734915607554761,0.07513507260127737,1.1734915607554761,0.03516493747310489,0.008861564243222434,-0.032856064346423,-0.6112805327596558,-0.03998131643315612,-0.7434325851209026,-0.03999315013891072,-0.7436448048790726,0.028321769017808543,0.007137085792487754,8.023869474249632e-05,0.0009164018109178647,1.0,0.8698456978839905,0
C3,2012,246,0.9519578380059316,0.5435159789485369,0.5434105017644248,0.012553554703684976,1.4088107860300463,0.5650406504065041,246,0.035430437072289274,0.020236609613789938,0.015193827458499341,0.015197690166809679,0.06030829431273683,-0.037864125755772665,-0.0372814650760942,0.02142441595101322,0.01400602112127606,0.03458685523723477,0.01975478557536637,0.014832069661868404,0.995464447430236,0.8999999999999998,-7.775307735907433e-05,-0.0001757437417042496,2.604080062342635e-05,7.409014804728869e-05,0.00021671590328225967,0.02142441595101322,0.4943315950675243,0.013010912473631488,0.30020434908335775,0.013010912473631484,0.30020434908335764,0.03338691856103859,0.008413503477381724,0.01400602112127606,0.34129437393865425,0.007225697140158462,0.17612167892438,0.007221834431848128,0.17602770219669545,0.026921375751698225,0.0067841866894279524,-0.0001497786091242772,0.0003041102063069561,1.0,0.8746857612358261,0
C3,2013,243,1.182873063423595,0.9134166280625705,0.9126462447054478,0.013291877314601984,1.6060929556685604,0.522633744855967,243,0.062045987390727336,0.047923881347862185,0.014122106042865174,0.014162484743493462,0.05620033628370422,-0.07313566847284222,-0.07092547253234927,0.04617543206365611,0.015870555327071222,0.05983005926962993,0.04621231415686711,0.013617745112762846,0.9897103707155114,0.6,-0.00019696620167430502,9.004645819316027e-06,0.00048642107731529784,0.0004155626277535873,0.0003408286012551484,0.04617543206365611,0.8488266343074522,0.03808062120945595,0.6999246508672109,0.03808062120945594,0.6999246508672108,0.03212226529444517,0.008094810854200182,0.015870555327071222,0.3457360011687187,0.009843260138406227,0.21447308019864406,0.009802881437777954,0.21359107785449583,0.024078070989259053,0.006067673889293281,-0.0004262326255015057,0.00045759787658009125,1.0,0.8727459207074117,0
C3,2014,242,1.7764838502858356,1.3420492745242625,1.3418014315302111,0.010539625854821403,1.5753189800643206,0.5206611570247934,242,0.054074371955790276,0.0408248291014014,0.013249542854388882,0.013257105107940443,0.05260755995214462,-0.020090402185980752,-0.01997465405223897,0.0579676207332391,-0.003893248777448827,0.05192856354484622,0.03920479620055214,0.012723767344294085,0.9947227591850191,0.8999999999999998,-4.6873421603509696e-05,0.00018764406859289072,0.0003743822423545116,0.00032502885779188683,0.0005266529086362862,0.0579676207332391,1.2820081084302277,0.050454924940769856,1.1156694821807347,0.050454924940769856,1.1156694821807347,0.02981228489075098,0.007512695792469245,-0.003893248777448827,-0.10301569715233377,-0.009630095839368457,-0.25486191055646246,-0.009637658092920014,-0.2550628642154475,0.02279527506139364,0.005744409315471195,-0.0001456984139642178,0.0004918728701804464,1.0,0.8741663739187634,0
