component,Size,Illiquidity,MOM60,SLOW_CONTROL,scope,method
Size,1.0,0.7899506002639833,0.030969387197306297,0.9750944320481109,POOLED,spearman
Illiquidity,0.7899506002639833,1.0,0.0866080554933184,0.8624832985631784,POOLED,spearman
MOM60,0.030969387197306297,0.0866080554933184,1.0,0.044271764414583054,POOLED,spearman
SLOW_CONTROL,0.9750944320481109,0.8624832985631784,0.044271764414583054,1.0,POOLED,spearman
Size,1.0,0.4296095536755826,0.03386937005817238,0.8442861303070476,POOLED,pearson
Illiquidity,0.4296095536755826,1.0,0.04409209600762041,0.8442861303070706,POOLED,pearson
MOM60,0.03386937005817238,0.04409209600762041,1.0,0.04521626760450495,POOLED,pearson
SLOW_CONTROL,0.8442861303070476,0.8442861303070706,0.04521626760450495,1.0,POOLED,pearson
Size,1.0,0.7899198960932046,0.032314072183288016,0.9747358559332844,EX2016,spearman
Illiquidity,0.7899198960932046,1.0,0.08355411992574592,0.8619607549653802,EX2016,spearman
MOM60,0.032314072183288016,0.08355411992574592,1.0,0.044229992912512874,EX2016,spearman
SLOW_CONTROL,0.9747358559332844,0.8619607549653802,0.044229992912512874,1.0,EX2016,spearman
Size,1.0,0.4193212032784706,0.03489848407001611,0.8412851743423623,EX2016,pearson
Illiquidity,0.4193212032784706,1.0,0.042851902047128965,0.8412851743423866,EX2016,pearson
MOM60,0.03489848407001611,0.042851902047128965,1.0,0.04520292837895177,EX2016,pearson
SLOW_CONTROL,0.8412851743423623,0.8412851743423866,0.04520292837895177,1.0,EX2016,pearson
Size,1.0,0.821727074419859,0.13712270869824514,0.9660988808381087,2011,spearman
Illiquidity,0.821727074419859,1.0,0.14821069963705688,0.8836418555748914,2011,spearman
MOM60,0.13712270869824514,0.14821069963705688,1.0,0.13063287580876498,2011,spearman
SLOW_CONTROL,0.9660988808381087,0.8836418555748914,0.13063287580876498,1.0,2011,spearman
Size,1.0,0.29164336466789925,0.14230977554067675,0.8035794040369189,2011,pearson
Illiquidity,0.29164336466789925,1.0,0.035156390305958005,0.8035794040369303,2011,pearson
MOM60,0.14230977554067675,0.035156390305958005,1.0,0.1103073220283733,2011,pearson
SLOW_CONTROL,0.8035794040369189,0.8035794040369303,0.1103073220283733,1.0,2011,pearson
Size,1.0,0.8026833805556804,-0.054946407545918584,0.9623839924346272,2012,spearman
Illiquidity,0.8026833805556804,1.0,0.017082164469133746,0.8710929032579322,2012,spearman
MOM60,-0.054946407545918584,0.017082164469133746,1.0,-0.04639869141013286,2012,spearman
SLOW_CONTROL,0.9623839924346272,0.8710929032579322,-0.04639869141013286,1.0,2012,spearman
Size,1.0,0.2613908519036165,-0.05824104812916087,0.7941131798585195,2012,pearson
Illiquidity,0.2613908519036165,1.0,-0.00765077891999233,0.7941131798585146,2012,pearson
MOM60,-0.05824104812916087,-0.00765077891999233,1.0,-0.041404152492563615,2012,pearson
SLOW_CONTROL,0.7941131798585195,0.7941131798585146,-0.041404152492563615,1.0,2012,pearson
Size,1.0,0.8029244784073288,0.02063694523838897,0.9747941512096232,2013,spearman
Illiquidity,0.8029244784073288,1.0,0.050199035460386406,0.8719604651407091,2013,spearman
MOM60,0.02063694523838897,0.050199035460386406,1.0,0.02639346900404031,2013,spearman
SLOW_CONTROL,0.9747941512096232,0.8719604651407091,0.02639346900404031,1.0,2013,spearman
Size,1.0,0.3747534340746007,0.018280628645948645,0.8285004466806369,2013,pearson
Illiquidity,0.3747534340746007,1.0,0.006583322469835865,0.8285004466806287,2013,pearson
MOM60,0.018280628645948645,0.006583322469835865,1.0,0.014901899872035574,2013,pearson
SLOW_CONTROL,0.8285004466806369,0.8285004466806287,0.014901899872035574,1.0,2013,pearson
Size,1.0,0.8810354539444577,-0.0035336701410525785,0.9876729368131798,2014,spearman
Illiquidity,0.8810354539444577,1.0,0.05534280740369572,0.9350922522916448,2014,spearman
MOM60,-0.0035336701410525785,0.05534280740369572,1.0,0.015535734827620676,2014,spearman
SLOW_CONTROL,0.9876729368131798,0.9350922522916448,0.015535734827620676,1.0,2014,spearman
Size,1.0,0.5760138561463722,0.008373668878509126,0.8876726880490903,2014,pearson
Illiquidity,0.5760138561463722,1.0,0.06530506376135829,0.8876726880490641,2014,pearson
MOM60,0.008373668878509126,0.06530506376135829,1.0,0.041909473957490145,2014,pearson
SLOW_CONTROL,0.8876726880490903,0.8876726880490641,0.041909473957490145,1.0,2014,pearson
Size,1.0,0.8723890967201589,0.06258797953278425,0.9833981037076927,2015,spearman
Illiquidity,0.8723890967201589,1.0,0.15403513733145968,0.9358787977118281,2015,spearman
MOM60,0.06258797953278425,0.15403513733145968,1.0,0.09413613711260632,2015,spearman
SLOW_CONTROL,0.9833981037076927,0.9358787977118281,0.09413613711260632,1.0,2015,spearman
Size,1.0,0.5810475712550857,0.0654128286762634,0.8890822570970116,2015,pearson
Illiquidity,0.5810475712550857,1.0,0.1114186253083336,0.8890822570970177,2015,pearson
MOM60,0.0654128286762634,0.1114186253083336,1.0,0.09955271683573336,2015,pearson
SLOW_CONTROL,0.8890822570970116,0.8890822570970177,0.09955271683573336,1.0,2015,pearson
Size,1.0,0.8789394976328033,0.004256609352866827,0.9828087723161071,2016,spearman
Illiquidity,0.8789394976328033,1.0,0.13487796597914326,0.9422336307262643,2016,spearman
MOM60,0.004256609352866827,0.13487796597914326,1.0,0.044680384631117856,2016,spearman
SLOW_CONTROL,0.9828087723161071,0.9422336307262643,0.044680384631117856,1.0,2016,spearman
Size,1.0,0.6323003118986932,0.013530576108862706,0.9034079541562963,2016,pearson
Illiquidity,0.6323003118986932,1.0,0.0686029540621194,0.9034079541562924,2016,pearson
MOM60,0.013530576108862706,0.0686029540621194,1.0,0.04548011450655261,2016,pearson
SLOW_CONTROL,0.9034079541562963,0.9034079541562924,0.04548011450655261,1.0,2016,pearson
