strategy,period,days,annual_gross_return,annual_net_return,annualized_gross_volatility,annualized_net_volatility,gross_sharpe,net_sharpe,turnover_per_day,annualized_cost,max_drawdown_additive,annual_long_gross,annual_long_net,annual_short_gross,annual_short_net,long_short_net_correlation,rankic,rankic_hac_t_lag5,rankic_hit_ratio,q1_q5_monotonicity,average_gross_exposure,average_net_exposure,average_long_exposure,average_short_exposure,active_signal_stock_days,nonzero_score_ratio,score_zero_stock_days,score_zero_ratio,q1_zero_stock_count,q1_zero_stock_share,q1_zero_gross_weight_share,q5_zero_stock_count,q5_zero_stock_share,q5_zero_gross_weight_share,zero_code_order_spearman_q,zero_code_order_spanning_days,q1_zero_tie_annual_gross_pnl,q5_zero_tie_annual_gross_pnl,q1_zero_tie_weight_share_of_short,q5_zero_tie_weight_share_of_long,q1_mean_max_sector_share,q1_mean_sector_hhi,q1_zero_gross_pnl_annual,q5_mean_max_sector_share,q5_mean_sector_hhi,q5_zero_gross_pnl_annual,q1_daily_residual_return,q2_daily_residual_return,q3_daily_residual_return,q4_daily_residual_return,q5_daily_residual_return,mean_universe_residual_drift,annual_common_residual_component,annual_selection_component,annual_long_common_component,annual_long_selection_component,annual_short_common_component,annual_short_selection_component,annual_net_exposure_common_proxy
B00_BASE,full_train_eval,1275,0.04607948907896281,0.038256423721087666,0.04662104976240974,0.04667107177746099,0.9883837732911029,0.8197031322422504,0.031173009799684338,0.007823065357875159,-0.06988274420274904,0.05941708566039412,0.053843757043859415,-0.013337596581431306,-0.015587333322771749,-0.5891633582345802,0.010869442308841971,2.5573001981798087,0.5341176470588235,0.9999999999999999,1.001701572335932,-0.0005821282985846696,0.5005597220186737,0.5011418503172583,559930,0.9711986262759417,16605,0.028801373724058384,7063,0.06098835150981357,0.060078272662574934,0,0.0,0.0,0.7305035270588098,182,-0.0011118988444697533,0.0,0.04013485874557885,0.0,0.1459725944029245,0.07286229187833763,-0.0011118988444697533,0.14908989902693728,0.0775199922924485,0.0,9.406833898127397e-05,0.00013938217372309284,0.00029118169960550114,0.0003037447658300633,0.0005545081620402158,0.000277464942738187,0.0004968454859296075,0.045582643593033205,0.03497967499670784,0.024437410663686276,-0.03448282951077824,0.021145232929346926,-3.1041934736953357e-05
B00_BASE,ex_2016,1216,0.03955406866018828,0.031633161106300024,0.04480538842326582,0.044853454763498946,0.8827971378471363,0.7052558442397308,0.03155882483340657,0.00792090755388825,-0.06988274420274904,0.054246078384501274,0.04846526542203996,-0.01469200972431299,-0.016832104315739938,-0.5761740955642563,0.009559038225737448,2.272763013462602,0.5320723684210527,0.8999999999999998,1.0016470707743805,-0.0006103730104403402,0.5005183488819701,0.5011287218924105,532777,0.9710035047303837,15910,0.028996495269616375,7063,0.0640902326594316,0.06299935157289126,0,0.0,0.0,0.7313753607126934,178,-0.0011658478837984663,0.0,0.042083293987152486,0.0,0.14519503546618964,0.07240817583262377,-0.0011658478837984663,0.15003041914506388,0.07801281722100235,0.0,0.00011874409478204224,0.00012159281764261497,0.0002940859790089254,0.00026958078303188977,0.0005103318670798854,0.0002636910541612386,0.00047965417861201335,0.03907441448157627,0.033235397068045146,0.021010681316456118,-0.03275574288943313,0.01806373316512015,-3.254808124146011e-05
B00_BASE,2011,243,0.010569790310164003,0.007061300163652319,0.045952048967076144,0.04594714746038486,0.2300178239655228,0.15368310230228105,0.014000732806807097,0.0035084901465116743,-0.06130899541679344,0.06667896713135987,0.06510920054826017,-0.056109176821195886,-0.05804790038460784,-0.7028194385623802,0.0011418487618007347,0.11359695772125032,0.5020576131687243,0.6,1.0019156825805835,-4.665789498240995e-05,0.5009345123428005,0.5009811702377828,101212,0.9490641761374292,5432,0.0509358238625708,0,0.0,0.0,0,0.0,0.0,0.7055066046171586,99,0.0,0.0,0.0,0.0,0.15360008743279652,0.07747886144089369,0.0,0.1502057613168724,0.07620927286331328,0.0,0.00044246465831016094,0.0004464461216590992,0.00032742282166743224,0.0005414431031897044,0.0005247633697584526,0.00045735006574238943,-0.00021367280622739662,0.010783463116391383,0.057562042869053746,0.009116924262306147,-0.057775715675281135,0.0016665388540852448,-1.394899454354897e-05
B00_BASE,2012,246,0.06554242126737368,0.06160695129840318,0.048284374152707484,0.04830073353502652,1.3574250969906896,1.2754868671658437,0.015639988769443162,0.003935469968970527,-0.032916830559396294,0.041671091996844406,0.039583013496007735,0.023871329270529287,0.022023937802395435,-0.43662061670284014,0.0193492821950819,1.76863583692952,0.5487804878048781,0.9999999999999999,1.002121462073309,-0.0007527853056308342,0.5006843383838391,0.5014371236894699,106777,0.9818033028062819,1979,0.018196697193718046,0,0.0,0.0,0,0.0,0.0,0.7756731198703768,5,0.0,0.0,0.0,0.0,0.1679912304741025,0.07904376859700929,0.0,0.16163363561623362,0.08390113367263434,0.0,-0.00019032195444797364,-0.0001852812912926016,-0.00010454086016774543,7.956558149644244e-05,0.0004528323093572298,1.2126315596858778e-05,6.40558021531473e-05,0.06547836546522053,0.0015832608117585603,0.04008783118508584,-0.0015192050096054137,0.0253905342801347,4.89502844583986e-05
B00_BASE,2013,243,0.06280801265498562,0.04812186728863075,0.04989345857390859,0.05003863876556938,1.258842630882089,0.9616941722591879,0.058500594092202186,0.014686145366354842,-0.06320320693375918,0.05169258086381448,0.039961829068441035,0.011115431791171092,0.008160038220189727,-0.4936609952440953,0.011894024294836185,1.576951453550798,0.5432098765432098,0.7999999999999999,1.0009250481538967,-0.001203754694825421,0.4998606467295356,0.501064401424361,106742,0.9763553376567545,2585,0.02364466234324549,2111,0.09612494877282456,0.09556989767739883,0,0.0,0.0,0.8139592343251242,18,-0.00569856939395776,0.0,0.06385539986181112,0.0,0.14977048563990009,0.07232038212094005,-0.00569856939395776,0.14415972752291487,0.07681515104655227,0.0,-7.041312021118868e-05,-0.00010913787489821923,0.0005190567714744071,0.00018934520460627083,0.0005202173629514184,0.00021098284016067074,0.0010926573017731125,0.06171535535321247,0.026617518794121258,0.025075062069693232,-0.025524861492348144,0.036640293283519254,-1.4025652845387605e-05
B00_BASE,2014,242,0.048368408208300635,0.041971898251730616,0.02744952560051067,0.0274864273627197,1.7620853967472863,1.5270044992699856,0.02550275254607077,0.00639650995657001,-0.01702498869652052,0.05991518305192056,0.05511521721449322,-0.011546774843619935,-0.013143318962762591,-0.7837724802490483,0.01107692339423615,1.7162275995006777,0.5206611570247934,0.9999999999999999,1.0021217812839351,-5.9757504048570844e-05,0.5010310118899433,0.5010907693939919,107703,0.9690227268637648,3443,0.03097727313623522,2782,0.12465833221311108,0.12488504469076489,0,0.0,0.0,0.6899761025101124,17,0.002059938077539643,0.0,0.08340374224095763,0.0,0.10460978521669582,0.05940088865119252,0.002059938077539643,0.1613197833234809,0.08337040757349849,0.0,2.234060116284048e-05,0.00024210470843622254,0.0002542740333462658,0.0002634815712736857,0.0005802059732504863,0.00027352987976201286,0.0008337319904084863,0.04753467621789213,0.03451233395824816,0.025402849093672384,-0.033678601967839686,0.022131827124219756,-4.711884066950906e-05
B00_BASE,2015,242,0.010075830380474854,-0.0010582445535948148,0.0486342423752874,0.04867722470781163,0.2071756418599975,-0.021740034686591112,0.044374401684012375,0.011134074934069663,-0.057899943533233536,0.05143959596255237,0.04267024243973942,-0.0413637655820775,-0.04372848699333423,-0.4632725857515209,0.0041964233402424335,0.3883634134950796,0.5454545454545454,0.3,1.0011454122000902,-0.0009864331413521133,0.5000794895293691,0.5010659226707211,110343,0.9780966901271119,2471,0.021903309872888115,2170,0.09582689335394126,0.09579574165865747,0,0.0,0.0,0.7712931997406323,39,-0.002195965614594183,0.0,0.06395941139304796,0.0,0.14957315351715592,0.07366670867145463,-0.002195965614594183,0.13266493374567576,0.06968319510077219,0.0,0.00039420277194093925,0.00021851578721876052,0.00047973861517708837,0.0002764173556859474,0.0004744902425295279,0.00036804182308424865,0.0006286999163887243,0.009447130464086123,0.04635182798761453,0.00508776797493783,-0.0457231280712258,0.004359362489148294,-0.00013809767772251562
B00_BASE,2016,59,0.18056950991336687,0.1747629887987446,0.07491223455296248,0.07497837950210344,2.4104141465130824,2.330845104405622,0.02322129656229053,0.005806521114622231,-0.03736753797712286,0.16599242205845716,0.16469538097830777,0.014577087854909746,0.010067607820436884,-0.6778671750126913,0.03787709256401319,1.2775373567769426,0.576271186440678,0.8999999999999998,1.002824858757062,0.0,0.501412429378531,0.501412429378531,27153,0.9750430910657857,695,0.024956908934214306,0,0.0,0.0,0,0.0,0.0,0.6917069294609905,4,0.0,0.0,0.0,0.0,0.1619982158786797,0.08222170054932157,0.0,0.12970561998215877,0.06736278698530448,0.0,-0.00041450317040405186,0.0005060238176868407,0.00023132400885018064,0.0010078702418059781,0.0014649890886802447,0.0005613471208664787,0.0008511612435261264,0.17971834866984077,0.07092953874677282,0.09506288331168428,-0.07007837750324669,0.08465546535815643,-3.024856424931494e-19
BOX_ORIGINAL,full_train_eval,1275,0.04447916396751854,0.03648598618126169,0.04642950878469143,0.04647527072848348,0.9579934212481708,0.7850623699304324,0.03185104693802023,0.007993177786256843,-0.062250641152763506,0.058667428320830536,0.052974036799802164,-0.01418826435331201,-0.016488050618540473,-0.5844381036632951,0.011032155086138615,2.620429210041245,0.5403921568627451,0.8999999999999998,1.001701572335932,-0.0005821282985846696,0.5005597220186737,0.5011418503172583,526032,0.9124025427771081,50503,0.08759745722289193,10959,0.0946299510400746,0.09480723173927111,781,0.006755646284394543,0.0069743916306347345,0.8117364789152501,379,-0.0013366416353093958,-0.0002700894421620238,0.06333529053483146,0.004656499787068131,0.15282555480586582,0.07682117310249283,-0.0013366416353093958,0.14896847079082767,0.07778307579683237,-0.0002700894421620238,0.00011125511792228877,0.00012493858670491385,0.0003015083340706463,0.000296505231740021,0.0005488245739793509,0.000277464942738187,0.0005485923954317401,0.0439305715720868,0.03499762954108198,0.023669798779748563,-0.03444903714565024,0.020260772792338233,-3.104193473695333e-05
BOX_ORIGINAL,ex_2016,1216,0.038185078355779674,0.03008507279474083,0.04452902559781744,0.04457249148678236,0.857532313881382,0.6749695112659864,0.03227266399855836,0.008100005561038848,-0.062250641152763506,0.05343279046938029,0.04752682095040506,-0.015247712113600627,-0.01744174815566422,-0.5708435760954725,0.009755118393399261,2.3472863105600483,0.5386513157894737,0.7999999999999999,1.0016470707743805,-0.0006103730104403402,0.5005183488819701,0.5011287218924105,498879,0.9092232912389031,49808,0.09077670876109695,10959,0.09944285143914922,0.09941687500805257,781,0.007099870911437974,0.007314114497263153,0.813016794109429,375,-0.0014014951357068082,-0.0002831941108195562,0.06641004190983074,0.004882835515994172,0.15090023654657636,0.07610189497774339,-0.0014014951357068082,0.14990309924289305,0.07832347374887698,-0.0002831941108195562,0.00012967864181381104,0.00011290679395969736,0.00030523239080872957,0.0002640284479411377,0.0005030415684975552,0.0002636910541612386,0.0005339118345455815,0.0376511665212341,0.03325422276218744,0.02017856770719286,-0.032720310927641855,0.017472598814041233,-3.254808124146011e-05
BOX_ORIGINAL,2011,243,0.002624222379961633,-0.0015785535021099284,0.046265092211978345,0.04623352306382621,0.056721434120090314,-0.03414305026962162,0.016771511762025033,0.004202775882071573,-0.05424329989153825,0.06092029784291933,0.05896394756285497,-0.05829607546295767,-0.06054250106496489,-0.6799043587190873,0.001071848203838167,0.10872478857206475,0.5267489711934157,0.19999999999999998,1.0019156825805835,-4.665789498240996e-05,0.5009345123428005,0.5009811702377828,71686,0.6721990923071153,34958,0.3278009076928847,3896,0.18216673680273063,0.18251484417804492,781,0.03652263374485597,0.03659464756183386,0.8484420364608906,243,-0.0011792060013191114,-0.0014171359619612359,0.12176970339186222,0.024413972191271442,0.1817987406314497,0.0958294549177498,-0.0011792060013191114,0.15095398428731757,0.07762600755024998,-0.0014171359619612359,0.000486655661277667,0.00040902737967146046,0.00041558063203512235,0.0004945786889897922,0.0004777918012597943,0.00045735006574238943,6.238076577747056e-05,0.0025618416141841784,0.05765311140035849,0.0032671864425608374,-0.057590730634581,-0.0007053448283766772,-1.3948994543548972e-05
BOX_ORIGINAL,2012,246,0.06514376975829012,0.06119283155675841,0.04841602396756169,0.04843341909321837,1.3455001964212483,1.2634423235531316,0.015701370644685856,0.003950938201531689,-0.032580872501319545,0.04216520939675575,0.04005779111698402,0.02297856036153434,0.021135040439774398,-0.43507108914198467,0.01912703306538255,1.7522441591189013,0.5447154471544715,0.8999999999999998,1.002121462073309,-0.0007527853056308342,0.5006843383838391,0.5014371236894699,102423,0.9417687300011034,6333,0.05823126999889661,0,0.0,0.0,0,0.0,0.0,0.7437496097559538,54,0.0,0.0,0.0,0.0,0.1683566273864986,0.0788959675987367,0.0,0.1614488610412151,0.08377992512684239,0.0,-0.00016972912930324967,-0.00020558872497432256,-0.00011033421604990673,8.030285142053984e-05,0.0004586378261920661,1.2126315596858778e-05,6.715495243758743e-05,0.06507661480585253,0.0015863599620430024,0.040578849434712766,-0.0015192050096054137,0.024497765371139752,4.8950284458398606e-05
BOX_ORIGINAL,2013,243,0.0637940208489268,0.04894424496311618,0.04896403335325538,0.04911591165507671,1.3028751203700715,0.9965048660164129,0.05914992155036008,0.01484977588581063,-0.06168043313149754,0.05116590375210229,0.03924491477636884,0.012628117096824513,0.009699330186747344,-0.5020913780882335,0.012841314962352843,1.7285083915844601,0.5473251028806584,0.6,1.0009250481538967,-0.0012037546948254207,0.4998606467295356,0.501064401424361,106724,0.9761906939731265,2603,0.02380930602687351,2111,0.09612494877282456,0.09556989767739883,0,0.0,0.0,0.7607897941664254,22,-0.00569856939395776,0.0,0.06385539986181112,0.0,0.15135884862374094,0.07262381731482101,-0.00569856939395776,0.14774176017971516,0.07796919919187945,0.0,-8.390285095485161e-05,-0.00011715341689363815,0.0005472929818878337,0.00019116124066773487,0.0005128634463050169,0.00021098284016067074,0.001084977880571729,0.06270904296835507,0.026617518794121258,0.024548384957981034,-0.025532540913549527,0.038160658010374035,-1.402565284538757e-05
BOX_ORIGINAL,2014,242,0.04802376007217543,0.04161201034635099,0.027330660765025137,0.027364955524019546,1.7571386394591353,1.5206313896555073,0.025563227820889923,0.00641174972582444,-0.017055968483378224,0.06072784919258656,0.05592403660903445,-0.012704089120411152,-0.014312026262683453,-0.7839298891174192,0.011153317267004356,1.7476138505938068,0.5289256198347108,0.7,1.0021217812839351,-5.975750404857097e-05,0.5010310118899433,0.5010907693939919,107703,0.9690227268637648,3443,0.03097727313623522,2782,0.12465833221311108,0.12488504469076488,0,0.0,0.0,0.6899761025101124,17,0.002059938077539643,0.0,0.08340374224095763,0.0,0.10312805474095796,0.0593846862473946,0.002059938077539643,0.15705715190924932,0.08309125981552186,0.0,2.4582918803437666e-05,0.0002652525016760366,0.00023088611199250105,0.00023971864819040273,0.0006016130522812463,0.00027352987976201286,0.0008337319904084863,0.04719002808176694,0.03451233395824816,0.0262155152343384,-0.033678601967839686,0.020974512847428538,-4.7118840669509115e-05
BOX_ORIGINAL,2015,242,0.01093514412397677,-0.0002064362537156109,0.047913733338980774,0.04795903357692792,0.22822567481044853,-0.004304428974459633,0.044404185190451674,0.01114158037769237,-0.057357845913919264,0.05234936035937325,0.043553831624366796,-0.04141421623539649,-0.04376026787808241,-0.47060282662787506,0.004450299191280691,0.41816977068580435,0.5454545454545454,0.49999999999999994,1.0011454122000902,-0.0009864331413521133,0.5000794895293691,0.5010659226707211,110343,0.9780966901271119,2471,0.021903309872888115,2170,0.09582689335394126,0.09579574165865747,0,0.0,0.0,0.7712931997406323,39,-0.002195965614594183,0.0,0.06395941139304796,0.0,0.1494408011042769,0.07366221917050629,-0.002195965614594183,0.13212748841194913,0.06906513381709684,0.0,0.00039514295452610526,0.0002179876423060483,0.00044814907886871316,0.0003167660143723723,0.00046509941421267833,0.00036804182308424865,0.0006286999163887243,0.010306444207588047,0.04635182798761453,0.0059975323717587304,-0.0457231280712258,0.004308911835829311,-0.0001380976777225156
BOX_ORIGINAL,2016,59,0.17420133521962794,0.1684098959780307,0.07578172162758672,0.07584647291162945,2.2987249626724457,2.2204051093351316,0.023161447859810398,0.005791439241597227,-0.03945824330055651,0.16655420166597457,0.1652420787128002,0.0076471335536533805,0.0031678172652305175,-0.6733443201380561,0.037352097770393694,1.243858458978339,0.576271186440678,0.8999999999999998,1.002824858757062,3.3812406735141157e-19,0.501412429378531,0.501412429378531,27153,0.9750430910657857,695,0.024956908934214306,0,0.0,0.0,0,0.0,0.0,0.6917069294609905,4,0.0,0.0,0.0,0.0,0.19250669045495095,0.09164561716512515,0.0,0.12970561998215877,0.06664538241231983,0.0,-0.0002684568321131524,0.0003729158744707322,0.0002247548935026933,0.0009658572503746329,0.0014924200767905953,0.0005613471208664787,0.0008511612435261264,0.17335017397610183,0.07092953874677282,0.0956246629192017,-0.07007837750324669,0.07772551105690009,6.964779006499017e-21
A_LOW_NO_CARRY,full_train_eval,1275,0.04166659725623064,0.03015380234310328,0.04070753771514151,0.040807045509867385,1.0235597531788911,0.7389361804155097,0.045893242345205316,0.01151279491312735,-0.06129664801737264,0.05710584875630645,0.05092154957577391,-0.015439251500075822,-0.020767747232670622,-0.6624562064599612,0.010861808989227036,2.9975573158981166,0.5356862745098039,0.7999999999999999,1.001701572335932,-0.0005821282985846696,0.5005597220186737,0.5011418503172583,444836,0.7715680747916431,131699,0.2284319252083568,59078,0.5101330639242201,0.5186787628275128,781,0.006755646284394543,0.0069743916306347345,0.9034649298584401,512,-0.006567924123910329,-0.0002700894421620238,0.3464996238712035,0.004656499787068131,0.1636371919562894,0.08728814035352384,-0.006567924123910329,0.1478080053146353,0.0774656480806398,-0.0002700894421620238,0.00017823429734511735,2.0619190967581128e-05,0.00036674418152966967,0.00027202188121595356,0.0005421605290686817,0.000277464942738187,0.0008886365710673467,0.040777960685163296,0.03502456070840366,0.022081288047902794,-0.03413592413733632,0.0186966726372605,-3.104193473695336e-05
A_LOW_NO_CARRY,ex_2016,1216,0.038945217710289054,0.02783610060864982,0.039826244495148835,0.039895458139206384,0.9778782359213635,0.6977260547183567,0.0442491472748207,0.01110911710163923,-0.06129664801737264,0.05293125822855351,0.04660642401446509,-0.013986040518264466,-0.018770323405815262,-0.6420363050680801,0.010086778613458334,2.7721784050257674,0.5320723684210527,0.7999999999999999,1.0016470707743805,-0.0006103730104403401,0.5005183488819701,0.5011287218924105,417808,0.7614687426529151,130879,0.23853125734708494,58311,0.5291187252731299,0.5372441269461075,781,0.007099870911437974,0.007314114497263153,0.9039653499254208,511,-0.007079695578345794,-0.0002831941108195562,0.35887674988186397,0.004882835515994172,0.1644611744780605,0.08791083977533665,-0.007079695578345794,0.1492057188688989,0.07807884980116564,-0.0002831941108195562,0.00016780482973958267,3.5647209030906495e-06,0.0003820270174878964,0.00025902278856553527,0.000499266348449224,0.0002636910541612386,0.0006861495165130372,0.03825906819377602,0.03328246062266042,0.01964879760589311,-0.03259631110614738,0.018610270587882914,-3.254808124146013e-05
A_LOW_NO_CARRY,2011,243,0.0007007504832841303,-0.010876201529694433,0.03678935273503576,0.03681083058500647,0.019047643711784624,-0.29546199737542606,0.0462997677465063,0.011576952012978557,-0.035062679629783614,0.05969924286239614,0.05642197562769197,-0.058998492379112,-0.06729817715738641,-0.785769813921439,0.0015560523429730688,0.21460026826125295,0.48559670781893005,-0.39999999999999997,1.0019156825805835,-4.6657894982410005e-05,0.5009345123428005,0.5009811702377828,36995,0.3469018416413488,69649,0.6530981583586513,20254,0.9470238930191238,0.9470409338328459,781,0.03652263374485597,0.03659464756183386,0.9544000049795528,243,-0.06216727378933235,-0.0014171359619612359,0.6318439145710322,0.024413972191271442,0.22387840115680316,0.13248674623943377,-0.06216727378933235,0.14725963337074446,0.07673642995612692,-0.0014171359619612359,0.0006192818872205121,0.00017172599272772705,0.0005307289563305375,0.0005073918649990027,0.0004548598738316442,0.00045735006574238943,0.0006564619181259536,4.4288565158162646e-05,0.0578128463248771,0.001886396537519043,-0.05715638440675116,-0.001842107972360875,-1.3948994543548986e-05
A_LOW_NO_CARRY,2012,246,0.07763471812190093,0.06834375142146651,0.03817312783918796,0.03826028966878648,2.0337531273033984,1.7862842130341405,0.036907253767556776,0.0092909667004344,-0.023795561125396582,0.04111876979598563,0.0383491882917634,0.036515948325915294,0.029994563129703118,-0.5900479154100801,0.019827262661313693,2.2242948633552015,0.5650406504065041,0.7999999999999999,1.002121462073309,-0.0007527853056308342,0.5006843383838391,0.5014371236894699,65478,0.6020633344367208,43278,0.3979366655632793,20567,0.9393897871562985,0.939395735429331,0,0.0,0.0,0.8764005216529585,246,0.022259687071692055,0.0,0.6285703754194121,0.0,0.20544441399470167,0.10628944567440875,0.022259687071692055,0.1611644327628159,0.08333774230247032,0.0,-0.00025794744650614127,-0.00036406912529850054,0.0001628254095778317,4.113512278539918e-05,0.00046622846749312853,1.2126315596858778e-05,7.30233509071232e-05,0.07756169477099378,0.0015681552940638105,0.03955061450192181,-0.0014951319431566852,0.03801108026907198,4.895028445839864e-05
A_LOW_NO_CARRY,2013,243,0.06158240680123051,0.04656279147887928,0.048393628427216596,0.048542550435202926,1.2725312980788301,0.9592160086650923,0.0598085959218765,0.015019615322351243,-0.06129664801737261,0.05087416152573597,0.038941726225090414,0.010708245275494537,0.00762106525378887,-0.5107936585108962,0.013345401602303965,1.7790046598257976,0.5349794238683128,0.6,1.0009250481538967,-0.0012037546948254207,0.4998606467295356,0.501064401424361,99012,0.9056500224098347,10315,0.09434997759016528,9853,0.44865898638495516,0.4506473890386518,0,0.0,0.0,0.6551165579650413,22,0.009120430989989587,0.0,0.3011018105395493,0.0,0.15801623258727,0.07438395126884,0.009120430989989587,0.14774176017971516,0.07796919919187945,0.0,-5.906200157103294e-05,-0.00013989495809377288,0.000539905828631954,0.00018416868889292327,0.0005128634463050169,0.00021098284016067074,0.0010662909546342468,0.06051611584659626,0.026617518794121258,0.02425664273161472,-0.025551227839487017,0.03625947311498156,-1.4025652845387576e-05
A_LOW_NO_CARRY,2014,242,0.04431308310903232,0.03643415495285056,0.026733282940693378,0.026741046846484866,1.657599749620687,1.3624805028020008,0.031370585918554475,0.007878928156181757,-0.01734287480611116,0.06103132799395107,0.05615957789275241,-0.016718244884918763,-0.019725422939901843,-0.7939863349009322,0.010599169574162804,1.684688527749865,0.5082644628099173,0.9999999999999999,1.0021217812839351,-5.975750404857106e-05,0.5010310118899433,0.5010907693939919,106231,0.955778885429975,4915,0.04422111457002501,4915,0.22023569476184074,0.2202902045807411,0,0.0,0.0,,0,-0.0015595918277918292,0.0,0.1471195168849439,0.0,0.10723903577403512,0.060646274331497434,-0.0015595918277918292,0.15755170601849167,0.08320115726658649,0.0,0.00013501357246124818,0.00014468297201171087,0.00023199422822315494,0.00025408820283508914,0.0005980542452340071,0.00027352987976201286,0.0008789651498899377,0.04343411795914237,0.03451233395824816,0.02651899403570289,-0.03363336880835825,0.01691512392343948,-4.711884066950926e-05
A_LOW_NO_CARRY,2015,242,0.009920127046285096,-0.0018709560570426816,0.04552197772000123,0.045567292114407264,0.21791950928191853,-0.0410591889538929,0.04690811775064379,0.011791083103327762,-0.05619352230254156,0.05210857022833207,0.04328724744439485,-0.042188443182046974,-0.045158203501437524,-0.5175323591840684,0.0049667927009605225,0.501626051574218,0.5661157024793388,0.49999999999999994,1.0011454122000902,-0.0009864331413521133,0.5000794895293691,0.5010659226707211,110092,0.9758717889623628,2722,0.02412821103763717,2722,0.12020313534996688,0.12020222171586992,0,0.0,0.0,,0,-0.003375986860904215,0.0,0.08025475053450754,0.0,0.12683148622106893,0.06531570102550371,-0.003375986860904215,0.13212748841194913,0.06906879673690178,0.0,0.00040784722336941246,0.00021135324296985328,0.0004470369691456464,0.0003112145083002193,0.00046499910153350503,0.00036804182308424865,0.0007646923694322619,0.009155434676852826,0.04635182798761453,0.005756742240717537,-0.04558713561818226,0.003398692436135297,-0.00013809767772251553
A_LOW_NO_CARRY,2016,59,0.09775469094885708,0.07792202792099157,0.056206224825135695,0.05679240794037166,1.739214673338828,1.3720500811095147,0.07977832040601361,0.019832663027865544,-0.03476890754030281,0.14314486709101096,0.13985701877156245,-0.04539017614215384,-0.061934990850570956,-0.7906555912790617,0.026835316394900638,1.200154272245362,0.6101694915254238,0.6,1.002824858757062,-8.820627843949866e-19,0.501412429378531,0.501412429378531,27028,0.970554438379776,820,0.029445561620224072,767,0.1368421052631579,0.13684210526315785,0,0.0,0.0,0.6477502756312958,1,0.003979772292929151,0.0,0.09154929577464788,0.0,0.14665477252453166,0.07445419972768673,0.003979772292929151,0.11900089206066014,0.06482745668810742,0.0,0.000393187392401561,0.0003721147095848756,5.176234211943821e-05,0.0005399353839771169,0.0014262168618358116,0.0005613471208664787,0.005061929085271418,0.09269276186358573,0.07092953874677282,0.0722153283442381,-0.06586760966150143,0.0204774335193476,-2.521856181557928e-19
A_B00_LOW_NO_CARRY,full_train_eval,1275,0.04441903040796465,0.03322955013118707,0.04135727911508111,0.04145293446529573,1.0740317389924006,0.8016211773621661,0.04461744281365573,0.011189480276777568,-0.06284502171692684,0.05915372222972814,0.053146437217379994,-0.014734691821763487,-0.019916887086192925,-0.6545140768779619,0.010691975671299238,2.9403283286316597,0.5411764705882353,0.7999999999999999,1.001701572335932,-0.0005821282985846696,0.5005597220186737,0.5011418503172583,493566,0.8560902633838362,82969,0.1439097366161638,55931,0.48295901009420683,0.4912352584069243,0,0.0,0.0,0.7714921435243391,474,-0.005905405990600517,0.0,0.32816618776211043,0.0,0.1357378971033861,0.07409025470712306,-0.005905405990600517,0.14819503876014106,0.07720543580237987,0.0,0.00014569059409445895,6.956875788238463e-05,0.00031789589256098037,0.00028876244780247676,0.0005582881055370101,0.000277464942738187,0.0009641267228696363,0.043454903685095005,0.03501671229854254,0.024137009931185577,-0.034052585575672915,0.019317893753909427,-3.104193473695337e-05
A_B00_LOW_NO_CARRY,ex_2016,1216,0.041276147292909855,0.030505300200183036,0.040435499243799404,0.04050065686609682,1.0207898521059897,0.753205072723625,0.042914350129031734,0.010770847092726814,-0.06284502171692684,0.054634708120560906,0.0484903543759427,-0.013358560827651052,-0.017985054175759664,-0.6344797820354223,0.009874380009027192,2.7057977487130214,0.537828947368421,0.7999999999999999,1.0016470707743805,-0.0006103730104403402,0.5005183488819701,0.5011287218924105,466538,0.8502807611625571,82149,0.14971923883744284,55164,0.5005625930093281,0.5084662858604422,0,0.0,0.0,0.7717537542387007,473,-0.006385032239554671,0.0,0.33965327667956624,0.0,0.1352168696905094,0.07409410078300653,-0.006385032239554671,0.1495855615462438,0.07778979252610711,0.0,0.0001348147612964405,5.527639813847171e-05,0.000339422317662799,0.00026680892244793206,0.0005157585697137044,0.0002636910541612386,0.0007653024306149445,0.040510844862294906,0.033274231410018215,0.02136047671054268,-0.03250892897940328,0.01915036815175222,-3.2548081241460154e-05
A_B00_LOW_NO_CARRY,2011,243,0.01845453082583556,0.008337229636433947,0.038317197663290524,0.038338270231296136,0.48162527406109795,0.21746494002298872,0.040343545383401604,0.010117301189401599,-0.03498265089909125,0.0692156819857848,0.06656700989188524,-0.05076115115994925,-0.05822978025545133,-0.771547186916627,0.002564792116266318,0.3485778222014777,0.5020576131687243,0.6,1.0019156825805835,-4.6657894982409964e-05,0.5009345123428005,0.5009811702377828,65238,0.6117362439518398,41406,0.3882637560481602,20254,0.9470238930191238,0.9470409338328459,0,0.0,0.0,0.8744228538645608,242,-0.04996967924554157,0.0,0.6318439145710322,0.0,0.1614553777475126,0.10249953847911872,-0.04996967924554157,0.14744668911335573,0.07522723021460394,0.0,0.0004711504551054115,0.0002886266614206613,0.0004180758829270847,0.0005695134589185306,0.0005372407762904893,0.00045735006574238943,0.001090935399977837,0.017363595425857702,0.057771666396593487,0.011444015589191309,-0.056680730996615636,0.0059195798366663945,-1.3948994543548976e-05
A_B00_LOW_NO_CARRY,2012,246,0.06851479667559734,0.05925297019871503,0.037547414334241934,0.03763175229706021,1.8247540580474604,1.5745471996887022,0.03699846241730033,0.009261826476882297,-0.024713563715278504,0.04068513761722148,0.03796569276705922,0.02782965905837583,0.021287277431655826,-0.5929226090374977,0.019167568820326202,2.2161087542784244,0.5650406504065041,0.7999999999999999,1.002121462073309,-0.0007527853056308344,0.5006843383838391,0.5014371236894699,82387,0.7575398138953253,26369,0.24246018610467468,20536,0.9379738741207637,0.93798548241635,0,0.0,0.0,0.6641956498687523,231,0.01355340460228838,0.0,0.6276267440696268,0.0,0.1273408239700375,0.07043538684345309,0.01355340460228838,0.16171823745816621,0.08366902175944721,0.0,-0.00015833360230104785,-0.00036117772784301927,7.245935542507021e-05,3.36507760907672e-05,0.00046478695830673244,1.2126315596858778e-05,2.3303149985447717e-05,0.06849149352561189,0.0015681552940638105,0.0391169823231577,-0.0015448521440783564,0.029374511202454195,4.895028445839856e-05
A_B00_LOW_NO_CARRY,2013,243,0.06295023096026281,0.04810392718641842,0.049492923137518095,0.049634056617641704,1.271903677730916,0.969171783740936,0.05911316262220126,0.014846303773844383,-0.06284502171692685,0.05149027771944099,0.03974426415751806,0.011459953240821805,0.008359663028900356,-0.5002391457347714,0.012193243355673249,1.608767055672727,0.5473251028806584,0.8999999999999998,1.0009250481538967,-0.001203754694825421,0.4998606467295356,0.501064401424361,102250,0.9352675917202521,7077,0.06473240827974791,7077,0.32225308501434363,0.32327484541425805,0,0.0,0.0,,0,0.008847925043979986,0.0,0.21599734875591917,0.0,0.1508655363534832,0.07145740956405269,0.008847925043979986,0.14415972752291487,0.07681515104655227,0.0,-0.00011675509420965816,-4.825150669932444e-05,0.0004972762755855356,0.00018449635146335045,0.0005202173629514184,0.00021098284016067074,0.0010782418060113813,0.06187198915425141,0.026617518794121258,0.024872758925319736,-0.02553927698810988,0.03699923022893168,-1.4025652845387598e-05
A_B00_LOW_NO_CARRY,2014,242,0.04521963478726464,0.03738229191736155,0.027063823641097502,0.02707059566882998,1.6708516648252472,1.3809187051027776,0.03120556494125814,0.007837342869903077,-0.017387754030500434,0.060145344954719134,0.05528494663410348,-0.0149257101674545,-0.017902654716741937,-0.7905006382356757,0.010543635044468024,1.6526276764309218,0.512396694214876,0.9999999999999999,1.0021217812839351,-5.975750404857087e-05,0.5010310118899433,0.5010907693939919,106571,0.958837924891584,4575,0.041162075108415956,4575,0.20500067213335127,0.20503249859877426,0,0.0,0.0,,0,-0.0011932299344757649,0.0,0.13692974772515926,0.0,0.10854545068175053,0.060796152945171766,-0.0011932299344757649,0.16176893891097638,0.08347455090090496,0.0,0.00010110156996482393,0.00016796679927340711,0.00024765081484124025,0.00026333757403222306,0.000583024202870408,0.00027352987976201286,0.0008789651498899377,0.04434066963737467,0.03451233395824816,0.025633010996470945,-0.03363336880835825,0.01870765864090374,-4.7118840669509224e-05
A_B00_LOW_NO_CARRY,2015,242,0.01079605947703099,-0.0010062040389088622,0.04617994448405359,0.04622473581820427,0.23378242649813016,-0.02176765364038269,0.04695248446735843,0.011802263515939852,-0.05713301829603004,0.05182041129484991,0.0430252637231062,-0.04102435181781891,-0.044031467762015074,-0.5116859207219953,0.004769677110472082,0.4729462975487266,0.5619834710743802,0.49999999999999994,1.0011454122000902,-0.0009864331413521133,0.5000794895293691,0.5010659226707211,110092,0.9758717889623628,2722,0.02412821103763717,2722,0.12020313534996688,0.12020222171586992,0,0.0,0.0,,0,-0.003375986860904215,0.0,0.08025475053450752,0.0,0.12783425477481236,0.06523600827034816,-0.003375986860904215,0.13266493374567576,0.06968044791091849,0.0,0.00038140563336104956,0.00023556484778642568,0.00046508456666631993,0.0002859895947924034,0.0004742588599090333,0.00036804182308424865,0.0007646923694322619,0.01003136710759872,0.04635182798761453,0.0054685833072353664,-0.04558713561818226,0.004562783800363341,-0.00013809767772251556
A_B00_LOW_NO_CARRY,2016,59,0.10919438410129734,0.08937680294645678,0.057459111540968,0.05804727887062263,1.9003841370474794,1.5397242503935844,0.07971847170353345,0.019817581154840554,-0.034765601466677225,0.15229136895425954,0.14910909374598608,-0.04309698485296218,-0.05973229079952929,-0.7819215339918064,0.027542760846262063,1.2230013266519844,0.6101694915254238,0.6,1.002824858757062,-9.26165923614736e-19,0.501412429378531,0.501412429378531,27028,0.970554438379776,820,0.029445561620224072,767,0.1368421052631579,0.13684210526315785,0,0.0,0.0,0.6477502756312958,1,0.003979772292929151,0.0,0.09154929577464788,0.0,0.14647636039250667,0.07401098643128784,0.003979772292929151,0.11953612845673507,0.06516174468284895,0.0,0.00036984335142311073,0.00036413671463828484,-0.00012576737733412775,0.0007412283262961435,0.0014348290472512434,0.0005613471208664787,0.005061929085271418,0.10413245501602593,0.07092953874677282,0.08136183020748668,-0.06586760966150143,0.022770624808539242,-5.675925996254872e-20
A_BOX_SHORT_GAMMA_050,full_train_eval,1275,0.05157329614417454,0.04473001149053193,0.042826979944969694,0.04287069569317235,1.204224444741221,1.0433703201521802,0.02722862818369968,0.006843284653642609,-0.049624934510664576,0.058667428320830536,0.052974036799802164,-0.007094132176656005,-0.008244025309270236,-0.5844381036632951,0.011032155086138615,2.620429210041245,0.5403921568627451,0.8999999999999998,0.7511306471773029,0.24998879686004455,0.5005597220186737,0.25057092515862917,526032,0.9124025427771081,50503,0.08759745722289193,10959,0.0946299510400746,0.09480723173927111,781,0.006755646284394543,0.0069743916306347345,0.8117364789152501,379,-0.0006683208176546979,-0.0002700894421620238,0.06333529053483146,0.004656499787068131,0.15282555480586582,0.07682117310249283,-0.0006683208176546979,0.14896847079082767,0.07778307579683237,-0.0002700894421620238,0.00011125511792228877,0.00012493858670491385,0.0003015083340706463,0.000296505231740021,0.0005488245739793509,0.000277464942738187,0.01777311096825686,0.03380018517591768,0.03499762954108198,0.023669798779748563,-0.01722451857282512,0.010130386396169117,0.01749191288270746
A_BOX_SHORT_GAMMA_050,ex_2016,1216,0.045808934412579994,0.03880594687257295,0.04142450103909728,0.04146414130117261,1.1058415494092397,0.9358917284867423,0.02786154319690579,0.007002987540007043,-0.049624934510664576,0.05343279046938029,0.04752682095040506,-0.007623856056800314,-0.00872087407783211,-0.5708435760954725,0.009755118393399261,2.3472863105600483,0.5386513157894737,0.7999999999999999,0.7510827098281753,0.2499539879357649,0.5005183488819701,0.25056436094620527,498879,0.9092232912389031,49808,0.09077670876109695,10959,0.09944285143914922,0.09941687500805257,781,0.007099870911437974,0.007314114497263153,0.813016794109429,375,-0.0007007475678534041,-0.0002831941108195562,0.06641004190983074,0.004882835515994172,0.15090023654657636,0.07610189497774339,-0.0007007475678534041,0.14990309924289305,0.07832347374887698,-0.0002831941108195562,0.00012967864181381104,0.00011290679395969736,0.00030523239080872957,0.0002640284479411377,0.0005030415684975552,0.0002636910541612386,0.016894067298366507,0.02891486711421348,0.03325422276218744,0.02017856770719286,-0.016360155463820927,0.008736299407020616,0.016619874615478793
A_BOX_SHORT_GAMMA_050,2011,243,0.03177226011144048,0.028692697030372527,0.0447605017386991,0.044787582700906825,0.7098280599471202,0.6406395545386642,0.012290856205783926,0.0030795630810679588,-0.031003478969722123,0.06092029784291933,0.05896394756285497,-0.029148037731478834,-0.030271250532482447,-0.6799043587190873,0.001071848203838167,0.10872478857206475,0.5267489711934157,0.19999999999999998,0.7514250974616918,0.25044392722390907,0.5009345123428005,0.2504905851188914,71686,0.6721990923071153,34958,0.3278009076928847,3896,0.18216673680273063,0.18251484417804492,781,0.03652263374485597,0.03659464756183386,0.8484420364608906,243,-0.0005896030006595557,-0.0014171359619612359,0.12176970339186222,0.024413972191271442,0.1817987406314497,0.0958294549177498,-0.0005896030006595557,0.15095398428731757,0.07762600755024998,-0.0014171359619612359,0.000486655661277667,0.00040902737967146046,0.00041558063203512235,0.0004945786889897922,0.0004777918012597943,0.00045735006574238943,0.028857746083067973,0.0029145140283725044,0.05765311140035849,0.0032671864425608374,-0.0287953653172905,-0.0003526724141883386,0.028874019476851923
A_BOX_SHORT_GAMMA_050,2012,246,0.053654489577522925,0.050625311336871204,0.038408285074283705,0.038416225147620706,1.3969509306065668,1.3178106683396162,0.012043593022146287,0.0030291782406517086,-0.023716400736422692,0.04216520939675575,0.04005779111698402,0.01148928018076717,0.010567520219887199,-0.43507108914198467,0.01912703306538255,1.7522441591189013,0.5447154471544715,0.8999999999999998,0.7514029002285739,0.2499657765391041,0.5006843383838391,0.25071856184473496,102423,0.9417687300011034,6333,0.05823126999889661,0,0.0,0.0,0,0.0,0.0,0.7437496097559538,54,0.0,0.0,0.0,0.0,0.1683566273864986,0.0788959675987367,0.0,0.1614488610412151,0.08377992512684239,0.0,-0.00016972912930324967,-0.00020558872497432256,-0.00011033421604990673,8.030285142053984e-05,0.0004586378261920661,1.2126315596858778e-05,0.0008267574572402982,0.05282773212028263,0.0015863599620430024,0.040578849434712766,-0.0007596025048027069,0.012248882685569876,0.0008085527892611045
A_BOX_SHORT_GAMMA_050,2013,243,0.057479962300514546,0.0440945798697425,0.04528233983115366,0.04536665250580057,1.2693682021477408,0.9719601829582772,0.053227716679413103,0.013385382430772043,-0.037909465929877546,0.05116590375210229,0.03924491477636884,0.006314058548412257,0.004849665093373672,-0.5020913780882335,0.012841314962352843,1.7285083915844601,0.5473251028806584,0.6,0.750392847441716,0.2493284460173551,0.4998606467295356,0.2505322007121805,106724,0.9761906939731265,2603,0.02380930602687351,2111,0.09612494877282456,0.09556989767739883,0,0.0,0.0,0.7607897941664254,22,-0.00284928469697888,0.0,0.06385539986181112,0.0,0.15135884862374094,0.07262381731482101,-0.00284928469697888,0.14774176017971516,0.07796919919187945,0.0,-8.390285095485161e-05,-0.00011715341689363815,0.0005472929818878337,0.00019116124066773487,0.0005128634463050169,0.00021098284016067074,0.01385124833734649,0.04362871396316804,0.026617518794121258,0.024548384957981034,-0.012766270456774764,0.019080329005187018,0.013301746570637932
A_BOX_SHORT_GAMMA_050,2014,242,0.054375804632380995,0.04876802347769271,0.03158573717471407,0.03162932372778916,1.7215303328716194,1.5418610874327894,0.02231298808415951,0.005607781154688285,-0.014719669036899048,0.06072784919258656,0.05592403660903445,-0.006352044560205576,-0.007156013131341727,-0.7839298891174192,0.011153317267004356,1.7476138505938068,0.5289256198347108,0.7,0.7515763965869393,0.25048562719294737,0.5010310118899433,0.25054538469699594,107703,0.9690227268637648,3443,0.03097727313623522,2782,0.12465833221311108,0.12488504469076488,0,0.0,0.0,0.6899761025101124,17,0.0010299690387698215,0.0,0.08340374224095763,0.0,0.10312805474095796,0.0593846862473946,0.0010299690387698215,0.15705715190924932,0.08309125981552186,0.0,2.4582918803437666e-05,0.0002652525016760366,0.00023088611199250105,0.00023971864819040273,0.0006016130522812463,0.00027352987976201286,0.017673032974328328,0.03670277165805268,0.03451233395824816,0.0262155152343384,-0.016839300983919843,0.010487256423714269,0.01723260755878933
A_BOX_SHORT_GAMMA_050,2015,242,0.03164225224167501,0.0216736976853256,0.045610529053803195,0.045644528953816224,0.6937488535673223,0.474836704027669,0.03965353849801642,0.00996855455634941,-0.04962493451066456,0.05234936035937325,0.043553831624366796,-0.020707108117698245,-0.021880133939041205,-0.47060282662787506,0.004450299191280691,0.41816977068580435,0.5454545454545454,0.49999999999999994,0.7506124508647296,0.24954652819400847,0.5000794895293691,0.25053296133536057,110343,0.9780966901271119,2471,0.021903309872888115,2170,0.09582689335394126,0.09579574165865747,0,0.0,0.0,0.7712931997406323,39,-0.0010979828072970915,0.0,0.06395941139304796,0.0,0.1494408011042769,0.07366221917050629,-0.0010979828072970915,0.13212748841194913,0.06906513381709684,0.0,0.00039514295452610526,0.0002179876423060483,0.00044814907886871316,0.0003167660143723723,0.00046509941421267833,0.00036804182308424865,0.023490263952001624,0.008151988289673373,0.04635182798761453,0.0059975323717587304,-0.0228615640356129,0.0021544559179146553,0.023106865154946
A_BOX_SHORT_GAMMA_050,2016,59,0.1703777684428012,0.16682598734541546,0.0654316519685794,0.0655088156469219,2.603904430299535,2.546618889350264,0.014184142487790865,0.003551781097385815,-0.024577887653669535,0.16655420166597457,0.1652420787128002,0.0038235667768266902,0.0015839086326152588,-0.6733443201380561,0.037352097770393694,1.243858458978339,0.576271186440678,0.8999999999999998,0.7521186440677967,0.2507062146892655,0.501412429378531,0.2507062146892655,27153,0.9750430910657857,695,0.024956908934214306,0,0.0,0.0,0,0.0,0.0,0.6917069294609905,4,0.0,0.0,0.0,0.0,0.19250669045495095,0.09164561716512515,0.0,0.12970561998215877,0.06664538241231983,0.0,-0.0002684568321131524,0.0003729158744707322,0.0002247548935026933,0.0009658572503746329,0.0014924200767905953,0.0005613471208664787,0.03589034999514949,0.13448741844765172,0.07092953874677282,0.0956246629192017,-0.035039188751623346,0.038862755528450046,0.03546476937338641
A_BOX_SHORT_GAMMA_025,full_train_eval,1275,0.055120362232502544,0.048852024145167046,0.046177354623706174,0.04621305462331491,1.1936665207799775,1.0571044165628636,0.02491741880653942,0.006268338087335496,-0.04647001664318581,0.058667428320830536,0.052974036799802164,-0.0035470660883280027,-0.004122012654635118,-0.5844381036632951,0.011032155086138615,2.620429210041245,0.5403921568627451,0.8999999999999998,0.6258451845979883,0.3752742594393591,0.5005597220186737,0.12528546257931458,526032,0.9124025427771081,50503,0.08759745722289193,10959,0.0946299510400746,0.09480723173927111,781,0.006755646284394543,0.0069743916306347345,0.8117364789152501,379,-0.00033416040882734894,-0.0002700894421620238,0.06333529053483146,0.004656499787068131,0.15282555480586582,0.07682117310249283,-0.00033416040882734894,0.14896847079082767,0.07778307579683237,-0.0002700894421620238,0.00011125511792228877,0.00012493858670491385,0.0003015083340706463,0.000296505231740021,0.0005488245739793509,0.000277464942738187,0.02638537025466942,0.028734991977833125,0.03499762954108198,0.023669798779748563,-0.00861225928641256,0.005065193198084558,0.026253390291429677
A_BOX_SHORT_GAMMA_025,ex_2016,1216,0.04962086244098014,0.043166383911489,0.0444630883762745,0.04449545772627507,1.1160012552672307,0.9701301237766292,0.0256559827960795,0.006454478529491143,-0.04647001664318581,0.05343279046938029,0.04752682095040506,-0.003811928028400157,-0.004360437038916055,-0.5708435760954725,0.009755118393399261,2.3472863105600483,0.5386513157894737,0.7999999999999999,0.6258005293550726,0.3752361684088675,0.5005183488819701,0.12528218047310263,498879,0.9092232912389031,49808,0.09077670876109695,10959,0.09944285143914922,0.09941687500805257,781,0.007099870911437974,0.007314114497263153,0.813016794109429,375,-0.00035037378392670205,-0.0002831941108195562,0.06641004190983074,0.004882835515994172,0.15090023654657636,0.07610189497774339,-0.00035037378392670205,0.14990309924289305,0.07832347374887698,-0.0002831941108195562,0.00012967864181381104,0.00011290679395969736,0.00030523239080872957,0.0002640284479411377,0.0005030415684975552,0.0002636910541612386,0.025074145030276974,0.024546717410703165,0.03325422276218744,0.02017856770719286,-0.008180077731910464,0.004368149703510308,0.024946085963838925
A_BOX_SHORT_GAMMA_025,2011,243,0.04634627897717989,0.04382832229661373,0.05035177569066271,0.0503887645326293,0.9204497426646743,0.869803471133583,0.010050528427663375,0.00251795668056616,-0.02534560933053559,0.06092029784291933,0.05896394756285497,-0.014574018865739417,-0.015135625266241223,-0.6799043587190873,0.001071848203838167,0.10872478857206475,0.5267489711934157,0.19999999999999998,0.6261798049022463,0.3756892197833548,0.5009345123428005,0.1252452925594457,71686,0.6721990923071153,34958,0.3278009076928847,3896,0.18216673680273063,0.18251484417804492,781,0.03652263374485597,0.03659464756183386,0.8484420364608906,243,-0.00029480150032977785,-0.0014171359619612359,0.12176970339186222,0.024413972191271442,0.1817987406314497,0.0958294549177498,-0.00029480150032977785,0.15095398428731757,0.07762600755024998,-0.0014171359619612359,0.000486655661277667,0.00040902737967146046,0.00041558063203512235,0.0004945786889897922,0.0004777918012597943,0.00045735006574238943,0.04325542874171321,0.003090850235466676,0.05765311140035849,0.0032671864425608374,-0.01439768265864525,-0.0001763362070941693,0.043318003712549645
A_BOX_SHORT_GAMMA_025,2012,246,0.04790984948713934,0.04534155122692762,0.038471557400096765,0.038475554234213866,1.2453316872224893,1.1784508925048378,0.010214704210876498,0.002568298260211726,-0.021189253114861594,0.04216520939675575,0.04005779111698402,0.005744640090383585,0.0052837601099435996,-0.43507108914198467,0.01912703306538255,1.7522441591189013,0.5447154471544715,0.8999999999999998,0.6260436193062064,0.37532505746147155,0.5006843383838391,0.12535928092236748,102423,0.9417687300011034,6333,0.05823126999889661,0,0.0,0.0,0,0.0,0.0,0.7437496097559538,54,0.0,0.0,0.0,0.0,0.1683566273864986,0.0788959675987367,0.0,0.1614488610412151,0.08377992512684239,0.0,-0.00016972912930324967,-0.00020558872497432256,-0.00011033421604990673,8.030285142053984e-05,0.0004586378261920661,1.2126315596858778e-05,0.0012065587096416446,0.04670329077749771,0.0015863599620430024,0.040578849434712766,-0.00037980125240135343,0.006124441342784938,0.0011883540416624504
A_BOX_SHORT_GAMMA_025,2013,243,0.05432293302630841,0.04166974732305566,0.047571965712085024,0.04762012881349014,1.1419106234768934,0.8750448258185136,0.05026661424393962,0.012653185703252757,-0.026949191461244405,0.05116590375210229,0.03924491477636884,0.0031570292742061283,0.002424832546686836,-0.5020913780882335,0.012841314962352843,1.7285083915844601,0.5473251028806584,0.6,0.6251267470856259,0.37459454637344547,0.4998606467295356,0.12526610035609026,106724,0.9761906939731265,2603,0.02380930602687351,2111,0.09612494877282456,0.09556989767739883,0,0.0,0.0,0.7607897941664254,22,-0.00142464234848944,0.0,0.06385539986181112,0.0,0.15135884862374094,0.07262381731482101,-0.00142464234848944,0.14774176017971516,0.07796919919187945,0.0,-8.390285095485161e-05,-0.00011715341689363815,0.0005472929818878337,0.00019116124066773487,0.0005128634463050169,0.00021098284016067074,0.020234383565733868,0.03408854946057453,0.026617518794121258,0.024548384957981034,-0.006383135228387382,0.009540164502593509,0.0199596326823796
A_BOX_SHORT_GAMMA_025,2014,242,0.05755182691248378,0.052346030043363585,0.037104929072992364,0.037146218419377285,1.551056108994806,1.4091886676695289,0.020687868215794304,0.005205796869120209,-0.013844131000422966,0.06072784919258656,0.05592403660903445,-0.003176022280102788,-0.0035780065656708633,-0.7839298891174192,0.011153317267004356,1.7476138505938068,0.5289256198347108,0.7,0.6263037042384412,0.37575831954144534,0.5010310118899433,0.12527269234849797,107703,0.9690227268637648,3443,0.03097727313623522,2782,0.12465833221311108,0.12488504469076488,0,0.0,0.0,0.6899761025101124,17,0.0005149845193849107,0.0,0.08340374224095763,0.0,0.10312805474095796,0.0593846862473946,0.0005149845193849107,0.15705715190924932,0.08309125981552186,0.0,2.4582918803437666e-05,0.0002652525016760366,0.00023088611199250105,0.00023971864819040273,0.0006016130522812463,0.00027352987976201286,0.026092683466288246,0.031459143446195534,0.03451233395824816,0.0262155152343384,-0.008419650491959921,0.0052436282118571344,0.025872470758518756
A_BOX_SHORT_GAMMA_025,2015,242,0.04199580630052414,0.032613764654846195,0.04760810848669425,0.04763550511225628,0.8821145732404246,0.6846524368323514,0.03727821515179879,0.00938204164567793,-0.04647001664318581,0.05234936035937325,0.043553831624366796,-0.010353554058849123,-0.010940066969520603,-0.47060282662787506,0.004450299191280691,0.41816977068580435,0.5454545454545454,0.49999999999999994,0.6253459701970493,0.3748130088616886,0.5000794895293691,0.12526648066768029,110343,0.9780966901271119,2471,0.021903309872888115,2170,0.09582689335394126,0.09579574165865747,0,0.0,0.0,0.7712931997406323,39,-0.0005489914036485458,0.0,0.06395941139304796,0.0,0.1494408011042769,0.07366221917050629,-0.0005489914036485458,0.13212748841194913,0.06906513381709684,0.0,0.00039514295452610526,0.0002179876423060483,0.00044814907886871316,0.0003167660143723723,0.00046509941421267833,0.00036804182308424865,0.03492104596980808,0.0070747603307160555,0.04635182798761453,0.0059975323717587304,-0.01143078201780645,0.0010772279589573277,0.034729346571280253
A_BOX_SHORT_GAMMA_025,2016,59,0.1684659850543879,0.16603403302910782,0.07327836182006359,0.07333555472119269,2.29898677959067,2.2640318691300076,0.009695489801781098,0.0024319520252800925,-0.01772799159266681,0.16655420166597457,0.1652420787128002,0.0019117833884133451,0.0007919543163076294,-0.6733443201380561,0.037352097770393694,1.243858458978339,0.576271186440678,0.8999999999999998,0.6267655367231638,0.37605932203389836,0.501412429378531,0.12535310734463276,27153,0.9750430910657857,695,0.024956908934214306,0,0.0,0.0,0,0.0,0.0,0.6917069294609905,4,0.0,0.0,0.0,0.0,0.19250669045495095,0.09164561716512515,0.0,0.12970561998215877,0.06664538241231983,0.0,-0.0002684568321131524,0.0003729158744707322,0.0002247548935026933,0.0009658572503746329,0.0014924200767905953,0.0005613471208664787,0.053409944370961165,0.11505604068342673,0.07092953874677282,0.0956246629192017,-0.017519594375811673,0.019431377764225023,0.053197154060079646
A_BOX_SHORT_GAMMA_000,full_train_eval,1275,0.058667428320830536,0.052974036799802164,0.0523118299530003,0.05233782199941138,1.121494475982592,1.0121559280857721,0.022606209429379152,0.0056933915210283775,-0.04331509877570705,0.058667428320830536,0.052974036799802164,0.0,0.0,,0.011032155086138615,2.620429210041245,0.5403921568627451,0.8999999999999998,0.5005597220186737,0.5005597220186737,0.5005597220186737,0.0,526032,0.9124025427771081,50503,0.08759745722289193,10959,0.0946299510400746,,781,0.006755646284394543,0.0069743916306347345,0.8117364789152501,379,0.0,-0.0002700894421620238,,0.004656499787068131,,0.0,0.0,0.14896847079082767,0.07778307579683237,-0.0002700894421620238,0.00011125511792228877,0.00012493858670491385,0.0003015083340706463,0.000296505231740021,0.0005488245739793509,0.000277464942738187,0.03499762954108198,0.023669798779748563,0.03499762954108198,0.023669798779748563,0.0,0.0,0.03501486770015188
A_BOX_SHORT_GAMMA_000,ex_2016,1216,0.05343279046938029,0.04752682095040506,0.0500087599870037,0.05003273255394408,1.0684686139641622,0.9499145564188962,0.023450422395253214,0.00590596951897524,-0.04331509877570705,0.05343279046938029,0.04752682095040506,0.0,0.0,,0.009755118393399261,2.3472863105600483,0.5386513157894737,0.7999999999999999,0.5005183488819701,0.5005183488819701,0.5005183488819701,0.0,498879,0.9092232912389031,49808,0.09077670876109695,10959,0.09944285143914922,,781,0.007099870911437974,0.007314114497263153,0.813016794109429,375,0.0,-0.0002831941108195562,,0.004882835515994172,,0.0,0.0,0.14990309924289305,0.07832347374887698,-0.0002831941108195562,0.00012967864181381104,0.00011290679395969736,0.00030523239080872957,0.0002640284479411377,0.0005030415684975552,0.0002636910541612386,0.03325422276218744,0.02017856770719286,0.03325422276218744,0.02017856770719286,0.0,0.0,0.03327229731219906
A_BOX_SHORT_GAMMA_000,2011,243,0.06092029784291933,0.05896394756285497,0.058883654165381764,0.05891857092278015,1.0345875898227617,1.0007701585317523,0.007810200649542821,0.0019563502800643505,-0.022370385784798927,0.06092029784291933,0.05896394756285497,0.0,0.0,,0.001071848203838167,0.10872478857206475,0.5267489711934157,0.19999999999999998,0.5009345123428005,0.5009345123428005,0.5009345123428005,0.0,71686,0.6721990923071153,34958,0.3278009076928847,3896,0.18216673680273063,,781,0.03652263374485597,0.03659464756183386,0.8484420364608906,243,0.0,-0.0014171359619612359,,0.024413972191271442,,0.0,0.0,0.15095398428731757,0.07762600755024998,-0.0014171359619612359,0.000486655661277667,0.00040902737967146046,0.00041558063203512235,0.0004945786889897922,0.0004777918012597943,0.00045735006574238943,0.05765311140035849,0.0032671864425608374,0.05765311140035849,0.0032671864425608374,0.0,0.0,0.057761987948247384
A_BOX_SHORT_GAMMA_000,2012,246,0.04216520939675575,0.04005779111698402,0.042164040892109164,0.042165958412534135,1.0000277132983904,0.9500030978799372,0.008385815399606712,0.002107418279771735,-0.020700048833325758,0.04216520939675575,0.04005779111698402,0.0,0.0,,0.01912703306538255,1.7522441591189013,0.5447154471544715,0.8999999999999998,0.5006843383838391,0.5006843383838391,0.5006843383838391,0.0,102423,0.9417687300011034,6333,0.05823126999889661,0,0.0,,0,0.0,0.0,0.7437496097559538,54,0.0,0.0,,0.0,,0.0,0.0,0.1614488610412151,0.08377992512684239,0.0,-0.00016972912930324967,-0.00020558872497432256,-0.00011033421604990673,8.030285142053984e-05,0.0004586378261920661,1.2126315596858778e-05,0.0015863599620430024,0.040578849434712766,0.0015863599620430024,0.040578849434712766,0.0,0.0,0.0015681552940638105
A_BOX_SHORT_GAMMA_000,2013,243,0.05116590375210229,0.03924491477636884,0.052278963686517146,0.05229718655888379,0.9787092196186377,0.7504211480321452,0.047305511808466136,0.011920988975733463,-0.019505475533410456,0.05116590375210229,0.03924491477636884,0.0,0.0,,0.012841314962352843,1.7285083915844601,0.5473251028806584,0.6,0.4998606467295356,0.4998606467295356,0.4998606467295356,0.0,106724,0.9761906939731265,2603,0.02380930602687351,2111,0.09612494877282456,,0,0.0,0.0,0.7607897941664254,22,0.0,0.0,,0.0,,0.0,0.0,0.14774176017971516,0.07796919919187945,0.0,-8.390285095485161e-05,-0.00011715341689363815,0.0005472929818878337,0.00019116124066773487,0.0005128634463050169,0.00021098284016067074,0.026617518794121258,0.024548384957981034,0.026617518794121258,0.024548384957981034,0.0,0.0,0.026617518794121258
A_BOX_SHORT_GAMMA_000,2014,242,0.06072784919258656,0.05592403660903445,0.04387565138254,0.0439131279416096,1.3840899742574029,1.273515215846057,0.019062748347429097,0.004803812583552134,-0.015921804104437214,0.06072784919258656,0.05592403660903445,0.0,0.0,,0.011153317267004356,1.7476138505938068,0.5289256198347108,0.7,0.5010310118899433,0.5010310118899433,0.5010310118899433,0.0,107703,0.9690227268637648,3443,0.03097727313623522,2782,0.12465833221311108,,0,0.0,0.0,0.6899761025101124,17,0.0,0.0,,0.0,,0.0,0.0,0.15705715190924932,0.08309125981552186,0.0,2.4582918803437666e-05,0.0002652525016760366,0.00023088611199250105,0.00023971864819040273,0.0006016130522812463,0.00027352987976201286,0.03451233395824816,0.0262155152343384,0.03451233395824816,0.0262155152343384,0.0,0.0,0.03451233395824816
A_BOX_SHORT_GAMMA_000,2015,242,0.05234936035937325,0.043553831624366796,0.05146539170005024,0.05148676703625456,1.0171759823470294,0.845922828941624,0.03490289180558115,0.008795528735006454,-0.043315098775707064,0.05234936035937325,0.043553831624366796,0.0,0.0,,0.004450299191280691,0.41816977068580435,0.5454545454545454,0.49999999999999994,0.5000794895293691,0.5000794895293691,0.5000794895293691,0.0,110343,0.9780966901271119,2471,0.021903309872888115,2170,0.09582689335394126,,0,0.0,0.0,0.7712931997406323,39,0.0,0.0,,0.0,,0.0,0.0,0.13212748841194913,0.06906513381709684,0.0,0.00039514295452610526,0.0002179876423060483,0.00044814907886871316,0.0003167660143723723,0.00046509941421267833,0.00036804182308424865,0.04635182798761453,0.0059975323717587304,0.04635182798761453,0.0059975323717587304,0.0,0.0,0.04635182798761453
A_BOX_SHORT_GAMMA_000,2016,59,0.16655420166597457,0.1652420787128002,0.0875838823549068,0.08761485143984915,1.9016535598532252,1.8860053518009448,0.005206837115771331,0.0013121229531743639,-0.018822334448535337,0.16655420166597457,0.1652420787128002,0.0,0.0,,0.037352097770393694,1.243858458978339,0.576271186440678,0.8999999999999998,0.501412429378531,0.501412429378531,0.501412429378531,0.0,27153,0.9750430910657857,695,0.024956908934214306,0,0.0,,0,0.0,0.0,0.6917069294609905,4,0.0,0.0,,0.0,,0.0,0.0,0.12970561998215877,0.06664538241231983,0.0,-0.0002684568321131524,0.0003729158744707322,0.0002247548935026933,0.0009658572503746329,0.0014924200767905953,0.0005613471208664787,0.07092953874677282,0.0956246629192017,0.07092953874677282,0.0956246629192017,0.0,0.0,0.07092953874677282
A_B00_SHORT_GAMMA_050,full_train_eval,1275,0.05274828736967847,0.04605009038247354,0.04338981193476364,0.04343482769438065,1.2156837058659127,1.0602111905794724,0.02665436721864957,0.006698196987204936,-0.05017789460538358,0.05941708566039412,0.053843757043859415,-0.006668798290715653,-0.007793666661385874,-0.5891633582345802,0.010869442308841971,2.5573001981798087,0.5341176470588235,0.9999999999999999,0.7511306471773029,0.24998879686004455,0.5005597220186737,0.25057092515862917,559930,0.9711986262759417,16605,0.028801373724058384,7063,0.06098835150981357,0.060078272662574934,0,0.0,0.0,0.7305035270588098,182,-0.0005559494222348766,0.0,0.04013485874557885,0.0,0.1459725944029245,0.07286229187833763,-0.0005559494222348766,0.14908989902693728,0.0775199922924485,0.0,9.406833898127397e-05,0.00013938217372309284,0.00029118169960550114,0.0003037447658300633,0.0005545081620402158,0.000277464942738187,0.017738260241318728,0.03501002712835974,0.03497967499670784,0.024437410663686276,-0.01724141475538912,0.010572616464673463,0.01749191288270746
A_B00_SHORT_GAMMA_050,ex_2016,1216,0.04690007352234477,0.04004921326417,0.04204997624809226,0.04209112941964892,1.1153412607331155,0.9514882070490199,0.02725941924095274,0.006850860258174779,-0.05017789460538358,0.054246078384501274,0.04846526542203996,-0.007346004862156495,-0.008416052157869969,-0.5761740955642563,0.009559038225737448,2.272763013462602,0.5320723684210527,0.8999999999999998,0.7510827098281753,0.2499539879357649,0.5005183488819701,0.25056436094620527,532777,0.9710035047303837,15910,0.028996495269616375,7063,0.0640902326594316,0.06299935157289126,0,0.0,0.0,0.7313753607126934,178,-0.0005829239418992331,0.0,0.042083293987152486,0.0,0.14519503546618964,0.07240817583262377,-0.0005829239418992331,0.15003041914506388,0.07801281722100235,0.0,0.00011874409478204224,0.00012159281764261497,0.0002940859790089254,0.00026958078303188977,0.0005103318670798854,0.0002636910541612386,0.01685752562332858,0.03004254789901619,0.033235397068045146,0.021010681316456118,-0.016377871444716564,0.009031866582560074,0.016619874615478793
A_B00_SHORT_GAMMA_050,2011,243,0.03862437872076194,0.03608525035595624,0.04569580690423198,0.04573282786288318,0.8452499548089797,0.7890448074662595,0.010154059069878615,0.0025391283648057,-0.03219066871663395,0.06667896713135987,0.06510920054826017,-0.028054588410597943,-0.02902395019230392,-0.7028194385623802,0.0011418487618007347,0.11359695772125032,0.5020576131687243,0.6,0.7514250974616918,0.25044392722390907,0.5009345123428005,0.2504905851188914,101212,0.9490641761374292,5432,0.0509358238625708,0,0.0,0.0,0,0.0,0.0,0.7055066046171586,99,0.0,0.0,0.0,0.0,0.15360008743279652,0.07747886144089369,0.0,0.1502057613168724,0.07620927286331328,0.0,0.00044246465831016094,0.0004464461216590992,0.00032742282166743224,0.0005414431031897044,0.0005247633697584526,0.00045735006574238943,0.028674185031413165,0.009950193689348772,0.057562042869053746,0.009116924262306147,-0.028887857837640567,0.0008332694270426224,0.02887401947685192
A_B00_SHORT_GAMMA_050,2012,246,0.053606756632109044,0.05059498239720546,0.038357052480068446,0.03836344749395,1.397572367166764,1.3188330481817205,0.011974529507272801,0.003011774234903593,-0.02384206134974768,0.041671091996844406,0.039583013496007735,0.011935664635264643,0.011011968901197718,-0.43662061670284014,0.0193492821950819,1.76863583692952,0.5487804878048781,0.9999999999999999,0.7514029002285739,0.2499657765391041,0.5006843383838391,0.25071856184473496,106777,0.9818033028062819,1979,0.018196697193718046,0,0.0,0.0,0,0.0,0.0,0.7756731198703768,5,0.0,0.0,0.0,0.0,0.1679912304741025,0.07904376859700929,0.0,0.16163363561623362,0.08390113367263434,0.0,-0.00019032195444797364,-0.0001852812912926016,-0.00010454086016774543,7.956558149644244e-05,0.0004528323093572298,1.2126315596858778e-05,0.0008236583069558516,0.0527830983251532,0.0015832608117585603,0.04008783118508584,-0.0007596025048027069,0.01269526714006735,0.0008085527892611045
A_B00_SHORT_GAMMA_050,2013,243,0.057250296759400056,0.04404184817853589,0.04629757922363907,0.04637616518495158,1.2365721430672265,0.9496655879780863,0.05252559822739763,0.013208448580864146,-0.03905545427295062,0.05169258086381448,0.039961829068441035,0.005557715895585546,0.004080019110094864,-0.4936609952440953,0.011894024294836185,1.576951453550798,0.5432098765432098,0.7999999999999999,0.750392847441716,0.2493284460173551,0.4998606467295356,0.2505322007121805,106742,0.9763553376567545,2585,0.02364466234324549,2111,0.09612494877282456,0.09556989767739883,0,0.0,0.0,0.8139592343251242,18,-0.00284928469697888,0.0,0.06385539986181112,0.0,0.14977048563990009,0.07232038212094005,-0.00284928469697888,0.14415972752291487,0.07681515104655227,0.0,-7.041312021118868e-05,-0.00010913787489821923,0.0005190567714744071,0.00018934520460627083,0.0005202173629514184,0.00021098284016067074,0.01385508804794718,0.04339520871145285,0.026617518794121258,0.025075062069693232,-0.012762430746174072,0.018320146641759627,0.013301746570637932
A_B00_SHORT_GAMMA_050,2014,242,0.054141795630110595,0.048543557733111906,0.03188584703872603,0.03193362804480769,1.6979883132586773,1.5201391356158465,0.02227511801396266,0.005598237896998683,-0.015025029518727777,0.05991518305192056,0.05511521721449322,-0.005773387421809968,-0.006571659481381296,-0.7837724802490483,0.01107692339423615,1.7162275995006777,0.5206611570247934,0.9999999999999999,0.7515763965869393,0.25048562719294737,0.5010310118899433,0.25054538469699594,107703,0.9690227268637648,3443,0.03097727313623522,2782,0.12465833221311108,0.12488504469076489,0,0.0,0.0,0.6899761025101124,17,0.0010299690387698215,0.0,0.08340374224095763,0.0,0.10460978521669582,0.05940088865119252,0.0010299690387698215,0.1613197833234809,0.08337040757349849,0.0,2.234060116284048e-05,0.00024210470843622254,0.0002542740333462658,0.0002634815712736857,0.0005802059732504863,0.00027352987976201286,0.017673032974328328,0.03646876265578226,0.03451233395824816,0.025402849093672384,-0.016839300983919843,0.011065913562109878,0.01723260755878933
A_B00_SHORT_GAMMA_050,2015,242,0.030757713171513597,0.020805998943072307,0.04637584121462555,0.04640805561070949,0.6632270674976682,0.44832731449905766,0.039586711799968345,0.0099517142284413,-0.05017789460538365,0.05143959596255237,0.04267024243973942,-0.02068188279103875,-0.021864243496667116,-0.4632725857515209,0.0041964233402424335,0.3883634134950796,0.5454545454545454,0.3,0.7506124508647296,0.24954652819400847,0.5000794895293691,0.25053296133536057,110343,0.9780966901271119,2471,0.021903309872888115,2170,0.09582689335394126,0.09579574165865747,0,0.0,0.0,0.7712931997406323,39,-0.0010979828072970915,0.0,0.06395941139304796,0.0,0.14957315351715592,0.07366670867145463,-0.0010979828072970915,0.13266493374567576,0.06968319510077219,0.0,0.00039420277194093925,0.00021851578721876052,0.00047973861517708837,0.0002764173556859474,0.0004744902425295279,0.00036804182308424865,0.023490263952001624,0.007267449219511981,0.04635182798761453,0.00508776797493783,-0.0228615640356129,0.002179681244574147,0.023106865154946
A_B00_SHORT_GAMMA_050,2016,59,0.17328096598591197,0.1697291848885262,0.06520509686284202,0.06528221120483721,2.6574757852197655,2.5999300844140185,0.014184142487790865,0.0035517810973858073,-0.023518440413603618,0.16599242205845716,0.16469538097830777,0.007288543927454873,0.005033803910218442,-0.6778671750126913,0.03787709256401319,1.2775373567769426,0.576271186440678,0.8999999999999998,0.7521186440677967,0.2507062146892655,0.501412429378531,0.2507062146892655,27153,0.9750430910657857,695,0.024956908934214306,0,0.0,0.0,0,0.0,0.0,0.6917069294609905,4,0.0,0.0,0.0,0.0,0.1619982158786797,0.08222170054932157,0.0,0.12970561998215877,0.06736278698530448,0.0,-0.00041450317040405186,0.0005060238176868407,0.00023132400885018064,0.0010078702418059781,0.0014649890886802447,0.0005613471208664787,0.03589034999514949,0.13739061599076247,0.07092953874677282,0.09506288331168428,-0.035039188751623346,0.04232773267907822,0.03546476937338641
A_B00_SHORT_GAMMA_025,full_train_eval,1275,0.05608268651503629,0.049946923713166475,0.04688824609813541,0.046924102664552575,1.1960926496942805,1.0644193682343426,0.024395045928132183,0.006135762801869824,-0.04695912184601439,0.05941708566039412,0.053843757043859415,-0.0033343991453578265,-0.003896833330692937,-0.5891633582345802,0.010869442308841971,2.5573001981798087,0.5341176470588235,0.9999999999999999,0.6258451845979883,0.3752742594393591,0.5005597220186737,0.12528546257931458,559930,0.9711986262759417,16605,0.028801373724058384,7063,0.06098835150981357,0.060078272662574934,0,0.0,0.0,0.7305035270588098,182,-0.0002779747111174383,0.0,0.04013485874557885,0.0,0.1459725944029245,0.07286229187833763,-0.0002779747111174383,0.14908989902693728,0.0775199922924485,0.0,9.406833898127397e-05,0.00013938217372309284,0.00029118169960550114,0.0003037447658300633,0.0005545081620402158,0.000277464942738187,0.026358967619013282,0.029723718896023016,0.03497967499670784,0.024437410663686276,-0.00862070737769456,0.005286308232336731,0.026253390291429677
A_B00_SHORT_GAMMA_025,ex_2016,1216,0.05057307595342302,0.04425723934310498,0.0452387441305936,0.04527139627346586,1.1179151173478747,0.9775982847042143,0.025109716444725833,0.006315836610318041,-0.04695912184601439,0.054246078384501274,0.04846526542203996,-0.0036730024310782476,-0.0042080260789349845,-0.5761740955642563,0.009559038225737448,2.272763013462602,0.5320723684210527,0.8999999999999998,0.6258005293550726,0.3752361684088675,0.5005183488819701,0.12528218047310263,532777,0.9710035047303837,15910,0.028996495269616375,7063,0.0640902326594316,0.06299935157289126,0,0.0,0.0,0.7313753607126934,178,-0.00029146197094961657,0.0,0.042083293987152486,0.0,0.14519503546618964,0.07240817583262377,-0.00029146197094961657,0.15003041914506388,0.07801281722100235,0.0,0.00011874409478204224,0.00012159281764261497,0.0002940859790089254,0.00026958078303188977,0.0005103318670798854,0.0002636910541612386,0.025046461345686867,0.025526614607736153,0.033235397068045146,0.021010681316456118,-0.008188935722358282,0.004515933291280037,0.024946085963838925
A_B00_SHORT_GAMMA_025,2011,243,0.05265167292606092,0.05059722545210817,0.05199270798238925,0.0520314273274792,1.0126741800772305,0.9724358536938773,0.008230722201414372,0.0020544474739527118,-0.0263091683480631,0.06667896713135987,0.06510920054826017,-0.014027294205298971,-0.01451197509615196,-0.7028194385623802,0.0011418487618007347,0.11359695772125032,0.5020576131687243,0.6,0.6261798049022463,0.3756892197833548,0.5009345123428005,0.1252452925594457,101212,0.9490641761374292,5432,0.0509358238625708,0,0.0,0.0,0,0.0,0.0,0.7055066046171586,99,0.0,0.0,0.0,0.0,0.15360008743279652,0.07747886144089369,0.0,0.1502057613168724,0.07620927286331328,0.0,0.00044246465831016094,0.0004464461216590992,0.00032742282166743224,0.0005414431031897044,0.0005247633697584526,0.00045735006574238943,0.04311811395023346,0.009533558975827456,0.057562042869053746,0.009116924262306147,-0.014443928918820284,0.0004166347135213112,0.043318003712549645
A_B00_SHORT_GAMMA_025,2012,246,0.04763892431447672,0.04508899794660661,0.03845253388660755,0.038455085914750296,1.2389020826289074,1.1725106542880388,0.010141799876187617,0.002549926367870128,-0.021878809938668246,0.041671091996844406,0.039583013496007735,0.005967832317632322,0.005505984450598859,-0.43662061670284014,0.0193492821950819,1.76863583692952,0.5487804878048781,0.9999999999999999,0.6260436193062064,0.37532505746147155,0.5006843383838391,0.12535928092236748,106777,0.9818033028062819,1979,0.018196697193718046,0,0.0,0.0,0,0.0,0.0,0.7756731198703768,5,0.0,0.0,0.0,0.0,0.1679912304741025,0.07904376859700929,0.0,0.16163363561623362,0.08390113367263434,0.0,-0.00019032195444797364,-0.0001852812912926016,-0.00010454086016774543,7.956558149644244e-05,0.0004528323093572298,1.2126315596858778e-05,0.0012034595593572025,0.046435464755119525,0.0015832608117585603,0.04008783118508584,-0.00037980125240135343,0.006347633570033675,0.0011883540416624504
A_B00_SHORT_GAMMA_025,2013,243,0.054471438811607265,0.042001838623488476,0.04853815656824905,0.04858198186457433,1.1222395464280868,0.8645558911238233,0.04953810029499534,0.012469600188118796,-0.02775606694876328,0.05169258086381448,0.039961829068441035,0.002778857947792773,0.002040009555047432,-0.4936609952440953,0.011894024294836185,1.576951453550798,0.5432098765432098,0.7999999999999999,0.6251267470856259,0.37459454637344547,0.4998606467295356,0.12526610035609026,106742,0.9763553376567545,2585,0.02364466234324549,2111,0.09612494877282456,0.09556989767739883,0,0.0,0.0,0.8139592343251242,18,-0.00142464234848944,0.0,0.06385539986181112,0.0,0.14977048563990009,0.07232038212094005,-0.00142464234848944,0.14415972752291487,0.07681515104655227,0.0,-7.041312021118868e-05,-0.00010913787489821923,0.0005190567714744071,0.00018934520460627083,0.0005202173629514184,0.00021098284016067074,0.02023630342103421,0.03423513539057304,0.026617518794121258,0.025075062069693232,-0.006381215373087036,0.009160073320879814,0.0199596326823796
A_B00_SHORT_GAMMA_025,2014,242,0.05702848934101556,0.05182938747380257,0.03739039363485031,0.0374364826031667,1.5252176775122597,1.3844619972234893,0.02066130074790861,0.005199101867213009,-0.014305787942357805,0.05991518305192056,0.05511521721449322,-0.002886693710904984,-0.003285829740690648,-0.7837724802490483,0.01107692339423615,1.7162275995006777,0.5206611570247934,0.9999999999999999,0.6263037042384412,0.37575831954144534,0.5010310118899433,0.12527269234849797,107703,0.9690227268637648,3443,0.03097727313623522,2782,0.12465833221311108,0.12488504469076489,0,0.0,0.0,0.6899761025101124,17,0.0005149845193849107,0.0,0.08340374224095763,0.0,0.10460978521669582,0.05940088865119252,0.0005149845193849107,0.1613197833234809,0.08337040757349849,0.0,2.234060116284048e-05,0.00024210470843622254,0.0002542740333462658,0.0002634815712736857,0.0005802059732504863,0.00027352987976201286,0.026092683466288246,0.03093580587472732,0.03451233395824816,0.025402849093672384,-0.008419650491959921,0.005532956781054939,0.025872470758518756
A_B00_SHORT_GAMMA_025,2015,242,0.041098654567032974,0.03173812069140586,0.048328410024827996,0.04835460333094128,0.8504036144768504,0.6563619284432675,0.03719286685794634,0.009360533875627113,-0.04695912184601442,0.05143959596255237,0.04267024243973942,-0.010340941395519375,-0.010932121748333558,-0.4632725857515209,0.0041964233402424335,0.3883634134950796,0.5454545454545454,0.3,0.6253459701970493,0.3748130088616886,0.5000794895293691,0.12526648066768029,110343,0.9780966901271119,2471,0.021903309872888115,2170,0.09582689335394126,0.09579574165865747,0,0.0,0.0,0.7712931997406323,39,-0.0005489914036485458,0.0,0.06395941139304796,0.0,0.14957315351715592,0.07366670867145463,-0.0005489914036485458,0.13266493374567576,0.06968319510077219,0.0,0.00039420277194093925,0.00021851578721876052,0.00047973861517708837,0.0002764173556859474,0.0004744902425295279,0.00036804182308424865,0.03492104596980808,0.006177608597224902,0.04635182798761453,0.00508776797493783,-0.01143078201780645,0.0010898406222870736,0.034729346571280253
A_B00_SHORT_GAMMA_025,2016,59,0.1696366940221846,0.16721228293341703,0.07324761432897359,0.07330460470562616,2.3159347314753935,2.28106110939281,0.009665565450541033,0.002424411088767595,-0.017405783614066184,0.16599242205845716,0.16469538097830777,0.0036442719637274365,0.002516901955109221,-0.6778671750126913,0.03787709256401319,1.2775373567769426,0.576271186440678,0.8999999999999998,0.6267655367231638,0.37605932203389836,0.501412429378531,0.12535310734463276,27153,0.9750430910657857,695,0.024956908934214306,0,0.0,0.0,0,0.0,0.0,0.6917069294609905,4,0.0,0.0,0.0,0.0,0.1619982158786797,0.08222170054932157,0.0,0.12970561998215877,0.06736278698530448,0.0,-0.00041450317040405186,0.0005060238176868407,0.00023132400885018064,0.0010078702418059781,0.0014649890886802447,0.0005613471208664787,0.053409944370961165,0.1162267496512234,0.07092953874677282,0.09506288331168428,-0.017519594375811673,0.02116386633953911,0.053197154060079646
A_B00_SHORT_GAMMA_000,full_train_eval,1275,0.05941708566039412,0.053843757043859415,0.05312102088570533,0.053146510348913344,1.1185230379558284,1.0131193316431986,0.022135724637614797,0.005573328616534714,-0.0437403490866452,0.05941708566039412,0.053843757043859415,0.0,0.0,,0.010869442308841971,2.5573001981798087,0.5341176470588235,0.9999999999999999,0.5005597220186737,0.5005597220186737,0.5005597220186737,0.0,559930,0.9711986262759417,16605,0.028801373724058384,7063,0.06098835150981357,,0,0.0,0.0,0.7305035270588098,182,0.0,0.0,,0.0,,0.0,0.0,0.14908989902693728,0.0775199922924485,0.0,9.406833898127397e-05,0.00013938217372309284,0.00029118169960550114,0.0003037447658300633,0.0005545081620402158,0.000277464942738187,0.03497967499670784,0.024437410663686276,0.03497967499670784,0.024437410663686276,0.0,0.0,0.03501486770015188
A_B00_SHORT_GAMMA_000,ex_2016,1216,0.054246078384501274,0.04846526542203996,0.050894241917514654,0.05091773729485914,1.0658588543752947,0.9518346257490355,0.02296001364849892,0.005780812962461306,-0.0437403490866452,0.054246078384501274,0.04846526542203996,0.0,0.0,,0.009559038225737448,2.272763013462602,0.5320723684210527,0.8999999999999998,0.5005183488819701,0.5005183488819701,0.5005183488819701,0.0,532777,0.9710035047303837,15910,0.028996495269616375,7063,0.0640902326594316,,0,0.0,0.0,0.7313753607126934,178,0.0,0.0,,0.0,,0.0,0.0,0.15003041914506388,0.07801281722100235,0.0,0.00011874409478204224,0.00012159281764261497,0.0002940859790089254,0.00026958078303188977,0.0005103318670798854,0.0002636910541612386,0.033235397068045146,0.021010681316456118,0.033235397068045146,0.021010681316456118,0.0,0.0,0.03327229731219906
A_B00_SHORT_GAMMA_000,2011,243,0.06667896713135987,0.06510920054826017,0.06112523663004083,0.06115648379800714,1.0908582249739645,1.0646328321181515,0.006307385332950131,0.001569766583099719,-0.02291462722929081,0.06667896713135987,0.06510920054826017,0.0,0.0,,0.0011418487618007347,0.11359695772125032,0.5020576131687243,0.6,0.5009345123428005,0.5009345123428005,0.5009345123428005,0.0,101212,0.9490641761374292,5432,0.0509358238625708,0,0.0,,0,0.0,0.0,0.7055066046171586,99,0.0,0.0,,0.0,,0.0,0.0,0.1502057613168724,0.07620927286331328,0.0,0.00044246465831016094,0.0004464461216590992,0.00032742282166743224,0.0005414431031897044,0.0005247633697584526,0.00045735006574238943,0.057562042869053746,0.009116924262306147,0.057562042869053746,0.009116924262306147,0.0,0.0,0.057761987948247384
A_B00_SHORT_GAMMA_000,2012,246,0.041671091996844406,0.039583013496007735,0.0421607196174034,0.04216153578789517,0.9883866398628339,0.9388418319280546,0.008309070245102435,0.0020880785008366588,-0.021601928160073697,0.041671091996844406,0.039583013496007735,0.0,0.0,,0.0193492821950819,1.76863583692952,0.5487804878048781,0.9999999999999999,0.5006843383838391,0.5006843383838391,0.5006843383838391,0.0,106777,0.9818033028062819,1979,0.018196697193718046,0,0.0,,0,0.0,0.0,0.7756731198703768,5,0.0,0.0,,0.0,,0.0,0.0,0.16163363561623362,0.08390113367263434,0.0,-0.00019032195444797364,-0.0001852812912926016,-0.00010454086016774543,7.956558149644244e-05,0.0004528323093572298,1.2126315596858778e-05,0.0015832608117585603,0.04008783118508584,0.0015832608117585603,0.04008783118508584,0.0,0.0,0.0015681552940638105
A_B00_SHORT_GAMMA_000,2013,243,0.05169258086381448,0.039961829068441035,0.05315443945398598,0.05316968083741678,0.9724979022413176,0.7515905388004313,0.04655060236259307,0.011730751795373452,-0.01976049440694723,0.05169258086381448,0.039961829068441035,0.0,0.0,,0.011894024294836185,1.576951453550798,0.5432098765432098,0.7999999999999999,0.4998606467295356,0.4998606467295356,0.4998606467295356,0.0,106742,0.9763553376567545,2585,0.02364466234324549,2111,0.09612494877282456,,0,0.0,0.0,0.8139592343251242,18,0.0,0.0,,0.0,,0.0,0.0,0.14415972752291487,0.07681515104655227,0.0,-7.041312021118868e-05,-0.00010913787489821923,0.0005190567714744071,0.00018934520460627083,0.0005202173629514184,0.00021098284016067074,0.026617518794121258,0.025075062069693232,0.026617518794121258,0.025075062069693232,0.0,0.0,0.026617518794121258
A_B00_SHORT_GAMMA_000,2014,242,0.05991518305192056,0.05511521721449322,0.04411184760274472,0.04415459933052998,1.3582560311573195,1.2482327560468813,0.019047483481854564,0.004799965837427352,-0.016056381199142725,0.05991518305192056,0.05511521721449322,0.0,0.0,,0.01107692339423615,1.7162275995006777,0.5206611570247934,0.9999999999999999,0.5010310118899433,0.5010310118899433,0.5010310118899433,0.0,107703,0.9690227268637648,3443,0.03097727313623522,2782,0.12465833221311108,,0,0.0,0.0,0.6899761025101124,17,0.0,0.0,,0.0,,0.0,0.0,0.1613197833234809,0.08337040757349849,0.0,2.234060116284048e-05,0.00024210470843622254,0.0002542740333462658,0.0002634815712736857,0.0005802059732504863,0.00027352987976201286,0.03451233395824816,0.025402849093672384,0.03451233395824816,0.025402849093672384,0.0,0.0,0.03451233395824816
A_B00_SHORT_GAMMA_000,2015,242,0.05143959596255237,0.04267024243973942,0.05210905028705473,0.05212986270905886,0.9871528204637291,0.8185374029831161,0.03479902191592432,0.008769353522812934,-0.043740349086645196,0.05143959596255237,0.04267024243973942,0.0,0.0,,0.0041964233402424335,0.3883634134950796,0.5454545454545454,0.3,0.5000794895293691,0.5000794895293691,0.5000794895293691,0.0,110343,0.9780966901271119,2471,0.021903309872888115,2170,0.09582689335394126,,0,0.0,0.0,0.7712931997406323,39,0.0,0.0,,0.0,,0.0,0.0,0.13266493374567576,0.06968319510077219,0.0,0.00039420277194093925,0.00021851578721876052,0.00047973861517708837,0.0002764173556859474,0.0004744902425295279,0.00036804182308424865,0.04635182798761453,0.00508776797493783,0.04635182798761453,0.00508776797493783,0.0,0.0,0.04635182798761453
A_B00_SHORT_GAMMA_000,2016,59,0.16599242205845716,0.16469538097830777,0.087603879258571,0.08763499179815577,1.8948067535744066,1.879333558421965,0.0051469884132912,0.0012970410801493727,-0.018768664821075018,0.16599242205845716,0.16469538097830777,0.0,0.0,,0.03787709256401319,1.2775373567769426,0.576271186440678,0.8999999999999998,0.501412429378531,0.501412429378531,0.501412429378531,0.0,27153,0.9750430910657857,695,0.024956908934214306,0,0.0,,0,0.0,0.0,0.6917069294609905,4,0.0,0.0,,0.0,,0.0,0.0,0.12970561998215877,0.06736278698530448,0.0,-0.00041450317040405186,0.0005060238176868407,0.00023132400885018064,0.0010078702418059781,0.0014649890886802447,0.0005613471208664787,0.07092953874677282,0.09506288331168428,0.07092953874677282,0.09506288331168428,0.0,0.0,0.07092953874677282
B_BOX_GATE_B00_SCORE,full_train_eval,1275,0.044965243806127875,0.03831148883064701,0.044411847919234596,0.044440222545475666,1.0124605462916036,0.8620903910065454,0.026523884875947867,0.0066537549754808745,-0.06661297819030047,0.05943264777471066,0.05467681313232242,-0.014467403968582763,-0.016365324301675397,-0.6158331766903187,0.01180382768001712,2.8636049301186235,0.5349019607843137,0.9999999999999999,1.001701572335932,-0.0005821282985846696,0.5005597220186737,0.5011418503172583,553539,0.960113436304821,22996,0.039886563695178956,7506,0.06481361552210968,0.06375755163958494,0,0.0,0.0,0.7254474608229871,203,-0.0013711688680124636,0.0,0.04259277465233663,0.0,0.14478524701497006,0.07148130854384423,-0.0013711688680124636,0.1457120102401968,0.07670227275850837,0.0,0.00011624751409352418,0.00012055155983860487,0.0002649847111573304,0.0003506053884923522,0.0005306284719611698,0.000277464942738187,0.0005413553999137205,0.04442388840621416,0.035020971974477844,0.0244116758002328,-0.03447961657456413,0.020012212605981357,-3.104193473695331e-05
B_BOX_GATE_B00_SCORE,ex_2016,1216,0.03891713254084246,0.03218787688140685,0.04254721282550615,0.042569841736852625,0.9146811261280191,0.7561192517552131,0.026811894696790135,0.006729255659435614,-0.06661297819030047,0.05433124144680142,0.04939514698630781,-0.015414108905958972,-0.017207270104900942,-0.6062047304400261,0.010735127759430942,2.6317636751035853,0.5320723684210527,0.8999999999999998,1.0016470707743805,-0.0006103730104403403,0.5005183488819701,0.5011287218924105,526469,0.9595069684537815,22218,0.04049303154621852,7465,0.067738013139269,0.06650186234621064,0,0.0,0.0,0.7262469393711223,198,-0.0013960318720789467,0.0,0.04442295601361363,0.0,0.14297189269986363,0.07078979099089222,-0.0013960318720789467,0.1463501319281842,0.07728135158624261,0.0,0.00013178761113777734,0.00011245629905370682,0.00026705635568765977,0.0003162848629436788,0.00048731027147733835,0.0002636910541612386,0.000526356890248901,0.03839077565059357,0.033278697764308925,0.021052543682492503,-0.03275234087406003,0.017338231968101057,-3.254808124146011e-05
B_BOX_GATE_B00_SCORE,2011,243,0.029162781572725588,0.02646346414853532,0.043167895499857924,0.04313179536440965,0.6755664420291597,0.6135488663282433,0.010735030144862451,0.002699317424190264,-0.05534133490576035,0.07761584782653146,0.07637098825668454,-0.04845306625380587,-0.04990752410814919,-0.7257667733890917,0.0056847203731420345,0.5876971014559668,0.5102880658436214,0.6,1.0019156825805835,-4.6657894982409944e-05,0.5009345123428005,0.5009811702377828,96288,0.9028918645212107,10356,0.09710813547878924,0,0.0,0.0,0,0.0,0.0,0.6691348154764395,92,0.0,0.0,0.0,0.0,0.16529002047104419,0.07885957320230298,0.0,0.1402918069584736,0.0748318623949937,0.0,0.0004581563345001669,0.00023329502482349114,0.00028233113847441014,0.0007719245143209672,0.0005366220246404108,0.00045735006574238943,-1.5209441619170255e-05,0.029177991014344755,0.0577571045643492,0.019858743262182257,-0.05777231400596838,0.009319247752162496,-1.3948994543548967e-05
B_BOX_GATE_B00_SCORE,2012,246,0.05873435377470989,0.05517685476018122,0.04790946799622383,0.04792291850290901,1.2259446040882622,1.1513667465146533,0.014140104029594485,0.003557499014528659,-0.03328787848221669,0.03559133820907546,0.03370367679332931,0.02314301556563444,0.02147317796685192,-0.4409148525750835,0.01904633150078862,1.7203989492822844,0.5365853658536586,0.8999999999999998,1.002121462073309,-0.0007527853056308342,0.5006843383838391,0.5014371236894699,105584,0.970833793078083,3172,0.029166206921916953,0,0.0,0.0,0,0.0,0.0,0.7821182734637773,39,0.0,0.0,0.0,0.0,0.16977254042203346,0.07929523557323692,0.0,0.1593467907355274,0.08299520827747006,0.0,-0.00016610133713151846,-0.00021689512277015804,-1.0946494219221024e-05,5.77664191141413e-05,0.0003907505708689236,1.2126315596858778e-05,8.541212207168657e-05,0.058648941652638203,0.0016046171316770968,0.033986721077398356,-0.0015192050096054137,0.024662220575239854,4.895028445839857e-05
B_BOX_GATE_B00_SCORE,2013,243,0.06269623123112357,0.05030997972139765,0.04518165652264157,0.0452534009729609,1.3876479097154182,1.1117391983744622,0.04937403116907164,0.012386251509725945,-0.057872913356658034,0.05796212696868856,0.047931150039688064,0.004734104262435001,0.0023788296817096,-0.5612775089181985,0.013811623334609115,1.9035493634969252,0.551440329218107,0.8999999999999998,1.0009250481538967,-0.0012037546948254212,0.4998606467295356,0.501064401424361,106726,0.9762089877157518,2601,0.023791012284248174,2008,0.0914348162651974,0.09083669854527077,0,0.0,0.0,0.7737886113907392,7,-0.004504078296360028,0.0,0.0606928944019032,0.0,0.13648843445112602,0.06878845209546793,-0.004504078296360028,0.1405159878143528,0.07534258798265127,0.0,-5.026761856216174e-05,5.773980256032943e-06,0.0003190173758057349,0.0001779412255239108,0.0006006111027363305,0.00021098284016067074,0.0009935190386094327,0.06170271219251415,0.026617518794121258,0.031344608174567315,-0.025623999755511825,0.03035810401794684,-1.4025652845387678e-05
B_BOX_GATE_B00_SCORE,2014,242,0.04087167658813759,0.035443193718695316,0.026436897610884573,0.0264551440351262,1.546008808965162,1.339746768024967,0.021676282117120662,0.005428482869442278,-0.018530063839711827,0.057655000794322335,0.05362355042295835,-0.01678332420618472,-0.018180356704263052,-0.7949968110856074,0.011724288014244147,1.87983224002656,0.5082644628099173,0.9999999999999999,1.0021217812839351,-5.975750404857139e-05,0.5010310118899433,0.5010907693939919,107655,0.9685908624691847,3491,0.031409137530815326,2964,0.13281355020836133,0.13300253517136978,0,0.0,0.0,0.7801364941599988,37,0.001104663118974077,0.0,0.08882496049302481,0.0,0.09743488692870306,0.0570925256861488,0.001104663118974077,0.1593212824406245,0.08400358515873885,0.0,0.00011969262158020456,0.0001725368535885084,0.00021036602192440996,0.00034967311555625494,0.0005105468118605782,0.00027352987976201286,0.0008764569767056536,0.039995219611431945,0.03451233395824816,0.023142666836074143,-0.03363587698154253,0.016852552775357806,-4.711884066950898e-05
B_BOX_GATE_B00_SCORE,2015,242,0.0027351086587651097,-0.006885321171619122,0.046514518656994956,0.046555372582978316,0.058801181603838834,-0.147895308094614,0.03831667846441064,0.009620429830384239,-0.0528634011120305,0.043030422861212884,0.03550031171825131,-0.04029531420244776,-0.042385632889870434,-0.5050294375101247,0.003279456966295101,0.3237816410205358,0.5537190082644629,0.19999999999999998,1.0011454122000902,-0.0009864331413521133,0.5000794895293691,0.5010659226707211,110216,0.9769709433226372,2598,0.023029056677362738,2493,0.11009052771031133,0.11004222224844745,0,0.0,0.0,0.7587959888220582,23,-0.0035967446496869373,0.0,0.07347128005410239,0.0,0.14536516279496056,0.06974750632438965,-0.0035967446496869373,0.1321091133194393,0.06915720348111928,0.0,0.00030178550282043817,0.0003729560869753016,0.0005388309909848764,0.00022708093177899,0.00039894492256148736,0.00036804182308424865,0.0006992015540563097,0.0020359071047088085,0.04635182798761453,-0.003321405126401643,-0.04565262643355821,0.005357312231110454,-0.00013809767772251553
B_BOX_GATE_B00_SCORE,2016,59,0.16961784208726471,0.1645201690048171,0.07305717949855443,0.0731486766484782,2.3217135297513223,2.249120237614577,0.020587953653164796,0.005097673082447579,-0.03927649969506797,0.16457349683806,0.16353284759933545,0.005044345249204689,0.000987321405481636,-0.6791342531115673,0.03382991417887798,1.1608265901342152,0.5932203389830508,0.8999999999999998,1.002824858757062,1.7641255687899732e-18,0.501412429378531,0.501412429378531,27070,0.9720626256822752,778,0.027937374317724792,41,0.007314897413024085,0.0073148974130240844,0,0.0,0.0,0.6937881103168293,5,-0.0008587381401337628,0.0,0.00489376939603724,0.0,0.1821587867975022,0.08573360251655006,-0.0008587381401337628,0.13256021409455843,0.06476735996995164,0.0,-0.0002040365199032872,0.00028739625669345207,0.0002222877662610517,0.0010579572370887393,0.0014234239260008173,0.0005613471208664787,0.0008504772262259309,0.16876736486103874,0.07092953874677282,0.09364395809128713,-0.07007906152054694,0.07512340676975163,1.5480835316144832e-19
B_BOX_GATE_RIDGE,full_train_eval,1275,0.03832812242799838,0.03151430589827182,0.04434873703454124,0.0443620389176378,0.8642438317498495,0.7103890323161437,0.027162047713506797,0.006813816529726551,-0.06678898168849196,0.056324733985469284,0.05149826604800533,-0.01799661155747091,-0.019983960149733516,-0.6103861015446861,0.011356541045789485,2.787767873224324,0.5349019607843137,0.9999999999999999,1.001701572335932,-0.0005821282985846696,0.5005597220186737,0.5011418503172583,498851,0.8652570962734266,77684,0.1347429037265734,14184,0.1224775276532912,0.12323103036577235,1047,0.00905654501890024,0.00934979262135028,0.8094331344176889,438,-0.0029446926723861277,-0.0001435892858242028,0.08232360515057513,0.00624245233938583,0.1516423651521172,0.07582327177384038,-0.0029446926723861277,0.14503043657296832,0.07628571172481667,-0.0001435892858242028,0.00013446416106553715,0.00016850763243065787,0.0002534411381351955,0.0003145369219314632,0.00051183783871214,0.000277464942738187,0.0006331006142084858,0.037695021813789885,0.035022865430005774,0.0213018685554635,-0.034389764815797294,0.016393153258326385,-3.10419347369533e-05
B_BOX_GATE_RIDGE,ex_2016,1216,0.03213447749777478,0.025249102435767078,0.04259373900880218,0.042599666106452445,0.7544413391633465,0.5927065806730037,0.027434559534575,0.006885375062007693,-0.06678898168849196,0.05107338540821172,0.04606323054375302,-0.018938907910436946,-0.02081412810798593,-0.5980745328460205,0.010300058066354848,2.5570425772962944,0.5320723684210527,0.9999999999999999,1.0016470707743805,-0.0006103730104403403,0.5005183488819701,0.5011287218924105,471781,0.8598363001128148,76906,0.14016369988718522,14143,0.12833472469238866,0.12886701416369906,1047,0.009518008763477028,0.009805221355485942,0.8107685273056896,433,-0.003045902637355609,-0.00015055620018573898,0.0860826073110105,0.006545875525282839,0.15031753357903563,0.07534278961880463,-0.003045902637355609,0.1456354884859833,0.07688011637114556,-0.00015055620018573898,0.00014775590809373677,0.0001650830375570407,0.0002565100055143639,0.00027753730439209335,0.0004680776511635748,0.0002636910541612386,0.0006225535581977709,0.03151192393957701,0.0332806830898008,0.017792702318410927,-0.032658129531603027,0.01371922162116608,-3.254808124146009e-05
B_BOX_GATE_RIDGE,2011,243,-0.004172958773496099,-0.0076432684923857545,0.04402132022688553,0.04392687585657856,-0.09479403961509343,-0.17399982000406902,0.013818029624459176,0.0034703097188896414,-0.05572924868986325,0.06268095047431012,0.0610495116612067,-0.0668539092478062,-0.06869278015359238,-0.6999615018635679,0.003055688677377295,0.3247626374989319,0.5102880658436214,-0.49999999999999994,1.0019156825805835,-4.6657894982409964e-05,0.5009345123428005,0.5009811702377828,51316,0.4811897528224748,55328,0.5188102471775252,6678,0.31224575676813016,0.31255738700559416,1047,0.048961840628507294,0.04905838155856602,0.9199905176128914,243,-0.008256143418009967,-0.0007534005737689654,0.20853109499125883,0.03272910228458541,0.20106443124545495,0.10217052230327421,-0.008256143418009967,0.14220912832023944,0.0762485970819304,-0.0007534005737689654,0.0005525132147390098,0.00048689073682637413,0.00023774464315222526,0.0005172850614701069,0.0004866198242162116,0.00045735006574238943,0.0004539236958562516,-0.0046268824693523605,0.05776419279812056,0.0049167576761895435,-0.05731026910226432,-0.009543640145541894,-1.3948994543548974e-05
B_BOX_GATE_RIDGE,2012,246,0.061281615759117836,0.05769128806389525,0.04792997781562715,0.04794298360458673,1.2785654939138633,1.2033312014894273,0.014262695089320184,0.0035903276952225826,-0.03336072601775648,0.036967857863331455,0.035047341529508,0.024313757895786388,0.022643946534387244,-0.4390470765184062,0.019071331052024684,1.7309067525858903,0.540650406504065,0.8999999999999998,1.002121462073309,-0.0007527853056308342,0.5006843383838391,0.5014371236894699,95957,0.882314538967965,12799,0.11768546103203502,0,0.0,0.0,0,0.0,0.0,0.6147503019165739,123,0.0,0.0,0.0,0.0,0.1683566273864986,0.07828936766832635,0.0,0.15971166861821837,0.0829046743077255,0.0,-0.00017128662748096176,-0.00023443627269939914,-1.0051127764702883e-05,7.128716485077081e-05,0.00040089491844963715,1.2126315596858778e-05,8.822397163132364e-05,0.06119339178748652,0.0016074289812367344,0.035360428882094716,-0.0015192050096054137,0.02583296290539181,4.895028445839861e-05
B_BOX_GATE_RIDGE,2013,243,0.06092729714867074,0.04855664104565776,0.04515343895909338,0.04521481812430249,1.3493390216383663,1.0739099052033803,0.04931214463449643,0.012370656103012991,-0.05655620302102744,0.056382719416553956,0.04637111983360652,0.004544577732116779,0.0021855212120512404,-0.5604578461769684,0.014084862134909336,1.9699315848713035,0.5473251028806584,0.8999999999999998,1.0009250481538967,-0.0012037546948254212,0.4998606467295356,0.501064401424361,106637,0.9753949161689244,2690,0.02460508383107558,2008,0.0914348162651974,0.09083669854527077,0,0.0,0.0,0.7962044829807314,7,-0.004504078296360028,0.0,0.0606928944019032,0.0,0.1387254744465236,0.06929714767476357,-0.004504078296360028,0.14074569547921095,0.07362562340153526,0.0,-6.330090034414076e-05,3.610132049834056e-05,0.00029044128633442634,0.00023925408397325982,0.0005511508720832136,0.00021098284016067074,0.0010029185481881463,0.059924378600482615,0.026617518794121258,0.029765200622432705,-0.025614600245933115,0.030159177978049907,-1.4025652845387681e-05
B_BOX_GATE_RIDGE,2014,242,0.039347660120700505,0.03391530570458626,0.02647686464447396,0.026494067743584815,1.4861147892340356,1.2801094204493533,0.021691645397564966,0.005432354416114245,-0.018758209758908823,0.0559939186195652,0.05196996481363727,-0.016646258498864697,-0.018054659109051026,-0.7943799578136438,0.011751998531493023,1.9015909241855369,0.5082644628099173,0.9999999999999999,1.0021217812839351,-5.97575040485713e-05,0.5010310118899433,0.5010907693939919,107655,0.9685908624691847,3491,0.031409137530815326,2964,0.13281355020836133,0.13300253517136978,0,0.0,0.0,0.7801364941599988,37,0.001104663118974077,0.0,0.08882496049302481,0.0,0.09779421139869947,0.05710521921362151,0.001104663118974077,0.1555532051356353,0.08339054153091523,0.0,0.0001079756712964247,0.00019172152770718592,0.00021340657758062555,0.00036646526402799284,0.000482419305775595,0.00027352987976201286,0.0008764569767056536,0.03847120314399485,0.03451233395824816,0.021481584661317023,-0.03363587698154253,0.016989618482677833,-4.7118840669508987e-05
B_BOX_GATE_RIDGE,2015,242,0.0028380544883230426,-0.006771081870993523,0.045837813683593576,0.045877581912452454,0.06191513643982651,-0.14759020830510824,0.03827186310303099,0.009609136359316574,-0.052555654196745835,0.04350472534128586,0.03599709663968951,-0.040666670852962813,-0.042768178510683055,-0.5126160848446085,0.0034057259416630497,0.340789791580137,0.5537190082644629,0.19999999999999998,1.0011454122000902,-0.0009864331413521133,0.5000794895293691,0.5010659226707211,110216,0.9769709433226372,2598,0.023029056677362738,2493,0.11009052771031133,0.11004222224844745,0,0.0,0.0,0.7587959888220582,23,-0.0035967446496869373,0.0,0.07347128005410239,0.0,0.14518695972476273,0.06971711105660565,-0.0035967446496869373,0.12975944501150322,0.06814762396549123,0.0,0.00031735119731658126,0.0003509446988362359,0.000555351948329817,0.00019597154276852722,0.0004199938953629832,0.00036804182308424865,0.0006992015540563097,0.0021388529342667257,0.04635182798761453,-0.0028471026463286722,-0.04565262643355821,0.004985955580595407,-0.00013809767772251553
B_BOX_GATE_RIDGE,2016,59,0.16598019421023388,0.1606412111593864,0.0716108984858936,0.07170676279088375,2.3178063356226404,2.2402518940627605,0.021545532892846882,0.005338983050847475,-0.03904614776463397,0.1645559182218284,0.16351526898310395,0.0014242759884054218,-0.0028740578237175076,-0.6875201663730045,0.03313083431684913,1.1428990819647962,0.5932203389830508,0.8999999999999998,1.002824858757062,1.2201868517463982e-18,0.501412429378531,0.501412429378531,27070,0.9720626256822752,778,0.027937374317724792,41,0.007314897413024085,0.0073148974130240844,0,0.0,0.0,0.6937881103168293,5,-0.0008587381401337628,0.0,0.004893769396037241,0.0,0.1789473684210526,0.08572609042678057,-0.0008587381401337628,0.13256021409455843,0.06403493121742805,0.0,-0.00013948099802413695,0.0002390891132157166,0.00019019126130352047,0.0010771053105394911,0.001413742721069009,0.0005613471208664787,0.0008504772262259309,0.1651297169840079,0.07092953874677282,0.09362637947505555,-0.07007906152054694,0.07150333750895237,4.2365485860564575e-19
