scope,component,rows,count,fraction
ALL_TRAIN,FreshFundEvent,809636,3085,0.0038103542826652963
ALL_TRAIN,FundActive,809636,3085,0.0038103542826652963
ALL_TRAIN,FlowActive,809636,191444,0.23645687691752837
ALL_TRAIN,FundOverlay_nonzero,809636,2588,0.0031964981794287803
ALL_TRAIN,FlowOverlay_nonzero,809636,190526,0.2353230340548098
ALL_TRAIN,SectorShock_finite,809636,809163,0.9994157868474228
ALL_TRAIN,AbnormalVolume_finite,809636,797749,0.9853180935630332
ALL_TRAIN,StockResidualReturn_finite,809636,803475,0.9923904075411667
POOLED,FreshFundEvent,576535,2125,0.003685812656647038
POOLED,FundActive,576535,2125,0.003685812656647038
POOLED,FlowActive,576535,139415,0.24181532777715142
POOLED,FundOverlay_nonzero,576535,1782,0.003090879131362363
POOLED,FlowOverlay_nonzero,576535,138762,0.24068269922901472
POOLED,SectorShock_finite,576535,576501,0.9999410269974937
POOLED,AbnormalVolume_finite,576535,574950,0.9972508173831598
POOLED,StockResidualReturn_finite,576535,572631,0.9932285117122117
EX2016,FreshFundEvent,548687,2007,0.0036578231304915188
EX2016,FundActive,548687,2007,0.0036578231304915188
EX2016,FlowActive,548687,132385,0.24127599159447918
EX2016,FundOverlay_nonzero,548687,1682,0.003065500002733799
EX2016,FlowOverlay_nonzero,548687,131760,0.24013690865648357
EX2016,SectorShock_finite,548687,548653,0.999938033888173
EX2016,AbnormalVolume_finite,548687,547109,0.9971240433981486
EX2016,StockResidualReturn_finite,548687,545088,0.993440704809846
2011,FreshFundEvent,106644,419,0.003928959903979595
2011,FundActive,106644,419,0.003928959903979595
2011,FlowActive,106644,25028,0.2346873710663516
2011,FundOverlay_nonzero,106644,352,0.0033007013990472974
2011,FlowOverlay_nonzero,106644,24896,0.23344960804170886
2011,SectorShock_finite,106644,106641,0.9999718690221672
2011,AbnormalVolume_finite,106644,106030,0.994242526536889
2011,StockResidualReturn_finite,106644,106031,0.9942519035295
2012,FreshFundEvent,108756,446,0.0041009231674574275
2012,FundActive,108756,446,0.0041009231674574275
2012,FlowActive,108756,27367,0.25163669130898525
2012,FundOverlay_nonzero,108756,378,0.003475670307845084
2012,FlowOverlay_nonzero,108756,27256,0.25061605796461806
2012,SectorShock_finite,108756,108753,0.9999724153150171
2012,AbnormalVolume_finite,108756,108406,0.9967817867519952
2012,StockResidualReturn_finite,108756,108250,0.9953473831328846
2013,FreshFundEvent,109327,380,0.003475811098813651
2013,FundActive,109327,380,0.003475811098813651
2013,FlowActive,109327,26120,0.23891627868687515
2013,FundOverlay_nonzero,109327,322,0.0029452925626789355
2013,FlowOverlay_nonzero,109327,25994,0.23776377290147904
2013,SectorShock_finite,109327,109314,0.9998810906729353
2013,AbnormalVolume_finite,109327,109033,0.9973108198340758
2013,StockResidualReturn_finite,109327,108164,0.9893621886633677
2014,FreshFundEvent,111146,350,0.0031490112104799093
2014,FundActive,111146,350,0.0031490112104799093
2014,FlowActive,111146,26849,0.2415651485433574
2014,FundOverlay_nonzero,111146,288,0.002591186367480611
2014,FlowOverlay_nonzero,111146,26718,0.2403865186331492
2014,SectorShock_finite,111146,111139,0.9999370197757904
2014,AbnormalVolume_finite,111146,110996,0.9986504237669371
2014,StockResidualReturn_finite,111146,110541,0.9945567091933133
2015,FreshFundEvent,112814,412,0.0036520290034924743
2015,FundActive,112814,412,0.0036520290034924743
2015,FlowActive,112814,27021,0.2395181449110926
2015,FundOverlay_nonzero,112814,342,0.0030315386388214227
2015,FlowOverlay_nonzero,112814,26896,0.23841012640275144
2015,SectorShock_finite,112814,112806,0.9999290868154662
2015,AbnormalVolume_finite,112814,112644,0.998493094828656
2015,StockResidualReturn_finite,112814,112102,0.9936887265764888
2016,FreshFundEvent,27848,118,0.00423728813559322
2016,FundActive,27848,118,0.00423728813559322
2016,FlowActive,27848,7030,0.25244182706118934
2016,FundOverlay_nonzero,27848,100,0.003590922148807814
2016,FlowOverlay_nonzero,27848,7002,0.25143636885952314
2016,SectorShock_finite,27848,27848,1.0
2016,AbnormalVolume_finite,27848,27841,0.9997486354495835
2016,StockResidualReturn_finite,27848,27543,0.9890476874461361
