scope,descriptor,side,observed_stock_days,weighted_mean,p10,p25,p50,p75,p90
POOLED,bp,long,230403,1.7938641644162623,0.40592615737124405,0.6251358011134694,0.9339891167596661,1.3041875465817192,1.710217296999633
EX2016,bp,long,219276,1.8341984368161528,0.4088569518716577,0.6290085109870115,0.9362742802854103,1.3070671932886637,1.7096378450339647
2011,bp,long,42664,2.0071276511686964,0.5360482785050923,0.76302638952004,1.076523957804538,1.4241685065966383,1.9109810991602243
2012,bp,long,43486,3.1834118135264067,0.5084657960461306,0.7877023022366288,1.1235487911252064,1.5080624810746353,2.0481633238369525
2013,bp,long,43695,2.0349403737362417,0.41715622880001496,0.6155100288075396,0.9093861479957385,1.2681145711433763,1.6240566475336635
2014,bp,long,44448,1.1122373165183814,0.3791715739957182,0.5745864703830469,0.834169569744919,1.2087867796128131,1.5762111139897532
2015,bp,long,44983,0.8055362339210012,0.29053398799714675,0.49533144635767107,0.7659811030103736,1.0591584115800377,1.4017092737490675
2016,bp,long,11127,0.9634076498672948,0.3324618037718636,0.5489828175281777,0.8927672908702434,1.2286086466832267,1.728055820304336
POOLED,bp,short,230902,0.8762938005207725,0.32195446662741223,0.505303137688951,0.7814748694550939,1.153974063644757,1.5459816955419912
EX2016,bp,short,219751,0.8786111663752645,0.3267332715146566,0.509312229590698,0.7867763018977485,1.1553607111473116,1.542049811464762
2011,bp,short,42725,0.9890401121120803,0.44016652835408027,0.6541262240051238,0.9112972390805756,1.2396798825866675,1.6220027210907324
2012,bp,short,43547,1.0766613259762052,0.43384336201851,0.6802965729349737,0.9598613287253878,1.384839641163239,1.9236516765707141
2013,bp,short,43775,0.8153249293985758,0.3303500524115709,0.49653878626221926,0.7214067200520367,1.0840452110631846,1.4146177045028492
2014,bp,short,44516,0.7947651940730804,0.3155308456174722,0.4529161136693729,0.6815592956106109,1.073455802850803,1.4660131554333202
2015,bp,short,45188,0.7136694846023558,0.2600402432699472,0.3995469381679428,0.6014725672653514,0.9699625715134328,1.349903634367899
2016,bp,short,11151,0.8285595216248803,0.2774877415753598,0.4176778496362167,0.684232676878191,1.1118950250495165,1.6556285895618001
POOLED,ey,long,228623,0.11591673579157849,0.02180887372013652,0.04144433299899699,0.059527932960893856,0.08030386740331492,0.10435294117647058
EX2016,ey,long,217611,0.11885287564222757,0.021654636313159357,0.041443946188340804,0.05938658777120315,0.08009363295880151,0.10396811224489796
2011,ey,long,42271,0.11851291218410606,0.02012102874432678,0.04602708803611738,0.06434108527131784,0.08627925531914894,0.111
2012,ey,long,43030,0.31327652892131025,0.020270588235294117,0.046296758104738156,0.06786259541984732,0.0908066528066528,0.12156177156177156
2013,ey,long,43346,0.050201611924090755,0.01901565995525727,0.0387218045112782,0.055332197614991474,0.07491042719338539,0.09360066555740432
2014,ey,long,44270,0.05858032519339045,0.02635678391959799,0.04279598077763215,0.05863701578192253,0.07543340380549683,0.10091269841269841
2015,ey,long,44694,0.051363255401358644,0.02231121281464531,0.03747685185185185,0.05284940411700975,0.07060853769300636,0.09135342789598108
2016,ey,long,11012,0.05536464619224484,0.024989949748743717,0.041519953051643195,0.06305276381909547,0.08508130081300813,0.11002409638554216
POOLED,ey,short,225822,0.07146954488480985,0.02294883720930233,0.037441176470588235,0.05554573484069887,0.07899357601713063,0.10874681393372983
EX2016,ey,short,214907,0.07192469002353588,0.02277310924369748,0.037403846153846156,0.055491573033707865,0.07886039886039886,0.1086044666137626
2011,ey,short,41872,0.06801695775757867,0.030525606469002695,0.044853364928909956,0.06127323943661972,0.08426170468187275,0.1160894495412844
2012,ey,short,42585,0.08028173963608616,0.01564304461942257,0.04309322033898305,0.06297712933753943,0.089424,0.1263641304347826
2013,ey,short,42743,0.08991160155707702,0.018338533541341653,0.033771929824561404,0.050650122334847954,0.07082106893880713,0.10194437627811861
2014,ey,short,43487,0.06719020396052472,0.025394036208732693,0.036120630568882796,0.053848059454995864,0.07815602836879433,0.10345864661654135
2015,ey,short,44220,0.0540544192075136,0.021558472553699283,0.032426490066225166,0.048989667049368545,0.07087211093990754,0.0950501253132832
2016,ey,short,10915,0.06208909696383522,0.0255403673643742,0.03828977871443625,0.05666971916971917,0.08226890756302521,0.11166458072590739
POOLED,roe,long,228826,0.05985830497543917,0.015086329128282411,0.037096081917959406,0.06306079540406882,0.09836682986955182,0.1412946083732427
EX2016,roe,long,218004,0.05982258948527767,0.014889803731973766,0.03670643325297864,0.062373590607927465,0.09836682986955182,0.1412946083732427
2011,roe,long,42395,0.059190168426017487,0.005203279023443486,0.033177231799466085,0.05367280233958369,0.10210702514279797,0.14505302725198013
2012,roe,long,43498,0.05313453577454202,0.00682915794348445,0.03343907135238464,0.05527683291300563,0.09951442110805593,0.1451770632686324
2013,roe,long,43636,0.045431863883629006,0.015862127537254442,0.03477882455335615,0.058839777049087445,0.08829191555834241,0.13785286969527014
2014,roe,long,44259,0.07101316352236463,0.02145801943805156,0.041315956864543424,0.06811150206260616,0.10083148443817778,0.14103428351309708
2015,roe,long,44216,0.070823587207379,0.02386924926944064,0.04795038851257821,0.07355333488264001,0.10054790463497705,0.14522775364739948
2016,roe,long,10822,0.060615022585297766,0.023947205791471703,0.04795038851257821,0.07372921821417719,0.09740449886862772,0.12862796833773088
POOLED,roe,short,229812,0.06475372567434956,0.020507867734551332,0.047461159636276035,0.07186451173335806,0.10258754101311117,0.14478373789955365
EX2016,roe,short,218838,0.06374862788097473,0.019664406738547743,0.04674830191406616,0.07164029906754246,0.10178986209979224,0.14294395145200398
2011,roe,short,42397,0.0644676858051263,0.009830583346850313,0.03836506435297504,0.06402573662997725,0.09632755224343341,0.13767129860894087
2012,roe,short,43506,0.06491427599090825,0.0070684562861737105,0.04224422571127873,0.06813462916547856,0.09896617301406349,0.14541390943071034
2013,roe,short,43565,0.04627402975364197,0.01406870738620818,0.04618088564956633,0.06929413120578942,0.09538588040108859,0.1373883849626316
2014,roe,short,44375,0.05844414822405821,0.02875607018508338,0.05359115759126524,0.07591976490729546,0.1039308106395772,0.1418702822912667
2015,roe,short,44995,0.08472397395662225,0.03177276170320821,0.05701326570425283,0.08306404493042224,0.11212142952951049,0.15470342245504914
2016,roe,short,10974,0.0858027493583639,0.03209367354072003,0.05417403480696139,0.08122755073599403,0.11746179455050244,0.1556865935798824
POOLED,cf_assets,long,228826,0.06766204007159514,0.01876197218690983,0.04051134382988612,0.06476995513400093,0.09106269453090263,0.1239530181958217
EX2016,cf_assets,long,218004,0.06787006660737344,0.019463334561656227,0.040929215136087105,0.06489101723239475,0.09109911165302212,0.12449540956667739
2011,cf_assets,long,42395,0.07309071836428432,0.019666468243231056,0.04257895311987761,0.07042253521126761,0.09679305375340415,0.13184089506480062
2012,cf_assets,long,43498,0.065663571092979,0.016977796860226643,0.037867204780938336,0.06116851255880537,0.08970686173980147,0.1256382009979298
2013,cf_assets,long,43636,0.06469573716275655,0.020679067399063007,0.039620621700308986,0.06388901178309664,0.08416777005406598,0.11573883726667215
2014,cf_assets,long,44259,0.06833638465874962,0.02298248593968218,0.041739372671312114,0.06527681860036832,0.09136286859107882,0.1200504046915136
2015,cf_assets,long,44216,0.067624245351353,0.01411457494814171,0.042603085056261585,0.06331158428722655,0.090745539472164,0.12546215414618292
2016,cf_assets,long,10822,0.06325450311131704,0.00797701657941378,0.03609541745134966,0.060024513768774185,0.09028792823819154,0.11878018490409825
POOLED,cf_assets,short,229344,0.07401605479547814,0.0201336575042201,0.042276018958650206,0.07174780550393989,0.10018299049525839,0.13280199653826028
EX2016,cf_assets,short,218370,0.07396895301538349,0.020120418308803976,0.04205744336486823,0.07151014920848138,0.10018299049525839,0.13280199653826028
2011,cf_assets,short,42413,0.08359348666378673,0.028257753609987318,0.05867256624817228,0.0822985229109047,0.10461677826061937,0.1484186365853621
2012,cf_assets,short,43350,0.0721037042820761,0.018194418699873014,0.03985625636006001,0.06918085702750046,0.09846862392445577,0.1295070998438778
2013,cf_assets,short,43481,0.06745857210858651,0.011879460421743804,0.03451533035867079,0.06288779506384228,0.09409202606631759,0.13029801175116662
2014,cf_assets,short,44212,0.0728960911155432,0.018490715781937644,0.04081563354663452,0.0704523224409353,0.10417518756864086,0.13188847218863614
2015,cf_assets,short,44914,0.07384259542517392,0.027720648237572115,0.04328336175486167,0.0736338551790235,0.1001929988020764,0.13090719716415977
2016,cf_assets,short,10974,0.07499965920618175,0.02919007891456927,0.04328336175486167,0.0743493308419148,0.09931077441023013,0.13090719716415977
POOLED,equity_assets,long,230448,0.49471912957216285,0.21616936981552556,0.31659582093118177,0.4912990196078431,0.6550058541493231,0.7955109873570139
EX2016,equity_assets,long,219321,0.4944779003342762,0.21546006319807276,0.31587185130838835,0.4910945187334427,0.6550058541493231,0.7959778208061961
2011,equity_assets,long,42696,0.4892990016158671,0.20701505004469584,0.30969838990097515,0.47801734495489,0.6507176277187658,0.8002711060278731
2012,equity_assets,long,43498,0.4853171931441757,0.21033515308523926,0.30570276719805667,0.46870339641664394,0.6464497298424225,0.8008721509955727
2013,equity_assets,long,43696,0.4959170389388954,0.2137392964690926,0.3172387343170859,0.49156644058468363,0.6597561389804029,0.8028328316959131
2014,equity_assets,long,44448,0.4945403941765718,0.2190684307352086,0.3131122969190746,0.49336632006935327,0.6531287972032922,0.7803228191227205
2015,equity_assets,long,44983,0.5075441316643703,0.2395892036185674,0.3314963288041185,0.5157824042981867,0.6605162998510673,0.7870186374380321
2016,equity_assets,long,11127,0.4996872751731221,0.2360894768183179,0.3289250564526437,0.5048151915903696,0.6506492697014398,0.7836821813496909
POOLED,equity_assets,short,230902,0.4412166237874882,0.13691944265151462,0.2728245490875883,0.4358073489774159,0.6061262799927213,0.7654068880187126
EX2016,equity_assets,short,219751,0.4397484911100765,0.13583276469517533,0.26997479220778847,0.43390187133081154,0.603564261967036,0.7649979374152867
2011,equity_assets,short,42725,0.4372657653133494,0.15440364913748492,0.26578354078964,0.4314636881462018,0.6048060489830455,0.7709687236959251
2012,equity_assets,short,43547,0.4287251505892874,0.11368666324733176,0.26723051902986183,0.42080858509700264,0.5852888815423228,0.7611642870587102
2013,equity_assets,short,43775,0.42544593637911865,0.11646666474605141,0.2569538666199606,0.4080420111171883,0.5775386159594045,0.7567597807936162
2014,equity_assets,short,44516,0.44307328071877916,0.14034109763593852,0.2771978012964992,0.43261610972374304,0.6041194522053772,0.76732796647285
2015,equity_assets,short,45188,0.4644915583654626,0.15598264690835215,0.30386151654243543,0.4659318802065245,0.6475045396047459,0.779777627162885
2016,equity_assets,short,11151,0.4714579663635436,0.14829475473794296,0.30754543568358006,0.4757593956147956,0.6539715413539048,0.7955578855710499
POOLED,sales_growth,long,212788,0.0582907529681388,-0.06420043061264435,-0.00531388477090311,0.043549123150140145,0.10026206779947588,0.18809774872146368
EX2016,sales_growth,long,202770,0.05798747125182237,-0.06455829643685429,-0.006320470065110384,0.043549123150140145,0.10042896795357059,0.18809774872146368
2011,sales_growth,long,38537,0.026696373542372982,-0.14168526449122387,-0.051734282713778224,0.023359556319136665,0.09283718567437127,0.1774958356680274
2012,sales_growth,long,40768,0.04618592020861282,-0.06606623343328166,-0.011398930685912911,0.032339353212935684,0.0868276474031,0.17280667874862599
2013,sales_growth,long,41255,0.041901678657472206,-0.059281003392932075,-0.017268785282670396,0.0351869051945779,0.0823571424389844,0.16096602537863292
2014,sales_growth,long,41358,0.0917022602333902,-0.035258075786000154,0.024087723225817648,0.07492522013204095,0.13745937438252476,0.21838877947181978
2015,sales_growth,long,40852,0.08409579936295582,-0.021322803553800562,0.016584622597280774,0.05658782123124717,0.10880715402509256,0.19929386328089072
2016,sales_growth,long,10018,0.06477972684050498,-0.038661776774723045,-0.002292855988225151,0.0437238107413247,0.093309432682525,0.19337312771240223
POOLED,sales_growth,short,204561,0.06584260102582888,-0.06675232435527434,-0.004583707035958673,0.04557071189537387,0.10171012184064998,0.1781520593271464
EX2016,sales_growth,short,195206,0.06559492912872011,-0.06992967066596478,-0.0068260586032811155,0.04291885806496509,0.10189171975993849,0.1781520593271464
2011,sales_growth,short,37877,0.01917991922628976,-0.1472410523792257,-0.0655952967745983,0.01106595310742664,0.08729589499335244,0.1718381554007964
2012,sales_growth,short,40028,0.04258761035974856,-0.06511953050731689,-0.017428566384269817,0.021497403449261654,0.0724867501119617,0.13647541962132603
2013,sales_growth,short,39505,0.08462801299685604,-0.05478494372030984,-0.010928660642127719,0.032032589937783795,0.07488978645863953,0.13647541962132603
2014,sales_growth,short,39391,0.09889673633687016,-0.019861144540905484,0.02544458560369356,0.0855949935278606,0.1459441264675052,0.20913687972874584
2015,sales_growth,short,38405,0.0846946410968661,-0.002779536746460698,0.024717590785526156,0.0679163460334351,0.11853024136580625,0.19887776275778757
2016,sales_growth,short,9355,0.07125585905061592,-0.008547612994971199,0.019700575230602757,0.05469717812112873,0.08931431413059476,0.18237261130506677
POOLED,operating_growth,long,203187,0.2954522417013348,-0.3024131153025804,-0.0807035175879397,0.10883525243578385,0.321995012468828,0.7527803521779426
EX2016,operating_growth,long,193641,0.30078857073639853,-0.3030607390178147,-0.0807035175879397,0.10910690717113947,0.32440230832646333,0.7771942985746436
2011,operating_growth,long,35802,0.388612122081297,-0.28794342164346654,-0.09080733174758637,0.14306967517976688,0.47948465452158207,1.091839162502974
2012,operating_growth,long,39399,0.3565198342380618,-0.3723437018786572,-0.10021029532778636,0.08337384540593096,0.3137220670391061,0.7404434047530437
2013,operating_growth,long,39816,0.28570569264343126,-0.3919187689730974,-0.16477630749842465,0.055490311215502075,0.2165163081193615,0.600677583286279
2014,operating_growth,long,39267,0.2409053822277637,-0.27791671197129497,-0.014140759930915348,0.1296924266761854,0.32820512820512815,0.7102368077568526
2015,operating_growth,long,39357,0.23501092042737212,-0.2294838207179778,-0.018763080031752866,0.11878033980582514,0.321995012468828,0.6631316281971305
2016,operating_growth,long,9546,0.1817982645868759,-0.2761960669210449,-0.06080561958072661,0.08257303946693995,0.2753159959320064,0.5393986521513738
POOLED,operating_growth,short,181023,0.5069619050183338,-0.29413585274474674,-0.049559756571280644,0.10175308865898836,0.3439630620523,0.918209477808303
EX2016,operating_growth,short,172680,0.5240978481519769,-0.29413585274474674,-0.05748965850418186,0.1025578324448575,0.34731881866747294,0.9819597860862661
2011,operating_growth,short,33251,1.3143285712286203,-0.360646327659369,-0.013713486094105276,0.20303872863599826,0.7371620063223303,2.076234003656307
2012,operating_growth,short,36875,0.5643641872743509,-0.37056455235155283,-0.11243862281992623,0.06633519108508157,0.28003053143783996,1.1104784178148357
2013,operating_growth,short,35230,0.20513348738039863,-0.3631243756243756,-0.1559580643626386,0.04627093723873488,0.16393322862256632,0.40199036091387375
2014,operating_growth,short,33832,0.3270682106372197,-0.17453568070905,0.009139678124379103,0.1487190760437629,0.39680666165140477,0.8894972429451833
2015,operating_growth,short,33492,0.18768533898657258,-0.19793723480233583,0.009721556647098728,0.11402858539103122,0.3095233667453927,0.6416331711444891
2016,operating_growth,short,8343,0.13050021769599843,-0.2075492479073573,-0.022776480168588353,0.09108462993944744,0.2385050037442984,0.43674982291696995
POOLED,profit_growth,long,196263,-0.002948213360583699,-0.5585953450387913,-0.1169154228855721,0.1421785421785422,0.4337511190689347,0.9458689458689458
EX2016,profit_growth,long,186560,-0.01607982038806524,-0.5585953450387913,-0.11860099237565047,0.1422547867560655,0.4367743959836836,0.9458689458689458
2011,profit_growth,long,33073,0.45290774565736147,-0.5538393645189762,-0.1311428366453835,0.1334438458350602,0.558983666061706,1.3662420382165603
2012,profit_growth,long,37589,-0.6873064653739633,-0.6801909307875895,-0.25243348475016225,0.049278846153846256,0.3544053174939896,0.9402444545043005
2013,profit_growth,long,38040,-0.12166823941198417,-0.599149298170991,-0.16892648339345695,0.1445908718635991,0.4448034464189552,1.0057940479325782
2014,profit_growth,long,38715,0.18235911246330452,-0.3370599032204238,-0.0076842472930492844,0.21600934094447322,0.4513981358189081,0.8858553586988092
2015,profit_growth,long,39143,0.14851632991761174,-0.39715608465608465,-0.0637037923196555,0.14868433032868977,0.36187480977985187,0.710952380952381
2016,profit_growth,long,9703,0.2629581419041176,-0.4158918005071851,-0.07903347596274857,0.13214688890364568,0.348137535816619,0.6435406698564594
POOLED,profit_growth,short,185160,0.6514885239756785,-0.42408210573543703,-0.10871064123190066,0.12380748532289632,0.49021935869547173,1.1081130690161527
EX2016,profit_growth,short,176113,0.6756723472581195,-0.43992275226214395,-0.11426010499807926,0.12376962957397253,0.49499306732398707,1.1264562592671044
2011,profit_growth,short,31111,1.662139300081333,-0.5497676103096517,-0.16934624858531389,0.19399656537709298,0.7817888073734671,2.2831021437578816
2012,profit_growth,short,37594,0.7883384523516881,-0.6040315453633109,-0.2207115090550673,0.0725741268558302,0.40731354091238225,1.0482303515251905
2013,profit_growth,short,35529,0.34800871310763976,-0.4775913749758267,-0.17719450543839044,0.0829531518273241,0.4111890813107577,1.0345584447580012
2014,profit_growth,short,35440,0.42925605854327203,-0.24377248699421106,0.012632399468109456,0.1971666233428646,0.5313478717003255,1.1986269051101779
2015,profit_growth,short,36439,0.23442820326906116,-0.26200059240673945,0.001670105118380949,0.1570716787528983,0.4114719961056874,0.7943758614490322
2016,profit_growth,short,9047,0.15454908270086407,-0.27340790824453964,-0.038918531139308654,0.13277502235954142,0.3288214434321415,0.6867808026943587
POOLED,market_cap,long,230403,127052225941.26974,37808054672.000015,65446932799.999985,111560878478.0001,165069186879.99994,234776963699.9998
EX2016,market_cap,long,219276,125088603219.69167,37331770000.000015,64359351409.99995,109213395815.99991,162254004365.99997,230849280000.00027
2011,market_cap,long,42664,93073872788.67506,31157000627.99996,49602717689.99995,73903801679.99994,122176013800.00005,159208937589.99988
2012,market_cap,long,43486,91702087460.55324,32752968822.00001,49788114371.99994,74788845840.00009,120254143920.00008,148266631889.9998
2013,market_cap,long,43695,123081605166.81165,40669292911.99993,70199999999.99997,108244949999.99991,162978876782.99988,209505152303.99976
2014,market_cap,long,44448,140055457359.85257,53425983815.00005,86510092999.99985,131050755827.99992,182860108199.99985,242182237389.99982
2015,market_cap,long,44983,178415797743.59457,69476388799.99995,112687008629.99994,162625999999.99988,231733171585.0003,309736267074.99976
2016,market_cap,long,11127,167481944496.33435,64642654530.00008,107039352849.99988,155820332555.0002,217701929999.99963,284424776999.9998
POOLED,market_cap,short,230902,1783320295732.6328,441904147189.9993,672462000000.0009,1135311777689.9985,2052807551585.9995,3659999999999.9966
EX2016,market_cap,short,219751,1756195045794.7349,434267781336.0006,664604373573.0,1116188279492.0005,2025399415871.9963,3617111669599.9995
2011,market_cap,short,42725,1275358241715.691,344682714870.0004,518038500639.99945,849199768920.0002,1449529812961.9993,2693127689999.998
2012,market_cap,short,43547,1198168984073.205,318204674941.9995,475388948293.99963,806167510130.9996,1351901699227.0022,2452894879706.9976
2013,market_cap,short,43775,1803224950698.7205,462465340589.99994,689102554975.9996,1153645431609.9993,2016662488848.0017,3691504292534.9956
2014,market_cap,short,44516,2009423064294.3652,539581826895.0001,783464339999.9999,1316380486742.3997,2292714115299.999,3977926094516.9937
2015,market_cap,short,45188,2506142300866.579,688337194100.0009,1010922504239.9999,1661559957645.5981,2875941619500.0044,4804315304789.998
2016,market_cap,short,11151,2342059971276.987,630229804874.9991,908509020056.0011,1545256619990.9988,2551949043363.5024,4414757065840.008
POOLED,amihud,long,230207,1.899968092410618e-10,1.3876309107180529e-11,2.2296289290398107e-11,4.36590045043901e-11,1.0566844269094742e-10,3.396785748265458e-10
EX2016,amihud,long,219057,1.9697901606234267e-10,1.4084654383711537e-11,2.2845304052812174e-11,4.511913290588849e-11,1.1094700924848657e-10,3.628668776618139e-10
2011,amihud,long,42676,3.5696944855570764e-10,2.0387184736978922e-11,3.976409019360138e-11,9.261512372155313e-11,2.3961933652923985e-10,9.819513325613966e-10
2012,amihud,long,43374,3.5417855256735093e-10,2.149904729341047e-11,4.109129712864408e-11,8.876347109321667e-11,2.4314485769165783e-10,9.868601385163633e-10
2013,amihud,long,43440,1.6487500509101226e-10,1.605493360908643e-11,2.7130229220687895e-11,4.8734031632946956e-11,9.951383717322944e-11,3.052742411031159e-10
2014,amihud,long,44486,6.053793139576311e-11,1.2776369809644196e-11,1.8362843507699438e-11,2.8879379965406433e-11,5.758005092387262e-11,9.694160919046077e-11
2015,amihud,long,45081,4.540341489175316e-11,1.0678389494374506e-11,1.4909595411033374e-11,2.4369090948999188e-11,4.005110179386497e-11,6.71545137081107e-11
2016,amihud,long,11150,4.672064662470405e-11,1.1397178907809494e-11,1.5794423419950057e-11,2.6311989298584295e-11,4.515099797535778e-11,8.650385887309126e-11
POOLED,amihud,short,230660,4.79507741246672e-12,8.886536358924845e-13,1.6081231425486006e-12,2.848696899110653e-12,5.164418558908987e-12,9.138486500122704e-12
EX2016,amihud,short,219512,4.8800111422494326e-12,8.862686265931064e-13,1.614334896474823e-12,2.8792797300849745e-12,5.226316952569269e-12,9.339284906438051e-12
2011,amihud,short,42723,6.099947437195694e-12,1.072341509972754e-12,2.0089916483834104e-12,3.480373810981209e-12,6.154044494359244e-12,1.1718834201334575e-11
2012,amihud,short,43538,7.739880712289727e-12,1.3075567645990678e-12,2.464217904771304e-12,4.187446600522182e-12,7.69746427378681e-12,1.396899365910972e-11
2013,amihud,short,43704,4.872713778567642e-12,9.162410303601137e-13,1.7799606757676729e-12,3.0543169303889037e-12,5.822689094989064e-12,9.946580866077435e-12
2014,amihud,short,44466,3.0499263939370957e-12,7.104937140991315e-13,1.293514529113177e-12,2.200156288328742e-12,3.960374630014367e-12,6.594861682482321e-12
2015,amihud,short,45081,2.5757596224483305e-12,7.072489772657817e-13,1.1780444250913389e-12,1.9771558478340797e-12,3.3940936267089388e-12,5.340241876590551e-12
2016,amihud,short,11148,3.047016212260157e-12,9.482372263120375e-13,1.5125700639353931e-12,2.3045899131028466e-12,4.0117404874453846e-12,6.335710426580747e-12
