diagnostic,scope,days,gross_sharpe,net_sharpe,net_all_cost_sharpe,rankic,rankic_t_hac5,rankic_hit,rankic_days,annual_gross,annual_net,annual_cost,annual_cost_all,turnover,max_drawdown_additive,max_drawdown_compound,annual_long,annual_short,period_gross,period_net,period_cost,label_coverage,q_monotonicity,q1_daily_return,q2_daily_return,q3_daily_return,q4_daily_return,q5_daily_return,annual_long_net,annual_long_cost,annual_long_cost_all,long_turnover,long_net_sharpe,annual_short_net,annual_short_cost,annual_short_cost_all,short_turnover,short_net_sharpe,max_drawdown
SLOW_CONTROL,POOLED,1275,2.179333502391695,2.0935381400076882,2.090978007282624,0.008256930552630732,2.802063915484289,0.5215686274509804,1275,0.08027234011034139,0.07711905485643879,0.003153285253902576,0.0032478180224787953,0.012888166755868237,-0.022252403853443348,-0.022099202529359152,0.07674766698917959,0.0035246731211618035,0.4061398160344653,0.39018569421412486,0.015954121820340415,0.9934368659417376,0.9999999999999999,-6.107250062433046e-05,3.9564612829927405e-05,0.0002806122916420167,0.00042046480358977616,0.0007111044613020097,0.07506411419955279,0.0016835527896267757,0.0017671751989378375,0.00701259999578507,1.6078612347630463,0.0020549406568860064,0.0014697324642758006,0.001480642823540958,0.005875566760083168,0.04205266002669989,-0.022099202529359152
SLOW_CONTROL,EX2016,1216,2.183108738602009,2.0971896971912014,2.0945471513323404,0.008088815586410525,2.651987896110807,0.5205592105263158,1216,0.0803066768525351,0.07715333464656915,0.003153342205965952,0.0032509981425759282,0.012900786280063206,-0.022252403853443348,-0.022099202529359152,0.07584895528483766,0.004457721567697433,0.38751158354239157,0.37229545607233366,0.01521612747005793,0.9936236931376454,0.9999999999999999,-7.229561752290672e-05,3.898177653420666e-05,0.00023838449658637867,0.0004130372378019138,0.0007039391379952342,0.07415762557643453,0.00169132970840313,0.0017775459179875505,0.007053753642807741,1.6743616402956145,0.0029957090701346143,0.0014620124975628218,0.0014734522245883777,0.0058470326372554665,0.06415360979979104,-0.022099202529359152
SLOW_CONTROL,2011,243,2.800507303830791,2.728793070501116,2.722915460498176,0.019411533492812914,2.352057960322835,0.5637860082304527,243,0.12594870379253714,0.12275958699908981,0.0031891167934473548,0.0034530833941722352,0.013702711881635849,-0.021315520778544973,-0.021303317093823493,0.1225045911547852,0.003444112637751969,0.12145053579994654,0.1183753160348366,0.003075219765109949,0.994316768175634,0.9999999999999999,-6.39419792745075e-05,4.683807079558147e-05,0.00045042612428838685,0.0007828261936798648,0.001071219405875415,0.12085280954263752,0.001651781612147695,0.0019117931165704748,0.007586480621311408,2.2202675381653063,0.0019067774564523125,0.0015373351812996597,0.0015412902776017602,0.006116231260324444,0.03208084876852749,-0.021303317093823493
SLOW_CONTROL,2012,246,1.1313188389019,1.0336540871519555,1.0308171390483396,-0.0032504023823153438,-0.540786172440382,0.4959349593495935,246,0.03708427288805881,0.033887993574458715,0.0031962793136000793,0.003289124634474425,0.013052081882835019,-0.0170336553190639,-0.016956509652969465,0.029199407220476457,0.00788486566758236,0.036201314009771696,0.03308113658459065,0.0031201774251810297,0.995464447430236,0.7,-5.394421114534158e-07,-0.00018908864168644185,-0.00011368458587523265,2.4890145784940015e-05,0.00033788383965298536,0.0275103932194861,0.0016890140009903527,0.0017625718794262797,0.006994332854866189,0.6889466882266695,0.006377600354972616,0.0015072653126097268,0.0015265527550481447,0.006057749027968829,0.15774857773153442,-0.016956509652969465
SLOW_CONTROL,2013,243,1.9787376600989557,1.8968298276207367,1.895285564185447,0.00961457614331946,1.338842231034279,0.5308641975308642,243,0.08483476368069647,0.08131067769712776,0.003524085983568697,0.0035916116468634276,0.014252427170092967,-0.019074033361768473,-0.018996034735105805,0.06495497382104873,0.01987978985964772,0.08180495069210017,0.07840672492223033,0.003398225769869815,0.9897103707155114,0.9999999999999999,-0.00029021276690627235,0.0001075172942983194,0.00022617046516532207,0.0004621507556225194,0.0005595720639753499,0.06301536429161614,0.001939609529432583,0.001993695837398136,0.00791149141824657,1.4229399206412354,0.01829531340551161,0.0015844764541361137,0.0015979158094652916,0.006340935751846395,0.37976353568575066,-0.018996034735105805
SLOW_CONTROL,2014,242,1.7595051080912247,1.664344908115819,1.663784728081903,0.005547245145719902,0.8930863624476524,0.4834710743801653,242,0.05429964151920941,0.051360945896469466,0.00293869562273994,0.0029556946129455394,0.011728946876768015,-0.02225240385344318,-0.02209920252935882,0.06572215798854156,-0.01142251646933216,0.052144893839875694,0.04932281312280004,0.002822080717075657,0.9947227591850191,0.7,3.044770356886239e-05,0.00021242325807927951,0.0002403588934489265,0.0002021896289128221,0.0006853418218094575,0.06406274303323792,0.0016594149553036536,0.0016707668430890569,0.006630027155115306,1.6254626233134406,-0.012701797136768443,0.0012792806674362866,0.0012849277698564828,0.005098919721652709,-0.3028663356531587,-0.02209920252935882
SLOW_CONTROL,2015,242,3.366106615408425,3.267065579583934,3.2654701626451565,0.009255457736695834,1.6086609513870525,0.5289256198347108,242,0.0998731077627098,0.09695696397844941,0.0029161437842603827,0.002962603677632784,0.011756363800130096,-0.009129079373903275,-0.00910612521352927,0.09748693771806072,0.002386170044649054,0.09590988920069751,0.09310946540787603,0.0028004237928214784,0.9938870012984117,0.9999999999999999,-3.755169045525721e-05,2.0672991518415313e-05,0.00039364517571261224,0.0005978141174654946,0.0008708079305617591,0.0959709335255521,0.0015160041925086278,0.0015477014962482335,0.006141672604159655,2.29386312262807,0.0009860304528973194,0.0014001395917517545,0.001414902181384551,0.005614691195970441,0.02396654526461588,-0.00910612521352927
SLOW_CONTROL,2016,59,2.086546631470549,2.00389538470029,2.0030017404642333,0.011721808500491251,1.2185665000841273,0.5423728813559322,59,0.07956465403394195,0.07641254257171846,0.0031521114622234995,0.0031822752082734844,0.012628076223307477,-0.008549535512458184,-0.00854384157151844,0.09527026753968398,-0.015705613505741976,0.01862823249207371,0.017890238141791227,0.0007379943502824859,0.9895863257684572,0.6,0.00017023784087852981,5.157696767054486e-05,0.0011509343049921164,0.0005735481933870737,0.0008587829891162305,0.09374699836415966,0.0015232691755242746,0.00155343292157426,0.006164416355453414,1.1384273778749063,-0.017334455792441267,0.0016288422866992244,0.0016288422866992244,0.006463659867854066,-0.21065299734659984,-0.00854384157151844
MOM60,POOLED,1275,0.6133598121369849,0.30809249616152323,0.3080781951288098,0.007589744747280173,1.567643263072986,0.5223529411764706,1275,0.03210849404014899,0.01612781725454488,0.01598067678560412,0.015981427150221557,0.0634183617072284,-0.1010431274781364,-0.0970629361116585,0.05444318381904607,-0.02233468977889709,0.16245369008408717,0.08159907539501873,0.08085461468906845,0.9934368659417376,0.8999999999999998,0.00016031969577398605,0.00020842565237020314,0.00019120588623518703,0.00034828005079797067,0.0004727525415762893,0.04639081284287929,0.00805237097616679,0.00805237097616679,0.03195385308002695,0.844375835143202,-0.03026299558833442,0.007928305809437326,0.00792905617405477,0.03146450862720146,-0.5786709735463513,-0.0970629361116585
MOM60,EX2016,1216,0.6345640028229522,0.32434783288639263,0.32433257654925474,0.007424934812401164,1.5131830384421343,0.5238486842105263,1216,0.03264296131123743,0.016685265738129305,0.01595769557310813,0.015958482345219346,0.06332731089372755,-0.1010431274781364,-0.0970629361116585,0.05259900118241747,-0.01995603987118004,0.15751524188279648,0.08051302832367158,0.07700221355912494,0.9936236931376454,0.8999999999999998,0.0001369925757679587,0.00019862475562262917,0.00017869433315131455,0.00034570283189510004,0.0004522611745201937,0.04455547689213331,0.008043524290284161,0.008043524290284161,0.03191874718366731,0.8403655934326878,-0.027870211154004006,0.007914171282823968,0.007914958054935186,0.031408563710060254,-0.5655798596398474,-0.0970629361116585
MOM60,2011,243,0.7893978742903068,0.5067918147085078,0.5067246862590178,0.005070885788181492,0.34820502032627104,0.5061728395061729,243,0.046155125055119914,0.029635262851446652,0.016519862203673248,0.016523799301974645,0.06557063215069303,-0.0697813738132459,-0.06785396043624747,0.0839966368444998,-0.03784151178937989,0.044506727731722776,0.028576860606752127,0.01592986712497063,0.994316768175634,0.8999999999999998,0.00023169782514163384,0.0004360678338964323,0.00037648273904644576,0.00047987148552357896,0.0007572683914275406,0.07561847076351874,0.008378166080981046,0.008378166080981046,0.033246690797543825,1.1807539014213302,-0.0459832079120721,0.008141696122692206,0.0081456332209936,0.032323941353149206,-0.7362857280154561,-0.06785396043624747
MOM60,2012,246,1.0261040264803096,0.6361444923295615,0.6361444923295615,0.011736627842229213,1.209973846471709,0.5487804878048781,246,0.043205547014706774,0.02678834586100188,0.01641720115370491,0.01641720115370491,0.06514762362581313,-0.04300094777693558,-0.04220731228703656,0.02142441595101322,0.021781131063693556,0.04217684351435661,0.026150528102406596,0.01602631541195003,0.995464447430236,0.8999999999999998,-0.00021003598267705438,-9.81270207091414e-05,7.587835271553113e-05,7.409014804728869e-05,0.00021671590328225967,0.013080598884781313,0.008343817066231898,0.008343817066231898,0.03311038518345992,0.3018094179184067,0.013707746976220559,0.008073384087473011,0.008073384087473011,0.032037238442353205,0.30178193018658184,-0.04220731228703656
MOM60,2013,243,0.34045063963624683,0.08180864301873067,0.081808643018731,0.005413067653902364,0.5231623968292738,0.51440329218107,243,0.021015855391640567,0.005050519699094123,0.015965335692546417,0.015965335692546417,0.06335450671645405,-0.09831496178358531,-0.09427319491916042,0.04617543206365611,-0.025159576672015575,0.020265289127653404,0.004870143995555047,0.015395145132098331,0.9897103707155114,0.49999999999999994,0.00024332645782909544,0.00010497010529536522,-6.763229653566673e-05,0.0004155626277535873,0.0003408286012551484,0.03813882923021079,0.008036602833445344,0.008036602833445344,0.03189128108510057,0.70103568559525,-0.03308830953111664,0.007928732859101074,0.007928732859101074,0.031463225631353474,-0.6347033518649016,-0.09427319491916042
MOM60,2014,242,1.4141925209181407,0.9105040133741523,0.910504013374152,0.00963778892785181,1.568551678583344,0.5413223140495868,242,0.042759438154272904,0.027521618375727065,0.015237819778545842,0.015237819778545842,0.060467538803753336,-0.02401090233910575,-0.02383449667859472,0.0579676207332391,-0.0152081825789662,0.04106263505291287,0.02642949066240456,0.014633144390508309,0.9947227591850191,0.8999999999999998,6.074888237331635e-05,0.00023991635378034002,0.00021270541562186488,0.00032502885779188683,0.0005266529086362862,0.0504739133126526,0.007493707420586503,0.007493707420586503,0.029736934208676603,1.1160639777191477,-0.022952294936925532,0.007744112357959338,0.007744112357959338,0.03073060459507674,-0.5869706877012076,-0.02383449667859472
MOM60,2015,242,0.17070318847845423,-0.09905320425885016,-0.09905320425885022,0.005213077172417005,0.4246654208665635,0.5082644628099173,242,0.009896463251859578,-0.005741846078299931,0.015638309330159517,0.015638309330159517,0.062056783056188565,-0.05247382255727909,-0.05178803447252245,0.05384298409811835,-0.0439465208462588,0.009503746456150864,-0.005513995043446759,0.015017741499597633,0.9938870012984117,0.49999999999999994,0.00036413096519075794,0.0003146073268310611,0.0002979374637742446,0.00043760741344140737,0.0004229334830464666,0.04588397378115578,0.007959010316962587,0.007959010316962587,0.03158337427366106,0.821686463925158,-0.05162581985945572,0.007679299013196933,0.007679299013196933,0.03047340878252751,-1.1663639035259241,-0.05178803447252245
MOM60,2016,59,0.305757244392981,0.06727577326102561,0.06727577326102556,0.010986505439023795,0.41025522440758827,0.4915254237288136,59,0.021093032995343076,0.004638709525075904,0.016454323470267165,0.016454323470267165,0.06529493440582208,-0.045705603210392756,-0.04498165709104607,0.09245210053328994,-0.07135906753794685,0.004938448201290641,0.0010860470713471362,0.003852401129943503,0.9895863257684572,0.09999999999999999,0.000641095592847363,0.00041042379550664286,0.00044907111589601717,0.0004013969692028963,0.00089508308971548,0.08421739786164381,0.008234702671646079,0.008234702671646079,0.03267739155415111,0.9782948865061363,-0.07957868833656795,0.008219620798621085,0.008219620798621085,0.03261754285167097,-0.8297435528754704,-0.04498165709104607
SLOW_COMMON_SUPPORT,POOLED,1275,1.921384652269739,1.8195485212639189,1.8166275838931099,0.006304563301602166,2.0526129535283726,0.523921568627451,1275,0.07194308957216913,0.06814410389672082,0.0037989856754483205,0.0039083219186915675,0.015509213963061777,-0.025265858359778272,-0.025191813695599197,0.07959879062286494,-0.007655701050695812,0.3639977746210938,0.3447767161441232,0.01922105847697067,0.9984973345019608,0.9999999999999999,3.191958462391757e-05,0.0001199628307098413,0.00028506661614261924,0.0004765777066329243,0.0007131667785334283,0.07758116553127616,0.0020176250915887946,0.0021269613348320407,0.008440322757270002,1.6768690891412619,-0.009437061634555344,0.001781360583859527,0.001781360583859527,0.007068891205791773,-0.1979358022991774,-0.025191813695599197
SLOW_COMMON_SUPPORT,EX2016,1216,1.9279764825276222,1.8258136322712182,1.8227452382723768,0.006258109641234437,1.9622107503575632,0.5189144736842105,1216,0.07205794089297764,0.06825255028263476,0.0038053906103428744,0.003920031819335586,0.01555568182276027,-0.025265858359778272,-0.025191813695599197,0.07726093195169817,-0.005202991058720531,0.3477081592296064,0.329345639459063,0.018362519770543394,0.998424425567434,0.9999999999999999,1.7661413944616844e-05,9.017730649907528e-05,0.00025196994832524917,0.000451270343094412,0.000698353373321912,0.07522968352982994,0.0020312484218682307,0.0021458896308609444,0.008515435043098984,1.716402813327373,-0.006977133247195178,0.0017741421884746433,0.0017741421884746433,0.007040246779661283,-0.15376043219856672,-0.025191813695599197
SLOW_COMMON_SUPPORT,2011,243,2.3297178928349926,2.2316245376314794,2.222282452244653,0.015773601076381642,1.7998643970654546,0.551440329218107,243,0.10792337933803571,0.10340686405915425,0.004516515278881412,0.004945865556932031,0.01962645062274615,-0.025265858359778272,-0.025191813695599197,0.12638533657108508,-0.0184619572330494,0.10406897293310585,0.09971376177132732,0.004355211161778504,0.9987887147555485,0.9999999999999999,0.00012029901969017196,0.00020085256621048093,0.000426575799780427,0.0007314537686322196,0.0011455286955511347,0.12387361866494347,0.0025117179061416237,0.0029410681841922424,0.011670905492826357,2.346486659948849,-0.020466754605789176,0.0020047973727397883,0.0020047973727397883,0.007955545129919793,-0.3669919638524973,-0.025191813695599197
SLOW_COMMON_SUPPORT,2012,246,0.8128181560547437,0.6997086079876622,0.6963205264672863,-0.004748303053222473,-0.7915659250883565,0.5,246,0.02584717081647265,0.022269596194179776,0.0035775746222928757,0.003685586909621521,0.014625344879450485,-0.016200641382928038,-0.01614625959764593,0.02465457056124191,0.001192600255230728,0.025231761987509017,0.021739367713365973,0.0034923942741430453,0.9975232543081439,0.39999999999999997,9.904868734070221e-05,-0.00022735370006957316,-0.00020556320820724818,8.471150696872794e-05,0.00025790727733817823,0.022619846150115076,0.0020347244111268543,0.0021427366984555,0.008502923406569446,0.5764193410412328,-0.0003502499559352926,0.0015428502111660216,0.0015428502111660216,0.006122421472881038,-0.008864439145618748,-0.01614625959764593
SLOW_COMMON_SUPPORT,2013,243,1.9549391804480352,1.8623923104414828,1.861620187963253,0.009735937092331805,1.2792056827507914,0.5185185185185185,243,0.08674858399565659,0.08263822608419642,0.004110357911460155,0.00414533968053831,0.016449760637056787,-0.020906160326273043,-0.020931478396591152,0.06379342935917462,0.022955154636481977,0.083650420281526,0.0796868608669037,0.003963559414622292,0.9958342520353833,0.8999999999999998,-0.0003239485673799845,0.0001057856149873575,0.00015319620872900218,0.0006099469852125729,0.0004649199865557229,0.06154598175225559,0.002247447606919054,0.002282429375997209,0.009057259428560354,1.3917946896927065,0.021092244331940884,0.0018629103045411013,0.0018629103045411013,0.007392501208496432,0.4506085035771387,-0.020931478396591152
SLOW_COMMON_SUPPORT,2014,242,1.4341044322110568,1.3223868137674875,1.3223868137674872,0.002156409152405315,0.31584438714726976,0.48760330578512395,242,0.04520126096703376,0.041705240390578435,0.0034960205764553113,0.0034960205764553113,0.013873097525616317,-0.024210514922779126,-0.02401532501642656,0.07039626453111447,-0.025195003564080727,0.043407560135008606,0.040050270533809454,0.0033572896011991485,1.0,0.39999999999999997,0.00018120366757243088,0.0002396592383677824,0.000330410306826709,0.00017384207540659894,0.0007497749596100338,0.06863574522649327,0.0017605193046212118,0.0017605193046212118,0.006986187716750841,1.7408848852830328,-0.026930504835914824,0.0017355012718341001,0.0017355012718341001,0.0068869098088654756,-0.6465788374726599,-0.02401532501642656
SLOW_COMMON_SUPPORT,2015,242,3.2265030216885884,3.115455206129041,3.115455206129041,0.0085011367146874,1.4970304200182318,0.5371900826446281,242,0.09512421430123613,0.09179816281223736,0.003326051488998767,0.003326051488998767,0.013198617019836377,-0.00910808663661404,-0.009081089557460897,0.1017972428000688,-0.006673028498832672,0.09134944389245692,0.0881553785736565,0.003194065318800403,1.0,0.9999999999999999,1.1346507466684064e-05,0.00013666942646244808,0.0005624798101761618,0.0006606427316356053,0.0008800328171762754,0.10019834617005853,0.0015988966300102682,0.0015988966300102682,0.006344827896866145,2.375607997245676,-0.008400183357821174,0.001727154858988499,0.001727154858988499,0.006853789122970234,-0.20196535444997796,-0.009081089557460897
SLOW_COMMON_SUPPORT,2016,59,1.7767511735518207,1.6822001628883125,1.6822001628883125,0.007261981115282806,0.7966612193718567,0.6271186440677966,59,0.06957598438398033,0.06590900550229094,0.003666978881689394,0.003666978881689394,0.014551503498767434,-0.01110353957052507,-0.011100465624227729,0.12778245408284467,-0.05820646969886432,0.016289615391487457,0.015431076685060182,0.0008585387064272787,1.0,0.9999999999999999,0.00032578289896340425,0.0007338475330876638,0.0009671945494633318,0.000998166758545314,0.001018473570689427,0.12604560813735408,0.001736845945490571,0.001736845945490571,0.006892245815438774,1.5325519807330983,-0.06013660263506317,0.0019301329361988229,0.0019301329361988229,0.007659257683328661,-0.7299980488463599,-0.011100465624227729
STYLE_NEUTRAL_RESIDUAL,POOLED,1275,2.0041635481960367,1.8683982759223996,1.8654245866221424,0.0072970700476981155,2.33949854992147,0.5294117647058824,1275,0.07365290002383161,0.06870426109315299,0.004948638930678624,0.005057885374717523,0.020070973709196516,-0.02543704465270824,-0.0253765554020825,0.08108170695558152,-0.00742880693174991,0.3726486013110528,0.34761084481654786,0.025037756494504942,0.9984973345019608,0.9999999999999999,5.827816312579605e-05,6.0783016035007954e-05,0.0003381863966694893,0.00040028727277784164,0.0007689667675484686,0.07859794432980276,0.002483762625778762,0.0025930090698176606,0.010289718531022462,1.6731770598835143,-0.009893683236649773,0.0024648763048998614,0.0024648763048998614,0.009781255178174054,-0.20867156294451944,-0.0253765554020825
STYLE_NEUTRAL_RESIDUAL,EX2016,1216,1.9756386396602845,1.8371355980968602,1.8339911666503907,0.006975778695470763,2.167027143829677,0.5296052631578947,1216,0.07197128649752638,0.06696238983090022,0.005008896666626165,0.005123443719380768,0.020331125870558596,-0.02543704465270824,-0.0253765554020825,0.07729991305393247,-0.005328626556406084,0.3472900173848892,0.3231201033110106,0.02416991407387864,0.998424425567434,0.8999999999999998,4.4964625226530025e-05,3.7424356834763885e-05,0.0003188243430892529,0.0003672322810161362,0.0007409859725493927,0.07478367474756331,0.002516238306369156,0.002630785359123758,0.010439624440967294,1.6820362945229417,-0.007821284916663097,0.0024926583602570087,0.0024926583602570087,0.009891501429591304,-0.1736422714241867,-0.0253765554020825
STYLE_NEUTRAL_RESIDUAL,2011,243,2.5711349606874343,2.4052916293890925,2.394942144103815,0.015202210039254666,1.706802352517956,0.5555555555555556,243,0.1073706007600283,0.10045360796741434,0.006916992792613924,0.007346343070664543,0.029152155042319605,-0.017668197754318275,-0.017655678835083122,0.12713697050302267,-0.019766369742994394,0.10353593644717014,0.09686597911143527,0.0066699573357348555,0.9987887147555485,0.8999999999999998,0.00018863599186514046,9.192864468408382e-05,0.0004186040135062925,0.0008056428945714725,0.00111838725671228,0.12362915914994124,0.003507811353081428,0.003937161631132047,0.01562365726639701,2.2827970822125185,-0.023175551182526892,0.0034091814395324957,0.0034091814395324957,0.0135284977759226,-0.4262206695946832,-0.017655678835083122
STYLE_NEUTRAL_RESIDUAL,2012,246,0.5956865842984483,0.43259256541553376,0.42902045993841,-0.004435403012648622,-0.6980031423365255,0.532520325203252,246,0.018731036451008053,0.013633364354900299,0.005097672096107751,0.005210139182843821,0.02067515548747548,-0.018593228446582476,-0.01848548977525133,0.0197553765252238,-0.0010243400742157571,0.01828505939265072,0.013308760441688387,0.0049762989509623285,0.9975232543081439,0.3,0.00011198614417989552,-0.00020054770095751523,-5.6953341133404445e-05,-0.00017184583906562515,0.0003288872667696075,0.017137246707856567,0.002618129817367232,0.0027305969041033014,0.010835702000409926,0.4344387813093461,-0.0035038823529562856,0.0024795422787405193,0.0024795422787405193,0.009839453487065554,-0.0879434211177907,-0.01848548977525133
STYLE_NEUTRAL_RESIDUAL,2013,243,1.9368046208988858,1.8275918526499464,1.826929323158068,0.009490098714510248,1.2661362640354685,0.5390946502057613,243,0.08555328884859775,0.08077616801232347,0.004777120836274293,0.004807121639756689,0.019075879522844,-0.025437044652708192,-0.025376555402082612,0.05988236269417057,0.025670926154427186,0.08249781424686212,0.0778913048690262,0.004606509377835926,0.9958342520353833,0.9999999999999999,-0.00029000784656407595,-2.9075921873550325e-05,0.00039005323065120654,0.00042743435149044176,0.0005078670866902872,0.057350276921308854,0.0025320857728617207,0.002562086576344116,0.010167010223587762,1.3078043260060017,0.023425891091014613,0.0022450350634125736,0.0022450350634125736,0.008908869299256243,0.4962243705883079,-0.025376555402082612
STYLE_NEUTRAL_RESIDUAL,2014,242,1.8791792438696915,1.7450094460691092,1.7450094460691092,0.006205544804671547,0.9273951663221454,0.5082644628099173,242,0.057170948235171236,0.053132254562417505,0.0040386936727537385,0.0040386936727537385,0.01602656219346722,-0.021938699532682626,-0.02179870745392809,0.07631299208033751,-0.01914204384516628,0.05490225981314063,0.05102383176232157,0.003878428050819066,1.0,0.7,0.00012794801910716227,0.00020233141640087403,0.00034268828428562256,0.00019052834496919395,0.0008115977324594461,0.07435465460865419,0.001958337471683318,0.001958337471683318,0.007771180443187771,1.8775525556137567,-0.021222400046236697,0.0020803562010704205,0.0020803562010704205,0.008255381750279445,-0.513014890710802,-0.02179870745392809
STYLE_NEUTRAL_RESIDUAL,2015,242,2.8578946492821875,2.7279741161415316,2.7279741161415316,0.008560674235159584,1.472645184547122,0.512396694214876,242,0.09170816019106003,0.08750255056152009,0.0042056096295399505,0.0042056096295399505,0.01668892710134901,-0.010267869480491937,-0.01022693994643098,0.10422904792569083,-0.012520887734630821,0.08806894748506558,0.08403022712653913,0.00403872035852646,1.0,0.9999999999999999,8.594352427733166e-05,0.00012646833857293566,0.0005052340825948601,0.0005912516522734516,0.000944405860713753,0.102270067860728,0.0019589800649628384,0.0019589800649628384,0.007773730416519201,2.3388627868691256,-0.014767517299207932,0.002246629564577111,0.002246629564577111,0.008915196684829808,-0.359150138951014,-0.01022693994643098
STYLE_NEUTRAL_RESIDUAL,2016,59,2.5112832342618803,2.422510747005885,2.422510747005885,0.013918939273265258,1.2220845739238984,0.5254237288135594,59,0.10831123982022424,0.1046045230406,0.0037067167796242238,0.0037067167796242238,0.014709193569937397,-0.011266600557600981,-0.011235913694489175,0.15902512025058593,-0.050713880430361576,0.02535858392616361,0.024490741505537303,0.0008678424206263064,1.0,0.9999999999999999,0.0003326724357615158,0.0005422089412468175,0.0007372416026621562,0.0010815562555275685,0.0013456556949870493,0.15721068690612777,0.0018144333444580947,0.0018144333444580947,0.007200132319278154,1.8742186459215024,-0.052606163865527696,0.001892283435166129,0.001892283435166129,0.007509061250659242,-0.6347068462580017,-0.011235913694489175
STYLE_MATCHED_SLOW,POOLED,1275,2.13815965885819,1.7875460649730686,1.7840239653731176,0.00819330647566921,2.4481306901739406,0.5223529411764706,1275,0.0800534530420684,0.06695584149223772,0.013097611549830666,0.013229042882555848,0.05249620191490415,-0.023421535817776645,-0.023263395840399048,0.07613989977247132,0.003913553269597085,0.4050323517009413,0.338764674216679,0.0662676774842623,0.9979810731777109,,-6.47921302879923e-05,7.536912149954593e-05,,0.00041622721811531235,0.0006728379604627101,0.06938770319546551,0.006752196577005787,0.006880547066245643,0.027303758199387473,1.4890839128714606,-0.0024318617032277937,0.0063454149728248786,0.006348495816310205,0.025192443715516682,-0.04954787702952394,-0.023263395840399048
STYLE_MATCHED_SLOW,EX2016,1216,2.112399634148953,1.7594594792024147,1.7557562511418559,0.00781443704749169,2.2572394876005277,0.5213815789473685,1216,0.07884591039968608,0.06570310931665296,0.013142801083033123,0.013280609429434943,0.05270083106918627,-0.023421535817776645,-0.023263395840399048,0.07487865073108695,0.00396725966859914,0.38046280573816776,0.3170435751152778,0.06341923062289,0.99788311537959,,-7.270135250652311e-05,7.535610478718743e-05,,0.0004149364017126348,0.0006612044205479628,0.06809182444774478,0.0067868262833421554,0.006921404304543487,0.02746589009739478,1.5468407752642144,-0.00238871513109183,0.006355974799690969,0.006359205124891457,0.025234940971791492,-0.05122050511681608,-0.023263395840399048
STYLE_MATCHED_SLOW,2011,243,2.6896447804511143,2.3566951917084498,2.34680958920041,0.01969860205234032,2.1591089068920994,0.5390946502057613,243,0.11805872359410961,0.10342530316578437,0.014633420428325212,0.015063193619626877,0.059774577855662196,-0.020604929858004706,-0.020590932456156508,0.11443813378226925,0.0036205898118403614,0.1138423406086057,0.09973154233843493,0.014110798270170739,0.9987633589782389,,-9.399553212484593e-05,8.224886885090136e-05,,0.0007433636617731259,0.0010134808229625906,0.10706488758064828,0.0073732462016209525,0.007803019392922618,0.03096436267032785,2.0185046977714736,-0.0036395844148639114,0.007260174226704256,0.007260174226704256,0.028810215185334356,-0.06165536407306598,-0.020590932456156508
STYLE_MATCHED_SLOW,2012,246,0.9278678449281875,0.514679523675603,0.5102480561072349,-0.005484093892379187,-0.7938271181645495,0.4959349593495935,246,0.0304521251540993,0.016927260767923565,0.013524864386175745,0.013670409524884661,0.05424765684478039,-0.018479780561529904,-0.018379194994257997,0.024965694317361675,0.005486430836737618,0.029727074555192173,0.01652423074963967,0.013202843805552512,0.996200218759063,,2.9248878352956058e-05,-0.00014532651630135853,,3.596538310133801e-05,0.0002821491283573871,0.01788556444998606,0.007080129867375622,0.007225675006084537,0.02867331351620848,0.46296498938175806,-0.0009583036820625032,0.006444734518800122,0.006444734518800122,0.025574343328571912,-0.02378108407980962,-0.018379194994257997
STYLE_MATCHED_SLOW,2013,243,2.010874621874259,1.697359197181556,1.6947926724597342,0.009954451738305344,1.202206846143653,0.5349794238683128,243,0.08816112241057361,0.07444378337444663,0.013717339036127001,0.013829832697097835,0.054880288480546956,-0.021441298267328598,-0.021452246609928727,0.06674151239446252,0.021419610016111083,0.08501251089591028,0.07178507682535924,0.013227434070551037,0.9944901985808233,,-0.0003015832752934146,0.00011186253361374631,,0.0004704630212292219,0.0005106986133579237,0.05943708485574436,0.007304427538718159,0.007400756280167214,0.02936808047685402,1.3269405268371943,0.01500669851870226,0.0064129114974088445,0.006429076416930622,0.025512208003692943,0.31300339514879877,-0.021452246609928727
STYLE_MATCHED_SLOW,2014,242,1.7501073985695417,1.3887867075403963,1.3887867075403961,0.006005495926534885,0.8410473067175352,0.48760330578512395,242,0.05672740342252842,0.0450408390755094,0.011686564347019028,0.011686564347019028,0.046375255345313594,-0.02342153581777668,-0.023263395840399603,0.06786083503021448,-0.011133431607686022,0.0544763159851265,0.04325350419156062,0.011222811793565891,1.0,,2.9238466213048344e-05,0.00026303026150810356,,0.0002187346263962603,0.000669713013701971,0.06150070052797252,0.006360134502241951,0.006360134502241951,0.025238628977150603,1.5507041865416256,-0.01645986145246311,0.005326429844777074,0.005326429844777074,0.021136626368162995,-0.39136125088065404,-0.023263395840399603
STYLE_MATCHED_SLOW,2015,242,3.2182656938447463,2.832529113588967,2.8325291135889668,0.009059588685648082,1.3975576196554576,0.5495867768595041,242,0.10142954566413201,0.08929257725037765,0.012136968413754359,0.012136968413754359,0.048162573070453796,-0.011396365181823825,-0.011354200091411193,0.1010822412755084,0.00034730438862361885,0.09740456369333311,0.0857492210102833,0.01165534268304982,1.0,,-2.706664191603174e-05,6.843368738629624e-05,,0.0006108327135626831,0.0008354121383001791,0.09527545803284433,0.005806783242664057,0.005806783242664057,0.023042790645492285,2.2335856193190353,-0.005982880782466684,0.006330185171090302,0.006330185171090302,0.02511978242496151,-0.1436043726317864,-0.011354200091411193
STYLE_MATCHED_SLOW,2016,59,2.620618685074508,2.3171142629707426,2.3171142629707426,0.016001869605565298,1.44003891052092,0.5423728813559322,59,0.10494111156981253,0.0927748639585275,0.012166247611285009,0.012166247611285009,0.04827876036224211,-0.008296468763831312,-0.008292215103501976,0.10213445628642717,0.002806655283385352,0.024569545962773567,0.02172109910140128,0.0028484468613722835,1.0,,9.82182801820665e-05,7.563739814747717e-05,,0.0004428311629569346,0.0009126071898920826,0.09609598382645569,0.006038472459971457,0.006038472459971457,0.023962192301474033,1.140542042296849,-0.0033211198679282067,0.0061277751513135505,0.0061277751513135505,0.024316568060768054,-0.03872982691529724,-0.008292215103501976
VALUE_MATCHED_SLOW,POOLED,1275,2.26365325648819,2.041605571517978,2.037802016075613,0.008778477053491714,2.6426056812316623,0.52,1275,0.0847717045656862,0.0764716684497864,0.0083000361158998,0.00844215385396331,0.033500610531600444,-0.021004537114395233,-0.020882182327053966,0.07918436801287308,0.005587336552813098,0.42890445762400753,0.38691022727570495,0.04199423034830256,0.9946558487949438,,-6.107250062433046e-05,3.9564612829927405e-05,,0.00042046480358977616,0.0007112393777162589,0.07469986233132456,0.004484505681548535,0.004608774002022235,0.018288785722310456,1.5863846464902613,0.0017718061184618385,0.0038155304343512647,0.0038333798519410768,0.01521182480928999,0.03624467598033972,-0.020882182327053966
VALUE_MATCHED_SLOW,EX2016,1216,2.2464869987788534,2.0233022348469953,2.0194049148843014,0.008527620927548685,2.483825559680402,0.5180921052631579,1216,0.0838793977623643,0.07556194924363084,0.008317448518733476,0.008462888869548857,0.033582892339479586,-0.021004537114395233,-0.020882182327053966,0.07787816853094251,0.00600122923142179,0.4047513796787103,0.3646163900010123,0.040134989677698046,0.9949214202359914,,-7.229561752290672e-05,3.898177653420666e-05,,0.0004130372378019138,0.0007040806005183985,0.07338609567786876,0.004492072853073762,0.0046202062297707085,0.018334151705439318,1.641152785506496,0.0021758535657620767,0.003825375665659715,0.003842682639778148,0.015248740634040268,0.046636401006887644,-0.020882182327053966
VALUE_MATCHED_SLOW,2011,243,2.8473540174915475,2.6428133924626005,2.634362101876912,0.020444803778455995,2.2007719630711042,0.551440329218107,243,0.12620545989026818,0.11713834913149382,0.009067110758774395,0.009439468535350161,0.03745820847361176,-0.020677661012578695,-0.020642136481490603,0.1221429785653703,0.004062481324897888,0.12169812203704432,0.1129548366625119,0.008743285374532454,0.9968623742082892,,-6.39419792745075e-05,4.683807079558147e-05,,0.0007828261936798648,0.0010700233126158655,0.11778546950784308,0.004357509057527232,0.004717103688042474,0.018718665428739976,2.1535276573400113,-0.0006471203763492744,0.004709601701247165,0.004722364847307688,0.018739543044871777,-0.010840087307815844,-0.020642136481490603
VALUE_MATCHED_SLOW,2012,246,1.2266447215112333,0.9686740898854697,0.9648301339636391,-0.004062323740296174,-0.5952287123458209,0.4959349593495935,246,0.04084884962662049,0.03227448088455984,0.008574368742060646,0.008701743077145493,0.0345307264966091,-0.017711096811060704,-0.017620753011609147,0.030017452729854958,0.010831396896765521,0.039876257968843816,0.031506040863498896,0.008370217105344916,0.9954605993585942,,-5.394421114534158e-07,-0.00018908864168644185,,2.4890145784940015e-05,0.0003405539680784866,0.02547107938457054,0.00454637334528442,0.004654205133741056,0.01846906799103594,0.6419339098163648,0.006803401499989307,0.004027995396776226,0.004047537943404436,0.01606165850557316,0.16721382863900017,-0.017620753011609147
VALUE_MATCHED_SLOW,2013,243,2.0606088226424255,1.8508648418114322,1.8476572758311118,0.010381600512223475,1.276268638456531,0.5308641975308642,243,0.08996758062170315,0.08081980415347427,0.009147776468228922,0.009288717008915799,0.03685998813061825,-0.01924125208490328,-0.019286591810120268,0.06921043042174628,0.020757150199956886,0.08675445274235662,0.07793338257656447,0.008821070165792175,0.9893528918634484,,-0.00029021276690627235,0.0001075172942983194,,0.0004621507556225194,0.0005595720639753499,0.06422641805193417,0.004984012369812116,0.0051005182446684375,0.020240151764557294,1.4375729123069325,0.016593386101540087,0.004163764098416805,0.004188198764247361,0.01661983636606096,0.3454693402243245,-0.019286591810120268
VALUE_MATCHED_SLOW,2014,242,1.8716576868262293,1.6295041226325753,1.6286561400392872,0.006730897745870979,0.9630360311030753,0.4834710743801653,242,0.05861557387186344,0.051033355441299944,0.007582218430563484,0.007608242057623677,0.030191436736601893,-0.021004537114395226,-0.020882182327054744,0.06789567530431179,-0.009280101432448357,0.05628955903567838,0.049008222288867406,0.007281336746810965,0.9969299656665138,,3.044770356886239e-05,0.00021242325807927951,,0.0002021896289128221,0.0006853418218094575,0.06335023086113639,0.004545444443175395,0.0045633461126516435,0.018108516320046203,1.5912212775907446,-0.01231687541983645,0.003036773987388088,0.0030448959449720335,0.012082920416555688,-0.2966112773595195,-0.020882182327054744
VALUE_MATCHED_SLOW,2015,242,3.2738509644721208,3.0454123150820633,3.0435230701997713,0.00929431897056269,1.4503154668774152,0.5289256198347108,242,0.10427071466729904,0.09706572197360144,0.0072049926936976,0.007264877699140742,0.028828879758495005,-0.011326490367639082,-0.011279137393381045,0.10076829650648346,0.003502418160815568,0.10013298789478717,0.09321390760956963,0.006919080285217536,0.9960073480083587,,-3.755169045525721e-05,2.0672991518415313e-05,,0.0005978141174654946,0.0008700055235269037,0.09674364574488917,0.0040246507615942975,0.004062910841282779,0.01612266206858245,2.2390852092958187,0.0003220762287122654,0.0031803419321033036,0.0032019668578579645,0.012706217689912556,0.00788149659062796,-0.011279137393381045
VALUE_MATCHED_SLOW,2016,59,2.5797503482047204,2.3810577585158437,2.3790763684758476,0.013948664327165022,1.2234856112954398,0.559322033898305,59,0.10316229902059146,0.09522113547834846,0.007941163542243003,0.008014801668335831,0.031804768525142184,-0.008630474665122543,-0.008623744125681343,0.10610536072520478,-0.002943061704613279,0.024153077945297207,0.022293837274692696,0.0018592406706045127,0.9891823763828442,,0.00017023784087852981,5.157696767054486e-05,,0.0005735481933870737,0.0008587829891162305,0.10177681573136266,0.004328544993842168,0.004373153850460477,0.0173537851208749,1.2329594000600674,-0.0065556802530141725,0.003612618548400836,0.003641647817875355,0.014450983404267285,-0.0789695619870689,-0.008623744125681343
