scope,factor,days,correlation,beta,intercept_daily,intercept_annual,r_squared,factor_annual_return
POOLED,Value,1275,-0.028317556633344117,-0.012538278504856724,0.0003152171096355365,0.0794347116281552,0.000801884013682419,-0.06680570078753065
POOLED,Growth,1275,0.08991337156125168,0.0588644101822175,0.0003170316295980037,0.07989197065869692,0.008084414385511662,0.006461789907807128
POOLED,Growth_minus_Value,1275,0.06535815364755208,0.02122109085336797,0.00031237112711784656,0.07871752403369733,0.004271688248216998,0.07326749069533778
EX2016,Value,1216,-0.022946852170711612,-0.010631933409997673,0.0003165798100988062,0.07977811214489917,0.0005265580245444879,-0.04971482488207666
EX2016,Growth,1216,0.10496370662267024,0.06880578794696673,0.0003166670969016144,0.07980010841920683,0.011017379707969899,0.007362293906419322
EX2016,Growth_minus_Value,1216,0.06925486680267152,0.0228774657178159,0.00031349562311182376,0.07900089702417959,0.004796236575855595,0.05707711878849599
2011,Value,243,0.23362126828323762,0.13902868567789525,0.0004982414074099437,0.12555683466730583,0.05457889699426843,0.002818620656022327
2011,Growth,243,-0.028832325948996602,-0.017676485007786697,0.0004932172238275365,0.12429074040453919,0.0008313030196290816,-0.09379485725061036
2011,Growth_minus_Value,243,-0.17423336787570884,-0.06905630371031374,0.00047332116714169444,0.119276934119707,0.030357266481312095,-0.09661347790663263
2012,Value,246,-0.04663293023588904,-0.021091045261524315,0.00014140873552557828,0.035635001352445725,0.0021746301823852843,-0.06871501709101913
2012,Growth,246,0.015303065326978183,0.00983883526111399,0.0001460298653838494,0.03679952607673005,0.00023418380840156683,0.02894110977283812
2012,Growth_minus_Value,246,0.04111578758152815,0.013320653819834691,0.00014199773582825205,0.03578342942871952,0.0016905079884489416,0.0976561268638572
2013,Value,243,-0.1148543759825851,-0.05798836856876451,0.00031794103817779304,0.08012114162080385,0.013191527682349213,-0.08128564703977004
2013,Growth,243,0.43910978928020716,0.3092033481567534,0.00021753770338163193,0.05481950125217124,0.19281740704170802,0.09707288943491249
2013,Growth_minus_Value,243,0.2845766787869591,0.09515426622356514,0.00026929836514975864,0.06786318801773918,0.08098388610941598,0.17835853647468258
2014,Value,242,-0.025456814511681084,-0.014815346365969815,0.00021227655011627695,0.053493690629301795,0.0006480494050822294,-0.054399733222494764
2014,Growth,242,0.08727021088820304,0.06556530898722988,0.00020310554293846648,0.05118259682049355,0.007616089708471496,0.04754106625689802
2014,Growth_minus_Value,242,0.06279503833456866,0.024660190725241782,0.00020549905540223783,0.05178576196136393,0.003943216839439878,0.10194079947939277
2015,Value,242,-0.18762986566587173,-0.053984486853054334,0.0003863036813345424,0.09734852769630468,0.03520496648979299,-0.04676491736000044
2015,Growth,242,-0.04959775989096114,-0.03049677728545472,0.00039108680440188924,0.0985538747092761,0.0024599377862012384,-0.04325811350771503
2015,Growth_minus_Value,242,0.13273706429147422,0.03083129592997492,0.00039589281133083976,0.09976498845537161,0.01761912823671885,0.003506803852285403
2016,Value,59,-0.09462851126377549,-0.025882791500617224,0.0002726921830888086,0.06871843013837976,0.008954555143998677,-0.41905154995756505
2016,Growth,59,-0.19609081474166523,-0.12531015491069702,0.00030971699639248824,0.07804868309090704,0.03845160762605049,-0.012097750131386285
2016,Growth_minus_Value,59,0.009957232878004032,0.002534801843942468,0.0003116393126656473,0.07853310679174312,9.914648658704284e-05,0.4069537998261788
