trial,side,annual_long_gross,annual_long_net,long_gross_sharpe,long_net_sharpe,long_annual_volatility,long_turnover,long_cost_all,annual_short_gross,annual_short_net,short_gross_sharpe,short_net_sharpe,short_annual_volatility,short_turnover,short_cost_all
H0,long,0.052289921238270025,0.044067956776373554,0.9993524207485907,0.8422811260625224,0.05231977235721937,0.032626843102763745,0.008221964461896466,,,,,,,
H0,short,,,,,,,,-0.003954673768510337,-0.010421977965394244,-0.08825786077040017,-0.2325548934942089,0.044815130779665896,0.025794588280175983,0.006500236246604348
D0,long,0.040194248911579154,-0.01747697322768748,0.9408957323732838,-0.4090560394850354,0.04272513186625826,0.22972890169846746,0.0578916832280138,,,,,,,
D0,short,,,,,,,,-0.014232418666853722,-0.06156285083283544,-0.27347417509536986,-1.1830478853786788,0.052037497039378044,0.18860294519512003,0.047527942189170246
S0,long,0.04715352778172682,0.029085353365433646,1.1667373325679684,0.7196219326315687,0.04041754711265135,0.07188594808430371,0.018115258917244532,,,,,,,
S0,short,,,,,,,,-0.010537580294611474,-0.026094018205745726,-0.19248518845514817,-0.47662360217019584,0.05474764171755789,0.06202521333441594,0.015630353760272817
A1,long,0.01580776058868848,-0.0030222627765435495,0.36940041444313765,-0.0706286033699111,0.04279091801822434,0.07475466871162122,0.018838176515328545,,,,,,,
A1,short,,,,,,,,-0.04515036382633537,-0.06125684388606536,-0.980304833348023,-1.3300038370354803,0.04605764448214237,0.06423179475750206,0.016186412278890523
S1,long,0.016763063764288523,-0.0033182388160056973,0.3849707039358239,-0.07621744112156872,0.043536476260243685,0.07968770865196116,0.020081302580294214,,,,,,,
S1,short,,,,,,,,-0.04812533580976122,-0.06445658972229569,-1.0556030491113866,-1.413711477535594,0.04559387876984456,0.06501514557851196,0.01638381668578501
U1,long,0.01988995751038996,0.0017843590098203205,0.44921599198068346,0.040304809144536914,0.044271615414960476,0.0718534598745212,0.018107071888379345,,,,,,,
U1,short,,,,,,,,-0.04456849975418348,-0.06048927228590869,-0.945609013807491,-1.2834167278845992,0.04713143515404429,0.06361335833870563,0.016030566301353816
R1,long,0.028752959094571855,0.010011591599651275,0.720909968948894,0.25101479372958646,0.039884468364986395,0.07439387981231271,0.018747257712702803,,,,,,,
R1,short,,,,,,,,-0.041501420879827916,-0.05661294613314736,-0.8113879741343796,-1.1067187633942155,0.0511538685397545,0.06045519532647658,0.0152347092222721
