component,scope,rows,raw_coverage,missing_sector,daily_minimum_member_failure,industry_history_missing,stock_history_missing
StockMom20,ALL_TRAIN,809636,0.9802133304349115,0,42000,50156,16020
StockMom20,POOLED,576535,0.9913240306312713,0,28704,28700,5002
StockMom20,EX2016,548687,0.9915361581375174,0,27052,27048,4644
StockMom20,2011,106644,0.991054349049173,0,5103,5103,954
StockMom20,2012,108756,0.9928647614844238,0,5234,5234,776
StockMom20,2013,109327,0.9875602550147722,0,5346,5346,1360
StockMom20,2014,111146,0.9934950425566372,0,5508,5508,723
StockMom20,2015,112814,0.9926338929565479,0,5861,5857,831
StockMom20,2016,27848,0.9871444987072681,0,1652,1652,358
IndustryMom20,ALL_TRAIN,809636,0.9380511736138215,0,42000,50156,16020
IndustryMom20,POOLED,576535,0.9502198478843435,0,28704,28700,5002
IndustryMom20,EX2016,548687,0.9507041355089514,0,27052,27048,4644
IndustryMom20,2011,106644,0.9521492067064251,0,5103,5103,954
IndustryMom20,2012,108756,0.9518739195998381,0,5234,5234,776
IndustryMom20,2013,109327,0.9511008259624796,0,5346,5346,1360
IndustryMom20,2014,111146,0.9504435607219334,0,5508,5508,723
IndustryMom20,2015,112814,0.9480826847731665,0,5861,5857,831
IndustryMom20,2016,27848,0.940677966101695,0,1652,1652,358
Within33,ALL_TRAIN,809636,0.9296720995607903,0,42000,50156,16020
Within33,POOLED,576535,0.9421405465409732,0,28704,28700,5002
Within33,EX2016,548687,0.9427670055969979,0,27052,27048,4644
Within33,2011,106644,0.9432035557555981,0,5103,5103,954
Within33,2012,108756,0.9453639339438744,0,5234,5234,776
Within33,2013,109327,0.9390818370576345,0,5346,5346,1360
Within33,2014,111146,0.9449822755654724,0,5508,5508,723
Within33,2015,112814,0.9412395624656514,0,5861,5857,831
Within33,2016,27848,0.9297974719908072,0,1652,1652,358
