strategy,year,days,gross_sharpe,net_sharpe,net_all_cost_sharpe,rankic,rankic_t_hac5,rankic_hit,rankic_days,annual_gross,annual_net,annual_cost,annual_cost_all,turnover,max_drawdown_additive,max_drawdown_compound,annual_long,annual_short,period_gross,period_net,period_cost,label_coverage,q_monotonicity,q1_daily_return,q2_daily_return,q3_daily_return,q4_daily_return,q5_daily_return
MR_entry,2011,245,-3.0738327088728132,-6.339824362604818,-6.339824362604818,-0.05216553703894168,-1.0727711045757706,0.4308510638297872,188,-0.3009724914213962,-0.6218867771356807,0.32091428571428576,0.32091428571428576,1.273469387755102,-0.6046121444374668,-0.45669159498137857,-0.06011581486371302,-0.24085667655768378,-0.2926121444374685,-0.6046121444374674,0.31200000000000006,0.9943076294877641,-0.6,0.0009667367756044837,0.003881707029587513,-0.0010747520279955792,-0.0017496024779534937,-3.493516535278069e-05
MR_entry,2012,248,0.42031502519452685,-2.704962130145443,-2.704962130145443,0.05639556450683553,1.1993901067433717,0.5454545454545454,209,0.04667505555958181,-0.29931687992428646,0.3459919354838711,0.3459919354838711,1.372983870967742,-0.315725737348027,-0.27516477674249706,-0.05896965200837253,0.1056447075679543,0.04593418166181067,-0.2945658183381867,0.3405000000000001,0.9954646978178592,0.3,-0.0019227482997527946,7.333529490026514e-05,-0.002436950028468201,0.0007645821562261869,-0.000956924485322911
MR_entry,2013,245,-0.20362277002715257,-2.9633972704301175,-2.9633972704301175,0.0006674230343528841,0.0193343966219539,0.5129533678756477,193,-0.023192870587842786,-0.3379357277306978,0.3147428571428571,0.3147428571428571,1.2489795918367348,-0.33898862126003265,-0.2920540994170817,0.06627211006430182,-0.08946498065214437,-0.022548624182624932,-0.3285486241826229,0.30599999999999994,0.9897229167894276,0.09999999999999999,2.338506155838534e-05,0.001901722062746157,-0.0005123974202205415,0.0015130324136257223,0.001305420208529724
MR_entry,2014,244,-1.403009754415678,-4.5603338963871805,-4.5603338963871805,0.09090588586123169,1.9016843603966942,0.5340314136125655,191,-0.14112396989130851,-0.4618042977601592,0.32068032786885237,0.32068032786885237,1.2725409836065573,-0.45159571928539494,-0.3667912947633827,-0.013826875018890922,-0.12729709487241817,-0.136643843863013,-0.44714384386301126,0.31049999999999994,0.9946776885190026,0.0,-0.0014150238353541895,3.975669381028431e-05,0.0006802687606327986,0.00199711198820144,-0.0024635688418490915
MR_entry,2015,244,-0.7832290275599981,-3.1710930353908817,-3.1710930353908817,0.029802722461614674,0.583951667280441,0.5238095238095238,189,-0.10825474582532177,-0.439262942546631,0.33100819672131154,0.33100819672131154,1.3135245901639345,-0.4277286137010398,-0.35443281343719246,0.03012345429543317,-0.13837820012075439,-0.10481808722769251,-0.4253180872276903,0.32050000000000006,0.9938329122352543,0.09999999999999999,-0.0026556783755012823,0.0020108651020711043,0.00098105395283946,-0.00022098125447478765,0.0004455739557140534
MR_entry,2016,61,-0.21985926476597295,-2.083689505371709,-2.083689505371709,0.12823537662257745,1.5670199354946779,0.5588235294117647,34,-0.02652331806058707,-0.251670859044192,0.2251475409836066,0.2251475409836066,0.8934426229508197,-0.0610700383781762,-0.06089844020243351,-0.01894288689095803,-0.007580431169628826,-0.006420326990856394,-0.060920326990856005,0.05450000000000001,0.9898582939705471,0.19999999999999998,-0.004841734654612271,0.000816813232562439,-0.005657658424262102,-0.0009339634881797446,0.0007134089692087671
MR_entry,pooled,1287,-0.8913544037432575,-3.7194960670036736,-3.7194960670036736,0.029346719336798558,1.4336999460898847,0.5119521912350598,1004,-0.10125208154626329,-0.4231541794483592,0.32190209790209784,0.32190209790209784,1.2773892773892774,-2.161108845039836,-0.8887937670731337,-0.007999481065115987,-0.09325260048114738,-0.5171088450398447,-2.1611088450398346,1.6439999999999997,0.993427095114983,0.3,-0.0010980256038648248,0.001613570282585993,-0.0007195993770038693,0.0003616824427693303,-0.00024253710423553597
BOX_BO_entry,2011,245,-1.6197862488480221,-2.8449353120448673,-2.8449353120448673,-0.07092732189854532,-1.374836922984754,0.4307692307692308,130,-0.23421842670297197,-0.41216128384582795,0.17794285714285707,0.17794285714285707,0.7061224489795919,-0.4168512615676023,-0.34799250295893036,-0.23421842670297197,0.0,-0.22771235929455608,-0.40071235929455495,0.17299999999999993,0.9943076294877641,-0.3,-0.0022468681964494547,-0.0009087950109142193,-0.0045564950472123745,-8.055034744152753e-05,-0.006094548349784521
BOX_BO_entry,2012,248,-1.2950608356945639,-3.9906371055584775,-3.9906371055584775,0.013742088992343728,0.2492542238047851,0.4645161290322581,155,-0.09376397862874837,-0.28987688185455285,0.1961129032258063,0.1961129032258063,0.7782258064516129,-0.31410791402899396,-0.2711990087409043,-0.09376397862874837,0.0,-0.09227566150765712,-0.28527566150765515,0.19299999999999987,0.9954646978178592,-0.09999999999999999,-0.0035658912090214476,-0.001749077607545845,-0.001938358245774668,-0.0006156566491260058,-0.005932219393216613
BOX_BO_entry,2013,245,1.0309967143886343,-1.0964313551358305,-1.0964313551358305,-0.01925687819033241,-0.3451674244853704,0.4240506329113924,158,0.0966853752790993,-0.10285748186375641,0.199542857142857,0.199542857142857,0.7918367346938775,-0.12013500224991878,-0.11687384494692088,0.0966853752790993,0.0,0.09399967041023544,-0.10000032958976318,0.19399999999999987,0.9897229167894276,-0.49999999999999994,0.002093927596719394,0.0009563771915480045,-0.00024338001806806036,0.0018898388950093713,8.054969694918934e-05
BOX_BO_entry,2014,244,-0.3848198435084439,-2.51609260267833,-2.51609260267833,0.005144567323812229,0.08741182902491554,0.474025974025974,154,-0.03644402975521336,-0.23887025926340855,0.2024262295081968,0.2024262295081968,0.8032786885245902,-0.2730058660179198,-0.24200767733877815,-0.03644402975521336,0.0,-0.03528707642965103,-0.23128707642964955,0.19600000000000006,0.9946776885190026,-0.19999999999999998,-0.0001552186443661587,-0.002787445160984587,0.0022602282305618404,-0.0014297449579956743,-0.0015510297665172132
BOX_BO_entry,2015,244,2.140949785000304,0.5343451564998173,0.5343451564998173,0.09110679300128383,1.6700945550209263,0.5761589403973509,151,0.2595003070367498,0.06481997916789818,0.1946803278688523,0.1946803278688523,0.7725409836065574,-0.13828165983237323,-0.13084036633932283,0.2595003070367498,0.0,0.25126220205145616,0.06276220205145697,0.18849999999999986,0.9938329122352543,0.8999999999999998,-0.002186993849443266,-0.0012750459784290514,-0.001668238510216809,0.0008957942269055455,0.003360367174568573
BOX_BO_entry,2016,61,-1.7750742803580368,-2.941374940389994,-2.941374940389994,0.16056133924554977,0.8871882301143021,0.75,12,-0.14524060307729378,-0.24438814406089945,0.09914754098360656,0.09914754098360656,0.39344262295081966,-0.0710547124665657,-0.0690836489761073,-0.14524060307729378,0.0,-0.035157447570297304,-0.05915744757029709,0.024,0.9898582939705471,0.6,-0.0115980378555192,-0.01850686885448978,-0.007584895929978781,0.005063789112609659,-0.009446716849590359
BOX_BO_entry,pooled,1287,-0.08234641615187654,-1.8449997793333588,-1.8449997793333588,0.008346066282812366,0.3336412692713989,0.4789473684210526,760,-0.008844607171560544,-0.19848097080792285,0.18963636363636352,0.18963636363636352,0.7525252525252525,-1.1468555557865394,-0.6900331473647701,-0.008844607171560544,0.0,-0.045170672340469925,-1.0136706723404632,0.9684999999999995,0.993427095114983,-0.09999999999999999,-0.001222221412170418,-0.0013312595908545695,-0.0011767760596246772,0.00026513695580699184,-0.0019394849510617437
Donchian20_entry,2011,245,-0.5111242847448945,-2.977134861536432,-2.977134861536432,-0.039864153258115556,-1.3380610035399012,0.4372093023255814,215,-0.048812146113758,-0.28538357468518366,0.23657142857142827,0.23657142857142827,0.9387755102040817,-0.27941809424395453,-0.24726705868904242,-0.048812146113758,0.0,-0.04745625316615361,-0.2774562531661508,0.2299999999999997,0.9943076294877641,-0.6,-0.0008394467216187887,-0.0013065351433436743,0.0005820857918526764,-0.0020501775958650112,-0.0018649440594732476
Donchian20_entry,2012,248,-1.9026244920386057,-5.606235917437091,-5.606235917437091,-0.033845615202416926,-1.2860731247388282,0.45454545454545453,231,-0.12570808884823462,-0.3685629275579091,0.2428548387096771,0.2428548387096771,0.9637096774193549,-0.366825646949005,-0.3086574167001489,-0.12570808884823462,0.0,-0.12371272235858008,-0.3627127223585772,0.2389999999999997,0.9954646978178592,-0.7,-4.688591857579384e-07,-0.0008546600943317713,-0.00010065856019122332,-0.0007901260107835706,-0.0017553080230399499
Donchian20_entry,2013,245,1.4540586608514676,-1.4092638820181032,-1.4092638820181032,-0.03328618491385639,-1.238620991673165,0.43577981651376146,218,0.11914096557201019,-0.11537332014227349,0.2345142857142855,0.2345142857142855,0.9306122448979591,-0.17234689179693302,-0.15998291210265392,0.11914096557201019,0.0,0.11583149430612101,-0.112168505693877,0.22799999999999981,0.9897229167894276,0.3,0.0015761233251785282,0.0006833828049607895,0.0021643062056508804,0.00043035782648176624,0.0022706766493018676
Donchian20_entry,2014,244,0.7103735984675286,-2.583573713750522,-2.583573713750522,-0.012712097597673734,-0.5292713652930845,0.4955357142857143,224,0.0525601095731862,-0.19117759534484252,0.24373770491803215,0.24373770491803215,0.9672131147540983,-0.20320062902420435,-0.1856622076920067,0.0525601095731862,0.0,0.05089153466610093,-0.18510846533389513,0.23599999999999938,0.9946776885190026,-0.3,5.548897555084975e-05,-0.00046380860298694674,-0.00032975977497223764,2.15569136165939e-05,-0.0003776348967227639
Donchian20_entry,2015,244,1.0208400139380298,-1.80891299159843,-1.80891299159843,0.026519711257356027,1.2164864865685752,0.5162790697674419,215,0.0858684105986975,-0.15270535989310283,0.23857377049180276,0.23857377049180276,0.9467213114754098,-0.19279004641800324,-0.17768041845459437,0.0858684105986975,0.0,0.08314242930984997,-0.14785757069014718,0.23099999999999948,0.9938329122352543,0.3,0.0007514599144087247,4.8457679874760236e-05,0.00029635029087871415,0.00023936109485264118,0.0020290532712348135
Donchian20_entry,2016,61,0.7070029834132842,-1.0461918917065924,-1.0461918917065924,-0.14818177154627224,-1.7683586155218722,0.3684210526315789,38,0.07770761053768852,-0.11439075011804731,0.1920983606557377,0.1920983606557377,0.7622950819672131,-0.043144210314694294,-0.04274002957650436,0.07770761053768852,0.0,0.018810175566662698,-0.027689824433336847,0.0465,0.9898582939705471,-0.09999999999999999,0.0021842356627873078,0.00037537171298147914,0.0034628519726122922,0.004041768953669163,-0.003292923616629004
Donchian20_entry,pooled,1287,0.2313628839198647,-2.639129251590115,-2.639129251590115,-0.023157053140911096,-1.9647745501138876,0.4645048203330412,1141,0.019092212818685488,-0.21792876620229062,0.23702097902097863,0.23702097902097863,0.9405594405594405,-1.130409568635144,-0.6825533160555509,0.019092212818685488,0.0,0.09750665832400088,-1.1129933416759843,1.210499999999998,0.993427095114983,-0.09999999999999999,0.00037441538275575007,-0.00034328320702391006,0.0005923669187291676,-0.00028573885454037244,1.0958092027561616e-05
