strategy,scope,annual_long,annual_short,annual_long_gross,annual_long_net,long_gross_sharpe,long_net_sharpe,annual_long_cost,annual_short_gross,annual_short_net,short_gross_sharpe,short_net_sharpe,annual_short_cost
HIER33_SECTOR,ALL_TRAIN,0.043196685585871905,-0.02140453618889755,0.043196685585871905,0.03335291662441767,0.8057018046849694,0.6220317797222675,0.00984376896145424,-0.02140453618889755,-0.030299704727393947,-0.4112532383871805,-0.5822741479246588,0.0088951685384964
HIER33_SECTOR,POOLED,0.04553816792855741,-0.01624971582640153,0.04553816792855741,0.03538193459759798,0.8943632878329408,0.6949412819560984,0.010156233330959424,-0.01624971582640153,-0.025146577172211998,-0.31389967663762985,-0.48551876573082087,0.008896861345810471
HIER33_SECTOR,EX2016,0.04244388812409192,-0.01605214802261199,0.04244388812409192,0.032247475848202325,0.8740746667106061,0.6639712973487796,0.010196412275889587,-0.01605214802261199,-0.024782461982505388,-0.3269550689784791,-0.5045688845735298,0.008730313959893408
HIER33_SECTOR,2011,0.06563164935578339,-0.04345210592846078,0.06563164935578339,0.054913383978298445,1.1167483739060002,0.9342063209418621,0.010718265377484935,-0.04345210592846078,-0.05287612084586126,-0.6946824744594229,-0.8446377398098237,0.009424014917400499
HIER33_SECTOR,2012,0.004606529035402139,0.004240870121438958,0.004606529035402139,-0.005719700128165215,0.11349731594828891,-0.14078591506639482,0.010326229163567353,0.004240870121438958,-0.005259046848135944,0.09421577517973134,-0.11676964887670993,0.009499916969574905
HIER33_SECTOR,2013,0.04371762953773792,-0.011673125623460961,0.04371762953773792,0.034226201705914526,0.8539440760546453,0.6681848877044696,0.00949142783182342,-0.011673125623460961,-0.019128653710956463,-0.23155350500379027,-0.3792574755751628,0.0074555280874955025
HIER33_SECTOR,2014,0.0392069817273707,-0.016077629832889143,0.0392069817273707,0.028127599970749116,0.9477880732425379,0.6807140167902206,0.01107938175662158,-0.016077629832889143,-0.024972400792266515,-0.4016205048327505,-0.6241402360660734,0.008894770959377381
HIER33_SECTOR,2015,0.059580981268749875,-0.013539042804520677,0.059580981268749875,0.05021561301139525,1.2181129316713195,1.0264882821514358,0.009365368257354612,-0.013539042804520677,-0.02190606213656985,-0.3024127634106917,-0.48928274255598697,0.008367019332049178
HIER33_SECTOR,2016,0.109311799152795,-0.02032162174857247,0.109311799152795,0.09998366068683692,1.2593614401012199,1.1538847876586324,0.009328138465958057,-0.02032162174857247,-0.03265105294650412,-0.22212031587171227,-0.35651520635165634,0.01232943119793163
HIER33_WITHIN,ALL_TRAIN,0.04115358606685269,-0.04882857101932565,0.04115358606685269,0.03332791724480166,0.7742447191090016,0.6268041730830664,0.00782566882205104,-0.04882857101932565,-0.05675013914039291,-0.9821592603718812,-1.1419729485973307,0.007921568121067252
HIER33_WITHIN,POOLED,0.052041619200924455,-0.03475151621685358,0.052041619200924455,0.04427884999153155,1.003343857684856,0.8536352326916766,0.007762769209392908,-0.03475151621685358,-0.04258070389959714,-0.7331528621079894,-0.8981658734545942,0.007829187682743563
HIER33_WITHIN,EX2016,0.04932188221556505,-0.03148056904248309,0.04932188221556505,0.04154688620507524,0.9919165895803288,0.8355143009892343,0.007774996010489819,-0.03148056904248309,-0.0392930083187206,-0.7034112196221151,-0.8778366212778635,0.007812439276237519
HIER33_WITHIN,2011,0.07485793718820301,-0.056861819173301076,0.07485793718820301,0.06691095018768702,1.2312905073159262,1.1005369151435995,0.007946987000516017,-0.056861819173301076,-0.06483831703359695,-1.003508596528609,-1.1439692427825603,0.007976497860295848
HIER33_WITHIN,2012,0.02250622767362487,0.01744451690366297,0.02250622767362487,0.014618299120126204,0.5368498112886536,0.3486730270120507,0.00788792855349867,0.01744451690366297,0.009755168378893536,0.42029987835453947,0.23500899507411183,0.007689348524769436
HIER33_WITHIN,2013,0.04150914407750035,-0.02959377925607889,0.04150914407750035,0.03358737509273977,0.8530499395764991,0.6902187164948631,0.00792176898476058,-0.02959377925607889,-0.0375861532064958,-0.6406512442330171,-0.8136592205341985,0.007992373950416904
HIER33_WITHIN,2014,0.049435066921762985,-0.02929505357209868,0.049435066921762985,0.04190711673338986,1.1176698346514546,0.9471936131920721,0.007527950188373148,-0.02929505357209868,-0.036785309430292366,-0.7721786755832453,-0.9693227637015986,0.007490255858193679
HIER33_WITHIN,2015,0.05867103232968107,-0.059808304674269855,0.05867103232968107,0.051083870864447885,1.1447869266655233,0.9968836962090687,0.007587161465233184,-0.059808304674269855,-0.06772263795991229,-1.5315212414592831,-1.7341918343971456,0.007914333285642446
HIER33_WITHIN,2016,0.10809585944155227,-0.10216629187845552,0.10809585944155227,0.10058508667510585,1.2662969716487857,1.1782028787100567,0.0075107727664464234,-0.10216629187845552,-0.11034066705800166,-1.1897345695938975,-1.2845670040362636,0.008174375179546106
HIER33_COMBINED,ALL_TRAIN,0.045913597161499585,-0.03377137991331149,0.045913597161499585,0.03796110640443059,0.810577251592212,0.669967958843731,0.007952490757068999,-0.03377137991331149,-0.04191690873104431,-0.638681915811687,-0.7931090221294004,0.008145528817732828
HIER33_COMBINED,POOLED,0.05608991359525475,-0.019634752750889613,0.05608991359525475,0.04825908490089704,1.0242618854634935,0.8811661436979636,0.00783082869435772,-0.019634752750889613,-0.027532922881648162,-0.3732369509742751,-0.5233963983154284,0.007898170130758558
HIER33_COMBINED,EX2016,0.054055567078659834,-0.01838306901942222,0.054055567078659834,0.046227503567661574,1.0227729209153167,0.8745671111114963,0.007828063510998264,-0.01838306901942222,-0.026285400198145358,-0.36958122721893527,-0.5284667681276,0.007902331178723136
HIER33_COMBINED,2011,0.08506680976323935,-0.03438112599948799,0.08506680976323935,0.07693480366692883,1.331965900995915,1.204561360613924,0.00813200609631055,-0.03438112599948799,-0.04268035170908753,-0.5496418944493382,-0.6823982471809564,0.008299225709599536
HIER33_COMBINED,2012,0.019943818802803805,0.00920910658514174,0.019943818802803805,0.011540089375281655,0.46409703608222036,0.26858235606793784,0.008403729427522141,0.00920910658514174,0.0009315737690795672,0.19969649174546739,0.020198106195998607,0.008277532816062179
HIER33_COMBINED,2013,0.04469255057058871,-0.017121011186087838,0.04469255057058871,0.03713263995838409,0.8320294637395588,0.6911543177698029,0.007559910612204636,-0.017121011186087838,-0.024684740020285572,-0.324199531678651,-0.46730871615453046,0.007563728834197749
HIER33_COMBINED,2014,0.05908813976816113,-0.017961105761791014,0.05908813976816113,0.051662282976568275,1.3219466684897034,1.1560183309174124,0.007425856791592857,-0.017961105761791014,-0.025802361054728693,-0.4577115063350207,-0.6577195570683076,0.00784125529293768
HIER33_COMBINED,2015,0.06196089155845208,-0.0320563851946857,0.06196089155845208,0.054351739961473654,1.0944666297048788,0.959676733507402,0.007609151596978431,-0.0320563851946857,-0.0395798558787451,-0.7102596526615786,-0.8771219069852754,0.007523470684059405
HIER33_COMBINED,2016,0.09801814010677053,-0.045432166606217406,0.09801814010677053,0.09013032051469924,1.1435180434978816,1.0513514933364252,0.007887819592071244,-0.045432166606217406,-0.0532445768331637,-0.4800210704424934,-0.5626487530575991,0.00781241022694628
MOM60,ALL_TRAIN,0.04293434938126361,-0.03882491161850796,0.04293434938126361,0.03482863812994225,0.7598593267768432,0.6162700463838006,0.008105711251321363,-0.03882491161850796,-0.04689450230447561,-0.7324001063329073,-0.8849950768928709,0.008069590685967647
MOM60,POOLED,0.05444318381904607,-0.02233468977889709,0.05444318381904607,0.04639081284287928,0.9909385775354654,0.8443758351432017,0.00805237097616679,-0.02233468977889709,-0.03026299558833442,-0.42706731510471846,-0.5786709735463513,0.007928305809437326
MOM60,EX2016,0.05259900118241747,-0.01995603987118004,0.05259900118241747,0.04455547689213331,0.9921152062717933,0.8403655934326878,0.008043524290284161,-0.01995603987118004,-0.027870211154004003,-0.40497485482321144,-0.5655798596398472,0.007914171282823968
MOM60,2011,0.0839966368444998,-0.03784151178937989,0.0839966368444998,0.07561847076351874,1.3113947952029392,1.1807539014213302,0.008378166080981046,-0.03784151178937989,-0.04598320791207209,-0.605899821838471,-0.736285728015456,0.008141696122692206
MOM60,2012,0.02142441595101322,0.021781131063693556,0.02142441595101322,0.01308059888478131,0.4943315950675243,0.3018094179184066,0.008343817066231898,0.021781131063693556,0.013707746976220557,0.47944014053783063,0.3017819301865818,0.008073384087473011
MOM60,2013,0.04617543206365611,-0.025159576672015575,0.04617543206365611,0.03813882923021078,0.8488266343074522,0.7010356855952499,0.008036602833445344,-0.025159576672015575,-0.03308830953111663,-0.48267146904935326,-0.6347033518649015,0.007928732859101074
MOM60,2014,0.0579676207332391,-0.0152081825789662,0.0579676207332391,0.0504739133126526,1.2820081084302277,1.1160639777191477,0.007493707420586503,-0.0152081825789662,-0.022952294936925535,-0.3890271025083416,-0.5869706877012077,0.007744112357959338
MOM60,2015,0.05384298409811835,-0.0439465208462588,0.05384298409811835,0.04588397378115578,0.9643633767231603,0.821686463925158,0.007959010316962587,-0.0439465208462588,-0.05162581985945572,-0.9927639192700481,-1.1663639035259243,0.007679299013196933
MOM60,2016,0.09245210053328994,-0.07135906753794685,0.09245210053328994,0.08421739786164381,1.0736002828495284,0.9782948865061363,0.008234702671646079,-0.07135906753794685,-0.07957868833656795,-0.7439971569507925,-0.8297435528754704,0.008219620798621085
