strategy,scope,q_monotonicity,q1_daily_return,q2_daily_return,q3_daily_return,q4_daily_return,q5_daily_return
HIER33_SECTOR,ALL_TRAIN,0.6,0.00016914837152007326,0.00017805848846184102,0.00043643569797433365,0.00039391184820030284,0.0003211814224432617
HIER33_SECTOR,POOLED,0.7,0.00012166525989999774,0.0001457333107852308,0.0003939656341298172,0.00035882344961360956,0.0003659272298267768
HIER33_SECTOR,EX2016,0.49999999999999994,0.0001353811292188229,0.00011318729458819302,0.0003858850663755457,0.0003496256010759945,0.0003337437029050162
HIER33_SECTOR,2011,0.3,0.0004351296192948188,0.0001627389298501949,0.0007110208255216767,0.00039355622313532373,0.0005840818106485006
HIER33_SECTOR,2012,0.19999999999999998,0.00010499122383942867,-0.000316830054570475,0.00011027628484375518,0.0002095184515031787,-4.777659017891832e-05
HIER33_SECTOR,2013,0.7999999999999999,0.00012217801566043442,3.4943015203548626e-05,0.0002538542516674348,0.00023033351615611358,0.00040734115863904345
HIER33_SECTOR,2014,0.7,6.335689833163508e-05,0.0002624827444677277,0.0004273924957662429,0.0002865860598085246,0.00032638130586658536
HIER33_SECTOR,2015,0.39999999999999997,-4.943187035038414e-05,0.000429828127414586,0.0004306390368128718,0.0006307609864344838,0.00040365837338812683
HIER33_SECTOR,2016,0.6,-0.0001610211314846027,0.0008165122208801101,0.000560507505133106,0.0005483926669312349,0.001029235174519335
HIER33_WITHIN,ALL_TRAIN,-0.3,0.00044189801523828224,0.0002754781273132461,0.00015675418728476113,0.000250835264854662,0.0003639185697235054
HIER33_WITHIN,POOLED,0.3,0.00030329278600027234,0.0002170701789770659,0.00010001195417531609,0.00027674629653613405,0.0004800070020243407
HIER33_WITHIN,EX2016,0.6,0.0002733454613618898,0.0001993506758339997,0.00010915030125784323,0.0002833818466003604,0.0004446135770434521
HIER33_WITHIN,2011,0.19999999999999998,0.0004164804672727656,0.0005166649465373568,0.0002698162596493882,0.0003722526782710189,0.000702854065456327
HIER33_WITHIN,2012,0.9999999999999999,-0.00015520672436539733,-0.00010405336016451791,1.0710460577711798e-06,9.93224635185275e-05,0.00021691544911562588
HIER33_WITHIN,2013,0.39999999999999997,0.00035431979458050265,-1.0154705829359057e-05,0.00010104917404948869,0.00021066529601253698,0.00038769160931492443
HIER33_WITHIN,2014,0.6,0.00023851792617449592,0.00021752725986163863,0.00018490464890597589,0.0002702152578054006,0.0004527968340185739
HIER33_WITHIN,2015,-0.19999999999999998,0.0005187732786998901,0.00038133869023163254,-9.933621589866162e-06,0.0004674290880192949,0.00046574163801853225
HIER33_WITHIN,2016,0.09999999999999999,0.0009205122226150736,0.0005822721420612753,-8.83309280679552e-05,0.00013998648504292841,0.0012094714897660469
HIER33_COMBINED,ALL_TRAIN,0.7,0.0002940441600271093,0.00022248936067233022,0.00026319772261694036,0.00033568377618585846,0.00038074584240410566
HIER33_COMBINED,POOLED,0.9999999999999999,0.00014409311370491186,0.00018371482512614148,0.00022867701753101786,0.0003197468083719031,0.0005098185234745966
HIER33_COMBINED,EX2016,0.9999999999999999,0.00013656628718146068,0.00016762921551064693,0.00021456992273656208,0.00030647903432743805,0.0004923027787567663
HIER33_COMBINED,2011,0.8999999999999998,0.0002546781873798665,0.00030854179691012227,0.0005209713605061899,0.0003826339486487354,0.0008201887297988142
HIER33_COMBINED,2012,0.9999999999999999,-7.774467316086867e-05,-6.696866468321327e-05,-5.94385083290062e-05,4.644286459007932e-05,0.00021352972033208704
HIER33_COMBINED,2013,0.6,0.0001662608100520607,7.804763384680213e-05,8.680754496672822e-05,0.00036883744363185104,0.0003487472809523529
HIER33_COMBINED,2014,0.8999999999999998,0.00011707603023440397,0.00020435523435011302,0.00017744575227861647,0.00032817953803072214,0.0005406483513866113
HIER33_COMBINED,2015,0.9999999999999999,0.00022549264098159448,0.00031783561647255034,0.000350854351302689,0.0004100271261379664,0.000542245934373723
HIER33_COMBINED,2016,0.9999999999999999,0.0002992222840865484,0.0005152419656759946,0.0005194266322777675,0.0005931978802035892,0.0008708209908793664
MOM60,ALL_TRAIN,0.3,0.0003297427193249114,0.00026256773009801314,0.00023239514744050722,0.0003126792001568427,0.0003541180064318286
MOM60,POOLED,0.8999999999999998,0.00016031969577398605,0.00020842565237020314,0.00019120588623518703,0.00034828005079797067,0.0004727525415762893
MOM60,EX2016,0.8999999999999998,0.0001369925757679587,0.00019862475562262917,0.00017869433315131455,0.00034570283189510004,0.0004522611745201937
MOM60,2011,0.8999999999999998,0.00023169782514163384,0.0004360678338964323,0.00037648273904644576,0.00047987148552357896,0.0007572683914275406
MOM60,2012,0.8999999999999998,-0.00021003598267705438,-9.81270207091414e-05,7.587835271553113e-05,7.409014804728869e-05,0.00021671590328225967
MOM60,2013,0.49999999999999994,0.00024332645782909544,0.00010497010529536522,-6.763229653566673e-05,0.0004155626277535873,0.0003408286012551484
MOM60,2014,0.8999999999999998,6.074888237331635e-05,0.00023991635378034002,0.00021270541562186488,0.00032502885779188683,0.0005266529086362862
MOM60,2015,0.49999999999999994,0.00036413096519075794,0.0003146073268310611,0.0002979374637742446,0.00043760741344140737,0.0004229334830464666
MOM60,2016,0.09999999999999999,0.000641095592847363,0.00041042379550664286,0.00044907111589601717,0.0004013969692028963,0.00089508308971548
