scope,bucket,equal_sector_equal_date_forward_target,sector_days
POOLED,LOW,0.0001003101126448801,10082
POOLED,MIDDLE,0.00032921238707313283,10200
POOLED,HIGH,0.0002808296262234193,10200
EX2016,LOW,0.00012636419290486177,9669
EX2016,MIDDLE,0.0003029006640000668,9728
EX2016,HIGH,0.00026535677999152077,9728
2011,LOW,0.00030647648100075347,1944
2011,MIDDLE,0.000515065331685454,1944
2011,HIGH,0.00048584665929415975,1944
2012,LOW,7.13256344280718e-05,1968
2012,MIDDLE,0.0001008317817951302,1968
2012,HIGH,2.4917738055156716e-05,1968
2013,LOW,-1.4160581871975709e-05,1944
2013,MIDDLE,0.00017002706053957748,1944
2013,HIGH,0.00018903023338060637,1944
2014,LOW,4.6166680921427876e-05,1936
2014,MIDDLE,0.00016733654043698685,1936
2014,HIGH,0.00029128357690037603,1936
2015,LOW,0.00022275889351953626,1877
2015,MIDDLE,0.0005642549380415108,1936
2015,HIGH,0.00033908417511678324,1936
2016,LOW,-0.0004366688974591493,413
2016,MIDDLE,0.0008715014592231057,472
2016,HIGH,0.0005997276095791583,472
