strategy,scope,control,delta_turnover,delta_annual_cost,delta_annual_short_gross,delta_annual_short_net,delta_annual_short_cost,delta_annual_long_gross,delta_annual_long_net,delta_annual_long_cost
HIER33_SECTOR,ALL_TRAIN,MOM60,0.010701812454372656,0.0025636355626616238,0.017420375429610408,0.01659479757708166,0.0008255778525287534,0.0002623362046082975,-0.0014757215055245868,0.0017380577101328773
HIER33_SECTOR,POOLED,MOM60,0.012724372014561988,0.0030724178911657775,0.006084973952495562,0.005116418416122422,0.000968555536373145,-0.008905015890488664,-0.011008878245281295,0.0021038623547926343
HIER33_SECTOR,EX2016,MOM60,0.012305083139989764,0.002969030662674864,0.0039038918485680488,0.0030877491714986147,0.0008161426770694393,-0.010155113058325546,-0.012308001043930983,0.0021528879856054263
HIER33_SECTOR,2011,MOM60,0.014913810661747823,0.0036224180912121963,-0.005610594139080889,-0.006892912933789172,0.0012823187947082933,-0.018364987488716414,-0.020705086785220296,0.002340099296503889
HIER33_SECTOR,2012,MOM60,0.013972182832955135,0.0034089449794373547,-0.0175402609422546,-0.018966793824356502,0.0014265328821018945,-0.016817886915611077,-0.018800299012946525,0.001982412097335455
HIER33_SECTOR,2013,MOM60,0.004784644663530235,0.0009816202267724922,0.013486451048554613,0.01395965582016017,-0.0004732047716055716,-0.002457802525918193,-0.003912627524296254,0.001454824998378075
HIER33_SECTOR,2014,MOM60,0.01914673625678815,0.004736332937453121,-0.0008694472539229423,-0.00202010585534098,0.0011506586014180427,-0.0187606390058684,-0.022346313341903484,0.003585674336035078
HIER33_SECTOR,2015,MOM60,0.008700782244360612,0.002094078259244271,0.030407478041738125,0.02971975772288587,0.0006877203188522451,0.005737997170631524,0.0043316392302394716,0.001406357940392025
HIER33_SECTOR,2016,MOM60,0.02136598678540648,0.005203246193622533,0.051037445789374386,0.04692763539006383,0.004109810399310545,0.016859698619505065,0.01576626282519311,0.0010934357943119775
HIER33_WITHIN,ALL_TRAIN,MOM60,-0.0016976507024384357,-0.0004280649941707203,-0.010003659400817697,-0.009855636835917302,-0.00014802256490039495,-0.0017807633144109186,-0.0015007208851405968,-0.0002800424292703236
HIER33_WITHIN,POOLED,MOM60,-0.0015395717275777099,-0.000388719893467648,-0.01241682643795649,-0.012317708311262717,-9.911812669376359e-05,-0.0024015646181216183,-0.0021119628513477234,-0.0002896017667738818
HIER33_WITHIN,EX2016,MOM60,-0.0014661753346207895,-0.0003702602863807948,-0.011524529171303054,-0.0114227971647166,-0.00010173200658644948,-0.00327711896685242,-0.0030085906870580686,-0.00026852827979434186
HIER33_WITHIN,2011,MOM60,-0.002358765094665899,-0.0005963773428613768,-0.019020307383921187,-0.01885510912152486,-0.0001651982623963582,-0.009138699656296795,-0.008707520575831726,-0.000431179080465029
HIER33_WITHIN,2012,MOM60,-0.003325367941593764,-0.000839924075436798,-0.004336614160030585,-0.003952578597327021,-0.00038403556270357516,0.001081811722611653,0.001537700235344894,-0.0004558885127332289
HIER33_WITHIN,2013,MOM60,-0.00020314586257516587,-5.119275736894732e-05,-0.004434202584063317,-0.004497843675379164,6.36410913158296e-05,-0.004666287986155759,-0.00455145413747101,-0.00011483384868476477
HIER33_WITHIN,2014,MOM60,-0.0008714830634087914,-0.00021961373197901604,-0.014086870993132479,-0.013833014493366831,-0.00025385649976565963,-0.008532553811476114,-0.008566796579262743,3.4242767786645326e-05
HIER33_WITHIN,2015,MOM60,-0.000542914997158285,-0.0001368145792838872,-0.015861783828011053,-0.016096818100456572,0.00023503427244551348,0.004828048231562722,0.005199897083292104,-0.0003718488517294033
HIER33_WITHIN,2016,MOM60,-0.003052283826486639,-0.000769175524274638,-0.03080722434050867,-0.030761978721433714,-4.5245619074978094e-05,0.015643758908262334,0.01636768881346204,-0.0007239299051996556
HIER33_COMBINED,ALL_TRAIN,MOM60,0.00013267804561738206,-7.728236248718753e-05,0.005053531705196464,0.004977593573431298,7.593813176518145e-05,0.0029792477802359774,0.003132468274488334,-0.00015322049425236378
HIER33_COMBINED,POOLED,MOM60,-0.0005515839545375684,-0.00025167796048783733,0.0026999370280074778,0.002730072706686258,-3.0135678678768277e-05,0.0016467297762086802,0.0018682720580177614,-0.00022154228180906906
HIER33_COMBINED,EX2016,MOM60,-0.0004534814011869226,-0.00022730088338673501,0.0015729708517578204,0.0015848109558586447,-1.184010410083293e-05,0.001456565896242365,0.0016720266755282653,-0.00021546077928589688
HIER33_COMBINED,2011,MOM60,4.6620932240740154e-05,-8.863039776315848e-05,0.0034603857898918983,0.0033028562029845596,0.00015752958690733003,0.001070172918739551,0.0013163329034100862,-0.00024615998467049545
HIER33_COMBINED,2012,MOM60,0.0014389224778963428,0.00026406108987941934,-0.012572024478551816,-0.01277617320714099,0.00020414872858916765,-0.0014805971482094137,-0.001540509509499655,5.991236129024302e-05
HIER33_COMBINED,2013,MOM60,-0.002623261367273269,-0.0008416962461440369,0.008038565485927737,0.008403569510831061,-0.00036500402490332543,-0.0014828814930673978,-0.0010061892718266907,-0.00047669222124070796
HIER33_COMBINED,2014,MOM60,0.0004983909816705934,2.929230598469265e-05,-0.0027529231828248135,-0.002850066117803158,9.714293497834099e-05,0.001120519034922031,0.001188369663915674,-6.785062899364574e-05
HIER33_COMBINED,2015,MOM60,-0.0016524599390792954,-0.0005056870491216819,0.011890135651573104,0.012045963980710617,-0.0001558283291375282,0.00811790746033373,0.008467766180317873,-0.00034985871998415626
HIER33_COMBINED,2016,MOM60,-0.002573494206645599,-0.0007540936512496418,0.025926900931729446,0.02633411150340425,-0.0004072105716748046,0.005566039573480591,0.00591292265305543,-0.0003468830795748355
