estimation_month,forecast_month,coefficient,value,fit_rows,rank_full
2008-11,2008-12,intercept,,0,False
2008-12,2009-01,intercept,,0,False
2009-01,2009-02,intercept,,0,False
2009-02,2009-03,intercept,,0,False
2009-03,2009-04,intercept,,0,False
2009-04,2009-05,intercept,,0,False
2009-05,2009-06,intercept,,0,False
2009-06,2009-07,intercept,,0,False
2009-07,2009-08,intercept,,0,False
2009-08,2009-09,intercept,,0,False
2009-09,2009-10,intercept,,0,False
2009-10,2009-11,intercept,,0,False
2009-11,2009-12,intercept,,0,False
2009-12,2010-01,intercept,0.10577589484311117,421,True
2009-12,2010-01,realized_skewness,-0.04359825604149819,421,True
2009-12,2010-01,realized_volatility,3.38799324170177,421,True
2009-12,2010-01,prior_month_residual_return,-0.7102053488188177,421,True
2009-12,2010-01,mom12_1,-0.05746365545340415,421,True
2010-01,2010-02,intercept,-0.12710604899652825,422,True
2010-01,2010-02,realized_skewness,-0.13105336063383674,422,True
2010-01,2010-02,realized_volatility,12.45969007288592,422,True
2010-01,2010-02,prior_month_residual_return,-0.5878238279358424,422,True
2010-01,2010-02,mom12_1,0.04437864229871602,422,True
2010-02,2010-03,intercept,0.08225923595346062,422,True
2010-02,2010-03,realized_skewness,0.02055556705743918,422,True
2010-02,2010-03,realized_volatility,4.741952514052987,422,True
2010-02,2010-03,prior_month_residual_return,-0.8113278019936444,422,True
2010-02,2010-03,mom12_1,-0.1816751101542954,422,True
2010-03,2010-04,intercept,-0.28000297975367633,423,True
2010-03,2010-04,realized_skewness,-0.029795791393666116,423,True
2010-03,2010-04,realized_volatility,24.665985998573667,423,True
2010-03,2010-04,prior_month_residual_return,-0.41345807765529563,423,True
2010-03,2010-04,mom12_1,-0.20998603425772078,423,True
2010-04,2010-05,intercept,0.007001805302464202,424,True
2010-04,2010-05,realized_skewness,0.055289025390485975,424,True
2010-04,2010-05,realized_volatility,14.272628520323405,424,True
2010-04,2010-05,prior_month_residual_return,-0.3583587821152034,424,True
2010-04,2010-05,mom12_1,0.12255707692786626,424,True
2010-05,2010-06,intercept,0.18985955067248586,424,True
2010-05,2010-06,realized_skewness,-0.05811217152613548,424,True
2010-05,2010-06,realized_volatility,-2.826825527675927,424,True
2010-05,2010-06,prior_month_residual_return,0.024325842292835187,424,True
2010-05,2010-06,mom12_1,0.4080742585446277,424,True
2010-06,2010-07,intercept,0.012566570064610838,425,True
2010-06,2010-07,realized_skewness,-0.016741128439450532,425,True
2010-06,2010-07,realized_volatility,6.353542267803922,425,True
2010-06,2010-07,prior_month_residual_return,-0.912983711266142,425,True
2010-06,2010-07,mom12_1,-0.11979122764523441,425,True
2010-07,2010-08,intercept,-0.006764061742884424,426,True
2010-07,2010-08,realized_skewness,-0.08417266041888893,426,True
2010-07,2010-08,realized_volatility,11.885434993603981,426,True
2010-07,2010-08,prior_month_residual_return,0.37824270371732416,426,True
2010-07,2010-08,mom12_1,-0.35274956495426557,426,True
2010-08,2010-09,intercept,0.06499224975170584,426,True
2010-08,2010-09,realized_skewness,-0.009187127581463903,426,True
2010-08,2010-09,realized_volatility,2.784360106008837,426,True
2010-08,2010-09,prior_month_residual_return,-0.685964701515081,426,True
2010-08,2010-09,mom12_1,0.18288148860658018,426,True
2010-09,2010-10,intercept,-0.43786913268594957,426,True
2010-09,2010-10,realized_skewness,0.07956143519831768,426,True
2010-09,2010-10,realized_volatility,31.42514648134179,426,True
2010-09,2010-10,prior_month_residual_return,-0.9537312266562481,426,True
2010-09,2010-10,mom12_1,-0.28978169870709336,426,True
2010-10,2010-11,intercept,0.09045160570379765,429,True
2010-10,2010-11,realized_skewness,-0.002673265512421362,429,True
2010-10,2010-11,realized_volatility,-2.316719708949818,429,True
2010-10,2010-11,prior_month_residual_return,-0.2985986532255559,429,True
2010-10,2010-11,mom12_1,0.013834382387732626,429,True
2010-11,2010-12,intercept,-0.08241429467601293,429,True
2010-11,2010-12,realized_skewness,0.051910194585709134,429,True
2010-11,2010-12,realized_volatility,13.991744596214016,429,True
2010-11,2010-12,prior_month_residual_return,-0.5778453937995082,429,True
2010-11,2010-12,mom12_1,0.140714903704396,429,True
2010-12,2011-01,intercept,0.09724599051667207,429,True
2010-12,2011-01,realized_skewness,-0.015368653140386762,429,True
2010-12,2011-01,realized_volatility,3.0661873507974855,429,True
2010-12,2011-01,prior_month_residual_return,-0.051085170297459466,429,True
2010-12,2011-01,mom12_1,-0.23389098351894672,429,True
2011-01,2011-02,intercept,0.2379970301059316,429,True
2011-01,2011-02,realized_skewness,0.017379728002702287,429,True
2011-01,2011-02,realized_volatility,-4.31224159900062,429,True
2011-01,2011-02,prior_month_residual_return,-1.0357569688821147,429,True
2011-01,2011-02,mom12_1,0.010576820643235814,429,True
2011-02,2011-03,intercept,0.060112547919919185,429,True
2011-02,2011-03,realized_skewness,0.0321502599549279,429,True
2011-02,2011-03,realized_volatility,7.683437696446614,429,True
2011-02,2011-03,prior_month_residual_return,-0.6340044526837528,429,True
2011-02,2011-03,mom12_1,0.09566801725009387,429,True
2011-03,2011-04,intercept,0.07767711030125246,429,True
2011-03,2011-04,realized_skewness,-0.015394149877704448,429,True
2011-03,2011-04,realized_volatility,10.935454833516852,429,True
2011-03,2011-04,prior_month_residual_return,-0.04555932572899714,429,True
2011-03,2011-04,mom12_1,0.49489980104248554,429,True
2011-04,2011-05,intercept,-0.15505690299976102,429,True
2011-04,2011-05,realized_skewness,-0.05286466153805673,429,True
2011-04,2011-05,realized_volatility,10.022494585430751,429,True
2011-04,2011-05,prior_month_residual_return,-0.44018291563718676,429,True
2011-04,2011-05,mom12_1,0.22644095038501824,429,True
2011-05,2011-06,intercept,0.050988260552999355,429,True
2011-05,2011-06,realized_skewness,-0.07574700447912801,429,True
2011-05,2011-06,realized_volatility,4.591927941213598,429,True
2011-05,2011-06,prior_month_residual_return,-0.8446573892570922,429,True
2011-05,2011-06,mom12_1,0.12265098002282551,429,True
2011-06,2011-07,intercept,-0.10222009496595798,428,True
2011-06,2011-07,realized_skewness,0.050575786732458286,428,True
2011-06,2011-07,realized_volatility,14.759496578420443,428,True
2011-06,2011-07,prior_month_residual_return,-0.8581570200038856,428,True
2011-06,2011-07,mom12_1,-0.23142903953103508,428,True
2011-07,2011-08,intercept,0.13729006313477926,428,True
2011-07,2011-08,realized_skewness,-0.02382879917087272,428,True
2011-07,2011-08,realized_volatility,-2.156169989052252,428,True
2011-07,2011-08,prior_month_residual_return,0.32194788679438624,428,True
2011-07,2011-08,mom12_1,0.09973717412117593,428,True
2011-08,2011-09,intercept,-0.003853612072172147,429,True
2011-08,2011-09,realized_skewness,0.006312657739230296,429,True
2011-08,2011-09,realized_volatility,7.7523185927869935,429,True
2011-08,2011-09,prior_month_residual_return,-0.034626732533320506,429,True
2011-08,2011-09,mom12_1,0.028110872742938338,429,True
2011-09,2011-10,intercept,-0.0474372939869548,429,True
2011-09,2011-10,realized_skewness,0.034203276106339754,429,True
2011-09,2011-10,realized_volatility,2.2495286778775543,429,True
2011-09,2011-10,prior_month_residual_return,0.14885195436184528,429,True
2011-09,2011-10,mom12_1,-0.027589834953442798,429,True
2011-10,2011-11,intercept,0.005238797036220483,432,True
2011-10,2011-11,realized_skewness,-0.00680642895327705,432,True
2011-10,2011-11,realized_volatility,5.849118736884199,432,True
2011-10,2011-11,prior_month_residual_return,0.0164941089426988,432,True
2011-10,2011-11,mom12_1,-0.22317242308530183,432,True
2011-11,2011-12,intercept,0.23295194211664724,432,True
2011-11,2011-12,realized_skewness,-0.03376324042971694,432,True
2011-11,2011-12,realized_volatility,-5.696954202862377,432,True
2011-11,2011-12,prior_month_residual_return,-0.37726789105037095,432,True
2011-11,2011-12,mom12_1,-0.23257755018699677,432,True
2011-12,2012-01,intercept,0.0411436741505121,433,True
2011-12,2012-01,realized_skewness,0.019686117511610746,433,True
2011-12,2012-01,realized_volatility,1.6935780864297831,433,True
2011-12,2012-01,prior_month_residual_return,-0.9166144118024867,433,True
2011-12,2012-01,mom12_1,0.017224670011034095,433,True
2012-01,2012-02,intercept,-0.24157447106723084,433,True
2012-01,2012-02,realized_skewness,0.09641347602912287,433,True
2012-01,2012-02,realized_volatility,21.481748414275113,433,True
2012-01,2012-02,prior_month_residual_return,-1.232005308437538,433,True
2012-01,2012-02,mom12_1,-0.18237666915633324,433,True
2012-02,2012-03,intercept,-0.15403949212966114,433,True
2012-02,2012-03,realized_skewness,-0.03143468016657505,433,True
2012-02,2012-03,realized_volatility,16.42776542643761,433,True
2012-02,2012-03,prior_month_residual_return,0.6126414913904416,433,True
2012-02,2012-03,mom12_1,-0.05235903903776138,433,True
2012-03,2012-04,intercept,-0.2799302076995712,433,True
2012-03,2012-04,realized_skewness,0.03823736704399992,433,True
2012-03,2012-04,realized_volatility,14.175296604774303,433,True
2012-03,2012-04,prior_month_residual_return,-0.010637151314498685,433,True
2012-03,2012-04,mom12_1,0.31535342344029516,433,True
2012-04,2012-05,intercept,0.04715074804777474,434,True
2012-04,2012-05,realized_skewness,0.024844671358889577,434,True
2012-04,2012-05,realized_volatility,-0.5439281865215891,434,True
2012-04,2012-05,prior_month_residual_return,1.1929490483218002,434,True
2012-04,2012-05,mom12_1,0.020607174357407415,434,True
2012-05,2012-06,intercept,0.3398003061098427,434,True
2012-05,2012-06,realized_skewness,-0.07320420758133077,434,True
2012-05,2012-06,realized_volatility,-11.414065931916532,434,True
2012-05,2012-06,prior_month_residual_return,1.290656061338531,434,True
2012-05,2012-06,mom12_1,0.046814438205896626,434,True
2012-06,2012-07,intercept,-0.04894976991916182,435,True
2012-06,2012-07,realized_skewness,-0.024478013784677465,435,True
2012-06,2012-07,realized_volatility,10.710529608391214,435,True
2012-06,2012-07,prior_month_residual_return,-0.12139690803477103,435,True
2012-06,2012-07,mom12_1,0.044424746147774925,435,True
2012-07,2012-08,intercept,-0.0016201343495336315,436,True
2012-07,2012-08,realized_skewness,-0.060259219373522126,436,True
2012-07,2012-08,realized_volatility,-0.17347008994833787,436,True
2012-07,2012-08,prior_month_residual_return,0.7182657818979334,436,True
2012-07,2012-08,mom12_1,0.22259450499024488,436,True
2012-08,2012-09,intercept,-0.036697872097741766,436,True
2012-08,2012-09,realized_skewness,-0.05314238412067633,436,True
2012-08,2012-09,realized_volatility,7.10564639821473,436,True
2012-08,2012-09,prior_month_residual_return,-0.3786794469925944,436,True
2012-08,2012-09,mom12_1,0.011715894372916957,436,True
2012-09,2012-10,intercept,-0.3610233345442941,437,True
2012-09,2012-10,realized_skewness,0.07826467597566003,437,True
2012-09,2012-10,realized_volatility,17.864500563019767,437,True
2012-09,2012-10,prior_month_residual_return,-0.6098127569766125,437,True
2012-09,2012-10,mom12_1,0.10023852526564933,437,True
2012-10,2012-11,intercept,-0.2090606141834717,437,True
2012-10,2012-11,realized_skewness,0.05792297571524034,437,True
2012-10,2012-11,realized_volatility,13.780658558229126,437,True
2012-10,2012-11,prior_month_residual_return,-0.6534918166985166,437,True
2012-10,2012-11,mom12_1,0.006245930328212882,437,True
2012-11,2012-12,intercept,0.14376307122778598,437,True
2012-11,2012-12,realized_skewness,-0.03291727656177121,437,True
2012-11,2012-12,realized_volatility,-3.816239342571277,437,True
2012-11,2012-12,prior_month_residual_return,-0.37396911456734866,437,True
2012-11,2012-12,mom12_1,-0.27233821959525656,437,True
2012-12,2013-01,intercept,-0.07505623656995497,437,True
2012-12,2013-01,realized_skewness,0.0629146894550777,437,True
2012-12,2013-01,realized_volatility,12.773054417985874,437,True
2012-12,2013-01,prior_month_residual_return,-0.9411565199510524,437,True
2012-12,2013-01,mom12_1,-0.09096286503280189,437,True
2013-01,2013-02,intercept,0.08020726529290956,437,True
2013-01,2013-02,realized_skewness,0.009216396017432366,437,True
2013-01,2013-02,realized_volatility,5.43269827528837,437,True
2013-01,2013-02,prior_month_residual_return,0.03649054638916148,437,True
2013-01,2013-02,mom12_1,0.2521716060731552,437,True
2013-02,2013-03,intercept,-0.001845665194627788,437,True
2013-02,2013-03,realized_skewness,0.05962313291128814,437,True
2013-02,2013-03,realized_volatility,8.300478293916274,437,True
2013-02,2013-03,prior_month_residual_return,-0.02782469778016247,437,True
2013-02,2013-03,mom12_1,-0.2449239714106555,437,True
2013-03,2013-04,intercept,0.16582869469758824,438,True
2013-03,2013-04,realized_skewness,0.02167009055744621,438,True
2013-03,2013-04,realized_volatility,1.5126169809098944,438,True
2013-03,2013-04,prior_month_residual_return,-0.09748079270318127,438,True
2013-03,2013-04,mom12_1,0.07435853109014634,438,True
2013-04,2013-05,intercept,0.11664586231246164,438,True
2013-04,2013-05,realized_skewness,0.012517130290566954,438,True
2013-04,2013-05,realized_volatility,2.5067999558759477,438,True
2013-04,2013-05,prior_month_residual_return,-0.23566552656855547,438,True
2013-04,2013-05,mom12_1,0.011162297504809278,438,True
2013-05,2013-06,intercept,0.197305161930938,438,True
2013-05,2013-06,realized_skewness,0.05072708248721993,438,True
2013-05,2013-06,realized_volatility,4.514844732070643,438,True
2013-05,2013-06,prior_month_residual_return,-0.5047769064714858,438,True
2013-05,2013-06,mom12_1,-0.16227598938803808,438,True
2013-06,2013-07,intercept,0.03989197851390996,439,True
2013-06,2013-07,realized_skewness,0.10321272950471139,439,True
2013-06,2013-07,realized_volatility,0.16955994834314564,439,True
2013-06,2013-07,prior_month_residual_return,-0.18638321826405244,439,True
2013-06,2013-07,mom12_1,-0.08976114935932328,439,True
2013-07,2013-08,intercept,0.12186082605829532,440,True
2013-07,2013-08,realized_skewness,-0.017506982475901305,440,True
2013-07,2013-08,realized_volatility,-0.5247413519024289,440,True
2013-07,2013-08,prior_month_residual_return,-1.6259829639111485,440,True
2013-07,2013-08,mom12_1,0.10210368202510221,440,True
2013-08,2013-09,intercept,0.04810307292940113,440,True
2013-08,2013-09,realized_skewness,-0.020001782957586374,440,True
2013-08,2013-09,realized_volatility,3.3554519052518788,440,True
2013-08,2013-09,prior_month_residual_return,-1.7694239746424998,440,True
2013-08,2013-09,mom12_1,0.08371746934215031,440,True
2013-09,2013-10,intercept,-0.05892299754027173,442,True
2013-09,2013-10,realized_skewness,-0.06792515452590679,442,True
2013-09,2013-10,realized_volatility,12.657522383001163,442,True
2013-09,2013-10,prior_month_residual_return,-0.0061587346462640665,442,True
2013-09,2013-10,mom12_1,0.13362795144794826,442,True
2013-10,2013-11,intercept,0.11802801324544669,442,True
2013-10,2013-11,realized_skewness,0.0035846438096437095,442,True
2013-10,2013-11,realized_volatility,0.26465086491250456,442,True
2013-10,2013-11,prior_month_residual_return,-0.5532600734779854,442,True
2013-10,2013-11,mom12_1,-0.0033400686651500915,442,True
2013-11,2013-12,intercept,0.21869050481251853,442,True
2013-11,2013-12,realized_skewness,0.005275725540770747,442,True
2013-11,2013-12,realized_volatility,-5.1207954481828954,442,True
2013-11,2013-12,prior_month_residual_return,-1.163310347303467,442,True
2013-11,2013-12,mom12_1,0.21310419654449078,442,True
2013-12,2014-01,intercept,-0.0020208770358612215,442,True
2013-12,2014-01,realized_skewness,0.005317760956599267,442,True
2013-12,2014-01,realized_volatility,9.60148887944278,442,True
2013-12,2014-01,prior_month_residual_return,-0.1836651939207214,442,True
2013-12,2014-01,mom12_1,0.1651156855085179,442,True
2014-01,2014-02,intercept,0.04032520881251949,442,True
2014-01,2014-02,realized_skewness,-0.07821060213684695,442,True
2014-01,2014-02,realized_volatility,13.137000984192337,442,True
2014-01,2014-02,prior_month_residual_return,-0.2161894733944607,442,True
2014-01,2014-02,mom12_1,0.028048213592312778,442,True
2014-02,2014-03,intercept,0.09208296346744516,442,True
2014-02,2014-03,realized_skewness,0.058601491299227905,442,True
2014-02,2014-03,realized_volatility,9.663519051152786,442,True
2014-02,2014-03,prior_month_residual_return,-1.4625908525501292,442,True
2014-02,2014-03,mom12_1,-0.21051809191517162,442,True
2014-03,2014-04,intercept,-0.24590497848806603,442,True
2014-03,2014-04,realized_skewness,0.011321233541734725,442,True
2014-03,2014-04,realized_volatility,11.512836791696735,442,True
2014-03,2014-04,prior_month_residual_return,0.1261959153611088,442,True
2014-03,2014-04,mom12_1,0.2764766898867624,442,True
2014-04,2014-05,intercept,0.1336891065373253,443,True
2014-04,2014-05,realized_skewness,0.07241928178303192,443,True
2014-04,2014-05,realized_volatility,-4.795732351568464,443,True
2014-04,2014-05,prior_month_residual_return,-1.0396414893232069,443,True
2014-04,2014-05,mom12_1,-0.032609761587648854,443,True
2014-05,2014-06,intercept,0.1875205546785907,443,True
2014-05,2014-06,realized_skewness,0.064341626130454,443,True
2014-05,2014-06,realized_volatility,-7.321532614358316,443,True
2014-05,2014-06,prior_month_residual_return,1.095233065205796,443,True
2014-05,2014-06,mom12_1,0.4254360633958424,443,True
2014-06,2014-07,intercept,0.00897347307577324,443,True
2014-06,2014-07,realized_skewness,0.06265776963710304,443,True
2014-06,2014-07,realized_volatility,5.1055284751749355,443,True
2014-06,2014-07,prior_month_residual_return,-1.0959155272588519,443,True
2014-06,2014-07,mom12_1,0.3661132995992775,443,True
2014-07,2014-08,intercept,-0.020445382075140756,445,True
2014-07,2014-08,realized_skewness,-0.03400599157788363,445,True
2014-07,2014-08,realized_volatility,16.19458815910689,445,True
2014-07,2014-08,prior_month_residual_return,-0.3442111723167599,445,True
2014-07,2014-08,mom12_1,0.11841296799849708,445,True
2014-08,2014-09,intercept,0.05470265364533322,445,True
2014-08,2014-09,realized_skewness,0.02201305344132503,445,True
2014-08,2014-09,realized_volatility,7.310776698070902,445,True
2014-08,2014-09,prior_month_residual_return,0.15244656075821508,445,True
2014-08,2014-09,mom12_1,-0.11338087853755668,445,True
2014-09,2014-10,intercept,-0.227916284198301,445,True
2014-09,2014-10,realized_skewness,0.011634138653009544,445,True
2014-09,2014-10,realized_volatility,16.802751510020073,445,True
2014-09,2014-10,prior_month_residual_return,-0.24249735828427232,445,True
2014-09,2014-10,mom12_1,0.01495147639200221,445,True
2014-10,2014-11,intercept,0.077040607555964,446,True
2014-10,2014-11,realized_skewness,0.1127700711566965,446,True
2014-10,2014-11,realized_volatility,-2.518707015847565,446,True
2014-10,2014-11,prior_month_residual_return,-0.5131693341595287,446,True
2014-10,2014-11,mom12_1,0.1468594587946743,446,True
2014-11,2014-12,intercept,-0.3928628709963369,446,True
2014-11,2014-12,realized_skewness,0.07984684634822618,446,True
2014-11,2014-12,realized_volatility,24.04484124743804,446,True
2014-11,2014-12,prior_month_residual_return,0.7117293036265331,446,True
2014-11,2014-12,mom12_1,-0.4536815759904867,446,True
2014-12,2015-01,intercept,0.02442124735166861,448,True
2014-12,2015-01,realized_skewness,0.020115551272550523,448,True
2014-12,2015-01,realized_volatility,7.76448187067399,448,True
2014-12,2015-01,prior_month_residual_return,0.01641708740855985,448,True
2014-12,2015-01,mom12_1,-0.07548629699288326,448,True
2015-01,2015-02,intercept,-0.1140589148231639,453,True
2015-01,2015-02,realized_skewness,-0.012890857839201382,453,True
2015-01,2015-02,realized_volatility,18.490278430525606,453,True
2015-01,2015-02,prior_month_residual_return,0.2768157216403774,453,True
2015-01,2015-02,mom12_1,-0.14669507017523645,453,True
2015-02,2015-03,intercept,-0.011739516749097683,453,True
2015-02,2015-03,realized_skewness,0.12681568399407853,453,True
2015-02,2015-03,realized_volatility,2.324371467381593,453,True
2015-02,2015-03,prior_month_residual_return,-1.4653238954672305,453,True
2015-02,2015-03,mom12_1,0.10772686024875017,453,True
2015-03,2015-04,intercept,0.12291583463304942,453,True
2015-03,2015-04,realized_skewness,-0.01490755105616552,453,True
2015-03,2015-04,realized_volatility,-0.6004609627211256,453,True
2015-03,2015-04,prior_month_residual_return,0.08855558693263615,453,True
2015-03,2015-04,mom12_1,0.08406104909681139,453,True
2015-04,2015-05,intercept,-0.10199467182845214,455,True
2015-04,2015-05,realized_skewness,0.08745840525574076,455,True
2015-04,2015-05,realized_volatility,10.748891027855988,455,True
2015-04,2015-05,prior_month_residual_return,-1.8281021546202045,455,True
2015-04,2015-05,mom12_1,0.3107238803102336,455,True
2015-05,2015-06,intercept,0.1462193896427815,456,True
2015-05,2015-06,realized_skewness,-0.06468951148390265,456,True
2015-05,2015-06,realized_volatility,3.733259085593861,456,True
2015-05,2015-06,prior_month_residual_return,-0.03316133972033733,456,True
2015-05,2015-06,mom12_1,0.14832066649739348,456,True
2015-06,2015-07,intercept,0.16148446253558804,456,True
2015-06,2015-07,realized_skewness,0.045202076058549465,456,True
2015-06,2015-07,realized_volatility,-2.459357771568191,456,True
2015-06,2015-07,prior_month_residual_return,-0.46290874196430554,456,True
2015-06,2015-07,mom12_1,-0.0069216335417925275,456,True
2015-07,2015-08,intercept,0.017024889977146025,457,True
2015-07,2015-08,realized_skewness,0.027276487256757503,457,True
2015-07,2015-08,realized_volatility,11.039762300873003,457,True
2015-07,2015-08,prior_month_residual_return,-1.1984430761451477,457,True
2015-07,2015-08,mom12_1,-0.10322933789572088,457,True
2015-08,2015-09,intercept,0.11500415367871517,457,True
2015-08,2015-09,realized_skewness,-0.02875301866322486,457,True
2015-08,2015-09,realized_volatility,7.9015642374360855,457,True
2015-08,2015-09,prior_month_residual_return,-0.4676100347766841,457,True
2015-08,2015-09,mom12_1,0.05215217040538332,457,True
2015-09,2015-10,intercept,-0.06459385534380564,457,True
2015-09,2015-10,realized_skewness,-0.04256225772608803,457,True
2015-09,2015-10,realized_volatility,4.907995909444807,457,True
2015-09,2015-10,prior_month_residual_return,-0.305179917567104,457,True
2015-09,2015-10,mom12_1,-0.0877110672791125,457,True
2015-10,2015-11,intercept,-0.19343209532483277,458,True
2015-10,2015-11,realized_skewness,0.0024020936569072505,458,True
2015-10,2015-11,realized_volatility,11.53437752923281,458,True
2015-10,2015-11,prior_month_residual_return,-1.6424309912080055,458,True
2015-10,2015-11,mom12_1,-0.04724340908234475,458,True
2015-11,2015-12,intercept,-0.018179928390628822,459,True
2015-11,2015-12,realized_skewness,-0.012319477637573793,459,True
2015-11,2015-12,realized_volatility,4.526427431120922,459,True
2015-11,2015-12,prior_month_residual_return,-0.16537939807656798,459,True
2015-11,2015-12,mom12_1,-0.13232789804027076,459,True
2015-12,2016-01,intercept,-0.06361399479775708,459,True
2015-12,2016-01,realized_skewness,0.015572346370390908,459,True
2015-12,2016-01,realized_volatility,9.921410459363434,459,True
2015-12,2016-01,prior_month_residual_return,-0.19958092555192772,459,True
2015-12,2016-01,mom12_1,-0.1581721674370578,459,True
2016-01,2016-02,intercept,0.06828371124258446,459,True
2016-01,2016-02,realized_skewness,-0.03211666557595962,459,True
2016-01,2016-02,realized_volatility,-0.1448843316453155,459,True
2016-01,2016-02,prior_month_residual_return,0.3356545500577319,459,True
2016-01,2016-02,mom12_1,0.08543218785707726,459,True
2016-02,2016-03,intercept,0.23618799183059364,459,True
2016-02,2016-03,realized_skewness,-0.06731996884236102,459,True
2016-02,2016-03,realized_volatility,-4.660650642861611,459,True
2016-02,2016-03,prior_month_residual_return,-0.9946974321742037,459,True
2016-02,2016-03,mom12_1,0.13743352515044568,459,True
2016-03,2016-04,intercept,-0.17852652223229698,459,True
2016-03,2016-04,realized_skewness,0.012442934639259166,459,True
2016-03,2016-04,realized_volatility,7.679029293957996,459,True
2016-03,2016-04,prior_month_residual_return,-0.7154957512471729,459,True
2016-03,2016-04,mom12_1,0.10236546322855002,459,True
