scope,sector,long_exposure_time_corr,short_exposure_time_corr
POOLED,0050,0.8071060020352698,
POOLED,1050,-0.05696577318334907,-0.24232304354647033
POOLED,2050,0.05940827665441672,-0.18504867897395397
POOLED,3050,0.26062212706642635,-0.3637201042891126
POOLED,3100,-0.3613497101553715,-0.16124235702592454
POOLED,3150,-0.39544343081004324,-0.12631078492284056
POOLED,3200,-0.3672946797437066,-0.38954729900050356
POOLED,3250,-0.5128634441856257,-0.21860895824393425
POOLED,3300,0.07976826270713808,-0.6230921020556843
POOLED,3350,-0.19907129821382882,-0.23329646297657142
POOLED,3400,-0.08088473154978779,-0.3571012651564558
POOLED,3450,-0.7405088629291829,-0.5144489391168573
POOLED,3500,-0.1469780370423478,0.027904767330112157
POOLED,3550,-0.31891465891201376,-0.4111785706609015
POOLED,3600,-0.5134914803330067,-0.5907097558392739
POOLED,3650,-0.11921349928088537,-0.5645780235954898
POOLED,3700,-0.1891084480055047,-0.1907666434905038
POOLED,3750,0.0547668862333082,-0.24574950263626433
POOLED,3800,-0.41146760277938216,-0.668042461773505
POOLED,4050,-0.01616700193784407,0.2674220840497801
POOLED,5050,-0.4148082288046394,-0.18798197061459532
POOLED,5100,-0.27486884554028673,-0.1526951982072654
POOLED,5150,,0.055634718962997744
POOLED,5200,-0.2364018014718018,
POOLED,5250,-0.2959177903187765,-0.5762598745729408
POOLED,6050,0.33149944747081617,-0.49340762353304796
POOLED,6100,-0.43646598438521633,-0.3791866871261752
POOLED,7050,-0.05594308365312249,0.1952893470179205
POOLED,7100,-0.2479957083600822,-0.5744794585653363
POOLED,7150,0.30087551368566284,0.19049007095661927
POOLED,7200,0.3105661317556144,-0.0605676470179526
POOLED,8050,0.10255972608429625,-0.21299756821531632
POOLED,9050,-0.458902435222166,-0.1632742590040035
EX2016,0050,0.8597358099873533,
EX2016,1050,-0.05997294210681337,-0.24168870726451372
EX2016,2050,0.033970310919230216,-0.18444276510595087
EX2016,3050,0.28746023372630586,-0.32937007934242296
EX2016,3100,-0.36166637543793984,-0.22802510135028586
EX2016,3150,-0.3893445667955297,-0.23092995374926628
EX2016,3200,-0.3680304678632154,-0.3919610479231692
EX2016,3250,-0.5045844192824901,-0.1749169809951921
EX2016,3300,-0.02182483534697038,-0.6708389348267421
EX2016,3350,-0.3056458581238789,-0.18048801935593478
EX2016,3400,-0.11103919424707254,-0.39127116835484227
EX2016,3450,-0.7576792038771791,-0.6080295448904792
EX2016,3500,-0.13751785849124895,0.16220558349712974
EX2016,3550,-0.3007156977738928,-0.4375893697839734
EX2016,3600,-0.5040667782781094,-0.6072322092017417
EX2016,3650,-0.1097357306006184,-0.5598118718862249
EX2016,3700,-0.12954125919942105,-0.18124189950454292
EX2016,3750,0.09631379791639211,-0.232533186703838
EX2016,3800,-0.34646968164129965,-0.654494678560749
EX2016,4050,-0.01949689817054069,0.21573704138449948
EX2016,5050,-0.27495750393972623,-0.18325094689401056
EX2016,5100,-0.2680995519087066,0.01624736668955142
EX2016,5150,,0.0778779307098475
EX2016,5200,-0.21814020030760364,
EX2016,5250,-0.2772202818583925,-0.6623508686337675
EX2016,6050,0.419566148369513,-0.48451950497848595
EX2016,6100,-0.47554777759754974,-0.3484308585816775
EX2016,7050,0.09445574047022401,0.35350069588978816
EX2016,7100,-0.233818771618088,-0.6514079287770397
EX2016,7150,0.31749111923119344,0.13057250881157959
EX2016,7200,0.3361867463370549,-0.05812618741011686
EX2016,8050,0.08444092308942537,-0.1834042435291573
EX2016,9050,-0.422055087624414,-0.20036007028218228
2011,0050,,
2011,1050,,0.8191981177979968
2011,2050,-0.37553417979913456,-0.30792868177617616
2011,3050,-0.1844522747518482,-0.7082085642109448
2011,3100,0.2328985076412966,-0.0814753146763552
2011,3150,-0.17784438605659775,0.7983331636861464
2011,3200,0.28780326433351444,-0.08280457207992423
2011,3250,0.0017972311627559813,-0.8369289359749637
2011,3300,,0.16710039964287723
2011,3350,-0.4804050422361127,0.43934780646740756
2011,3400,-0.6694863674357917,0.07783593393859355
2011,3450,-0.6007674914911093,-0.14618699883329023
2011,3500,-0.43031222857892926,-0.6734667807947927
2011,3550,0.14440379404354323,-0.4230934131838639
2011,3600,-0.37557990122461143,-0.6020338845532621
2011,3650,-0.20543808601571126,-0.8910284423370811
2011,3700,-0.7627245298070057,-0.2996150531558636
2011,3750,0.1340268209545065,0.03077264298728439
2011,3800,0.530636327576355,-0.5746223105525615
2011,4050,,-0.5700848646219794
2011,5050,-0.39528997237694896,-0.44229811325949836
2011,5100,-0.6039448359158806,-0.12989413910121575
2011,5150,,-0.2693152675183949
2011,5200,-0.5765092746661179,
2011,5250,-0.4575537749418124,-0.6951984147355869
2011,6050,0.5656284781853292,-0.218363322228858
2011,6100,-0.44049602060967935,-0.2825374563325941
2011,7050,0.0034455738178096706,0.5479891902044006
2011,7100,-0.7000296055449077,-0.6262490726578509
2011,7150,0.6826960780460531,-0.20397654937765983
2011,7200,0.7042649255161282,0.6798684965443597
2011,8050,-0.17587990896035552,-0.3428343592461965
2011,9050,-0.6943779468525181,-0.6562173759632249
2012,0050,,
2012,1050,,-0.439698373681577
2012,2050,-0.47299578143119786,-0.16315849468030727
2012,3050,-0.7676202491305802,0.6169366265477012
2012,3100,0.7093781415766797,-0.09040569884815677
2012,3150,-0.3430068531209588,-0.19449766143274813
2012,3200,0.6350551886528623,-0.6949584409408798
2012,3250,-0.7497438800540629,0.7712517930708034
2012,3300,,-0.3567732602798003
2012,3350,-0.3690777345696308,-0.41877178181609237
2012,3400,-0.5531544561509897,-0.6975691475832805
2012,3450,-0.35956158411332245,-0.4052463567006036
2012,3500,,0.5398964442264951
2012,3550,0.14286882475712664,-0.08476942919626276
2012,3600,-0.679806025744733,0.553458511459901
2012,3650,-0.7951025821400274,0.2715163624575983
2012,3700,-0.5469407349414233,-0.4487661250014929
2012,3750,0.05471587565519347,0.11904316416594714
2012,3800,-0.09017663417149448,-0.6682639625162321
2012,4050,0.45252391460298935,-0.5496977559166363
2012,5050,0.36909986747486345,-0.07678292937254971
2012,5100,,-0.12765990786855066
2012,5150,,0.10999596362162133
2012,5200,0.5878194745569649,
2012,5250,-0.23154937162424566,-0.25768598579728186
2012,6050,-0.5362946214829732,0.10132474093417941
2012,6100,-0.781849379783024,0.6231047046810003
2012,7050,0.8165925964109576,-0.17969037066147495
2012,7100,,-0.865853445761951
2012,7150,,0.4573336721707281
2012,7200,-0.10318763681336392,0.26557290760428937
2012,8050,0.20831491052239262,-0.661097708284915
2012,9050,0.2946405532452701,0.247608797883796
2013,0050,,
2013,1050,,-0.3589525551086911
2013,2050,-0.15018120894643391,-0.7468393514479241
2013,3050,0.8021687000434565,0.18525630444233385
2013,3100,-0.18157580520454134,0.9999999999999998
2013,3150,,-0.30176738858928626
2013,3200,0.5173664551792067,-0.18152644134809456
2013,3250,-0.29455305309888663,-0.32045066904513664
2013,3300,,0.44773643389986467
2013,3350,0.6921245779396473,0.7161088399065733
2013,3400,0.9999999999999998,-0.7457606471435422
2013,3450,-0.4058103915878632,0.26478365351096766
2013,3500,,0.42413616645993135
2013,3550,-0.6237469839172696,0.6889649082415726
2013,3600,0.3090594761873642,0.06771047459527994
2013,3650,0.5971481897926486,0.2518334574959997
2013,3700,-0.1798561201834741,-0.647345129139855
2013,3750,0.6859563477117995,0.5882873092684721
2013,3800,0.8266912295634039,-0.1778702643915012
2013,4050,-0.28432994247574045,0.31989281219149823
2013,5050,-0.5658516338892875,-0.46904004697132673
2013,5100,,0.850155525145667
2013,5150,,-0.4192889820099239
2013,5200,,
2013,5250,0.08207729255538206,0.8003087691885258
2013,6050,0.9410856790952129,0.6686456671753831
2013,6100,-0.1724561458252099,-0.5184174157020784
2013,7050,0.09309274156728829,0.6764257279830084
2013,7100,,0.359437590947782
2013,7150,,0.778628080396003
2013,7200,0.32528320746222533,-0.37660116885790723
2013,8050,0.2472730625211758,-0.06453655812715857
2013,9050,0.02101559855894616,0.3641639013657686
2014,0050,0.7111934781881717,
2014,1050,,0.8861327950877517
2014,2050,0.167981650266109,-0.019359666517959062
2014,3050,-0.4617673291304244,-0.3095443418019568
2014,3100,0.2648368403600565,0.8840192566401165
2014,3150,,0.3570575608756103
2014,3200,-0.73583508600027,0.013716430582650627
2014,3250,0.3882364465680443,-0.3097624408150978
2014,3300,,-0.5033259203661223
2014,3350,0.6072916182131332,-0.21883607041805497
2014,3400,0.8861327950877516,-0.21040905068229507
2014,3450,0.055954656102674846,0.8382050472356211
2014,3500,-0.849064474587748,0.07424159444378026
2014,3550,0.12587569421844727,0.16455626053585265
2014,3600,0.3362236710800237,0.31109379959774025
2014,3650,-0.4294303704118511,-0.6278618524773657
2014,3700,0.09127579486803203,0.02768986940156921
2014,3750,-0.2890549920889067,0.07678719398300385
2014,3800,0.9999999999999999,-0.40269876712618974
2014,4050,-0.4851423377954283,0.034632411784058424
2014,5050,0.16374170788632267,0.481998031485838
2014,5100,,-0.40223001873652253
2014,5150,,0.1813845544322378
2014,5200,,
2014,5250,-0.18834738227760445,0.2698096452576038
2014,6050,-0.33784485093217964,-0.734177678576359
2014,6100,0.35529039535805423,0.3863626235452937
2014,7050,0.4485914504600003,0.3990130110121617
2014,7100,0.2261477266909938,-0.8620079508730203
2014,7150,-0.6871460099578277,-0.4321706267984331
2014,7200,0.5125348275613334,-0.8744120398109352
2014,8050,0.27296986501790044,-0.6266624061011832
2014,9050,-0.2946731194679768,0.05457674296323563
2015,0050,-0.5596493727387374,
2015,1050,,-0.7949751567140376
2015,2050,0.053832430807809875,0.10106346086262002
2015,3050,-0.5382827366024752,-0.07085508867865847
2015,3100,-0.7743708335761156,0.8719950627578085
2015,3150,,-0.5883553407979579
2015,3200,0.5557529992647184,-0.1633605247081948
2015,3250,-0.08054806943977592,-0.2470846085895661
2015,3300,0.7889390068776302,0.1694471258572043
2015,3350,-0.5981831295000682,-0.20951111281235119
2015,3400,-0.22578337153749742,-0.28524187488816516
2015,3450,0.061259431670574835,-0.8957159824434764
2015,3500,-0.6569187739028878,-0.4743757019938036
2015,3550,0.7541203374909294,0.09209236704998272
2015,3600,-0.885310718875869,0.5321747272628553
2015,3650,-0.8854063050351874,-0.8102375396884731
2015,3700,-0.0482600314249449,-0.6568308904637142
2015,3750,-0.5907185121168146,-0.5548380821904212
2015,3800,-0.35638202019870463,-0.47147759938073447
2015,4050,0.3079386825230221,-0.5696820085476041
2015,5050,-0.455561198678382,0.2753108545736986
2015,5100,,0.6156217331122533
2015,5150,,-0.24567285415642542
2015,5200,-0.817785337835617,
2015,5250,0.7422429444718743,-0.3091723121516206
2015,6050,-0.6046612096285701,-0.36150179169352714
2015,6100,-0.8242298685065776,-0.5591856415699558
2015,7050,0.4703122846111209,0.08735982491800864
2015,7100,-0.36267227463529467,0.8479323108375914
2015,7150,,-0.4918106541671284
2015,7200,0.05861143200672582,-0.3039242505666254
2015,8050,-0.3010687034321593,0.3839685872556592
2015,9050,-0.21856992859263438,-0.26066345394015306
2016,0050,-0.9031195934094222,
2016,1050,,
2016,2050,-0.05318927168464888,-0.7412939938712856
2016,3050,0.184136391845642,-0.11120289808463538
2016,3100,,
2016,3150,,
2016,3200,-0.4394612379474581,-0.6480707933856068
2016,3250,-0.09335119208739819,0.07861208345850378
2016,3300,,-0.7755354736072234
2016,3350,-0.014515625550682814,
2016,3400,-0.2009955322539653,-0.70251544201806
2016,3450,0.3214707841244562,9.518295027355878e-16
2016,3500,-0.5688088795301292,-0.4655736561594172
2016,3550,-0.15666023517321104,
2016,3600,-0.3864269142251804,0.5191755775871647
2016,3650,-0.24637743146866176,-0.3842028804070464
2016,3700,-0.804465446996501,-0.8308239433202648
2016,3750,,0.18106487109766264
2016,3800,-1.2982562451749553e-16,0.12646274113427675
2016,4050,0.0673599820869348,-0.28553205437931234
2016,5050,-0.5502573197096439,-0.7146564593586852
2016,5100,,-0.520343183175636
2016,5150,,0.5099114117700766
2016,5200,,
2016,5250,0.33769231549283246,-0.4192213591579513
2016,6050,0.48279377512049454,
2016,6100,0.0009248908201200832,0.1683708580563802
2016,7050,-0.9464275704701934,-0.7858969679790198
2016,7100,-0.4553431655070534,
2016,7150,,-1.3025097106077553e-16
2016,7200,,
2016,8050,0.2126050160676903,-0.682869675140791
2016,9050,0.08028926598831157,0.034938494851410505
