Date,corr_ncmom20_own_rs60_spearman,corr_ncmom20_sn1_spearman
2024-01-04,-0.03644656380625642,0.39180056091725646
2024-01-05,0.15945371665237182,0.44647040662664117
2024-01-09,0.24145848521644878,0.5193635342391539
2024-01-10,0.25057012616801283,0.5558100980454104
2024-01-11,0.3416865356836539,0.33713071520787186
2024-01-12,0.49202861138446163,-0.06378148666094874
2024-01-15,0.5375868161422822,-0.01822328190312821
2024-01-16,0.5011402523360257,-0.027334922854692318
2024-01-17,0.49202861138446163,0.06378148666094874
2024-01-18,0.25968176711957697,0.1640095371281539
2024-01-19,0.3416865356836539,0.15489789617658978
2024-01-22,0.10022805046720515,0.2004561009344103
2024-01-23,0.4738053294813334,0.13667461427346156
2024-01-24,0.5011402523360257,-0.07289312761251283
2024-01-25,0.4236913042477309,-0.13667461427346156
2024-01-26,0.2870166899742693,-0.09111640951564104
2024-01-29,0.346242356159436,-0.09111640951564104
2024-01-30,-0.03189074333047437,0.009111640951564104
2024-01-31,-0.08200476856407694,0.03644656380625642
2024-02-01,-0.3416865356836539,0.04555820475782052
2024-02-02,-0.009111640951564104,-0.173121178079718
2024-02-05,0.12756297332189748,-0.173121178079718
2024-02-06,0.0,-0.21867938283753854
2024-02-07,-0.15945371665237182,-0.24601430569223082
2024-02-08,-0.4965844318602437,-0.24601430569223082
2024-02-09,-0.6241474051821412,-0.173121178079718
2024-02-13,-0.4373587656750771,-0.14578625522502567
2024-02-14,-0.3052399718773975,-0.14578625522502567
2024-02-15,-0.4009122018688206,-0.173121178079718
2024-02-16,-0.350798176635218,-0.3006841514016155
2024-02-19,-0.4009122018688206,-0.30979579235317956
2024-02-20,-0.5558100980454104,-0.28246086949848725
2024-02-21,-0.4555820475782052,-0.346242356159436
2024-02-22,-0.8564942494470259,-0.1640095371281539
2024-02-26,-0.5603659185211924,-0.1913444599828462
2024-02-27,-0.4419145861508591,-0.2733492285469231
2024-02-28,-0.39180056091725646,-0.3280190742563078
2024-02-29,-0.18223281903128208,-0.3280190742563078
2024-03-01,-0.2870166899742693,-0.29157251045005134
2024-03-04,-0.3006841514016155,-0.346242356159436
2024-03-05,-0.31890743330474364,-0.173121178079718
2024-03-06,-0.2961283309258334,0.09111640951564104
2024-03-07,-0.5102518932875899,-0.027334922854692318
2024-03-08,-0.4738053294813334,-0.1640095371281539
2024-03-11,-0.5102518932875899,-0.13667461427346156
2024-03-12,0.02277910237891026,0.3280190742563078
2024-03-13,0.07744894808829489,0.09111640951564104
2024-03-14,-0.15489789617658978,0.24601430569223082
2024-03-15,-0.14578625522502567,0.346242356159436
2024-03-18,0.10933969141876927,0.2277910237891026
2024-03-19,0.04100238428203847,0.4555820475782052
2024-03-21,0.06378148666094874,0.3553539971110001
2024-03-22,-0.0956722299914231,-0.027334922854692318
2024-03-25,-0.21867938283753854,0.11845133237033335
2024-03-26,0.004555820475782052,0.20956774188597443
2024-03-27,-0.013667461427346159,0.027334922854692318
2024-03-28,0.03644656380625642,0.173121178079718
2024-03-29,0.04100238428203847,-0.13667461427346156
2024-04-01,0.4054680223446026,-0.1640095371281539
2024-04-02,0.3234632537805257,-0.08200476856407694
2024-04-03,0.25057012616801283,0.11845133237033335
2024-04-04,0.3553539971110001,0.054669845709384636
2024-04-05,0.4601378680539873,0.054669845709384636
2024-04-08,0.3143516128289616,0.09111640951564104
2024-04-09,0.050114025233602574,0.18223281903128208
2024-04-10,0.004555820475782052,-0.027334922854692318
2024-04-11,0.2687934080711411,0.10022805046720515
2024-04-12,0.33713071520787186,0.2277910237891026
2024-04-15,0.33257489473208984,0.15489789617658978
2024-04-16,0.4965844318602437,0.15489789617658978
2024-04-17,0.5740333799485386,0.14578625522502567
2024-04-18,0.6651497894641797,0.12756297332189748
2024-04-19,0.4965844318602437,0.10022805046720515
2024-04-22,0.6423706870852695,0.04555820475782052
2024-04-23,0.5603659185211924,0.009111640951564104
2024-04-24,0.39180056091725646,0.11845133237033335
2024-04-25,0.5330309956665001,0.11845133237033335
2024-04-26,0.610479943754795,0.173121178079718
2024-04-30,0.5603659185211924,0.009111640951564104
2024-05-01,0.26423758759535904,-0.18223281903128208
2024-05-02,0.25512594664379495,-0.2277910237891026
2024-05-07,0.20501192141019234,-0.21867938283753854
2024-05-08,0.4738053294813334,-0.2277910237891026
2024-05-09,0.49202861138446163,-0.2369026647406667
2024-05-10,0.36902145853834617,-0.26423758759535904
2024-05-13,0.5649217389969745,-0.2733492285469231
2024-05-14,0.33257489473208984,-0.18223281903128208
2024-05-15,0.15945371665237182,-0.15489789617658978
2024-05-16,0.2779050490227052,-0.13667461427346156
2024-05-17,0.21867938283753854,-0.11845133237033335
2024-05-20,0.08200476856407694,-0.12756297332189748
2024-05-21,0.2277910237891026,-0.14578625522502567
2024-05-22,0.25968176711957697,-0.13667461427346156
2024-05-23,0.25968176711957697,-0.2004561009344103
2024-05-24,0.22323520331332058,-0.09111640951564104
2024-05-27,-0.009111640951564104,-0.10933969141876927
2024-05-28,0.009111640951564104,-0.29157251045005134
2024-05-29,0.050114025233602574,-0.20956774188597443
2024-05-30,-0.054669845709384636,0.054669845709384636
2024-05-31,0.1640095371281539,0.10022805046720515
2024-06-03,0.18223281903128208,0.12756297332189748
2024-06-04,0.027334922854692318,0.173121178079718
2024-06-05,0.03644656380625642,0.07289312761251283
2024-06-06,-0.07289312761251283,0.08200476856407694
2024-06-07,-0.14578625522502567,0.08200476856407694
2024-06-10,-0.05922566618516668,0.054669845709384636
2024-06-11,0.1913444599828462,-0.06378148666094874
2024-06-12,-0.21867938283753854,0.0
2024-06-13,-0.2277910237891026,0.01822328190312821
2024-06-14,-0.03644656380625642,0.03644656380625642
2024-06-17,-0.22323520331332058,0.01822328190312821
2024-06-18,-0.004555820475782052,0.0
2024-06-19,-0.06378148666094874,0.0
2024-06-20,-0.20501192141019234,-0.054669845709384636
2024-06-21,0.03644656380625642,0.0
2024-06-24,0.03189074333047437,-0.01822328190312821
2024-06-25,0.050114025233602574,-0.07289312761251283
2024-06-26,-0.02277910237891026,-0.054669845709384636
2024-06-27,-0.027334922854692318,-0.25512594664379495
2024-06-28,0.25512594664379495,-0.027334922854692318
2024-07-01,-0.06378148666094874,0.01822328190312821
2024-07-02,-0.04100238428203847,-0.11845133237033335
2024-07-03,0.2687934080711411,-0.3826889199656924
2024-07-04,0.2961283309258334,-0.346242356159436
2024-07-05,0.48291697043289755,-0.11845133237033335
2024-07-08,0.1913444599828462,-0.09111640951564104
2024-07-09,0.4009122018688206,-0.25512594664379495
2024-07-10,0.15034207570080774,-0.4373587656750771
2024-07-11,0.1138955118945513,-0.4738053294813334
2024-07-12,0.4236913042477309,-0.4100238428203847
2024-07-16,0.3963563813930385,-0.4100238428203847
2024-07-17,0.35990981758678214,-0.4555820475782052
2024-07-18,0.2870166899742693,-0.41913548377194887
2024-07-19,0.18678863950706415,-0.41913548377194887
2024-07-22,-0.05922566618516668,-0.3006841514016155
2024-07-23,0.10933969141876927,-0.13667461427346156
2024-07-24,0.2277910237891026,-0.1640095371281539
2024-07-25,0.33257489473208984,-0.4646936885297694
2024-07-26,0.2323468442648847,-0.31890743330474364
2024-07-29,-0.03644656380625642,-0.10933969141876927
2024-07-30,0.05922566618516668,0.009111640951564104
2024-07-31,0.1138955118945513,-0.01822328190312821
2024-08-01,-0.1913444599828462,0.06378148666094874
2024-08-02,0.31890743330474364,-0.07289312761251283
2024-08-05,0.20956774188597443,0.0956722299914231
2024-08-06,0.4145796632961667,0.17767699855550004
2024-08-07,0.4054680223446026,0.15034207570080774
2024-08-08,0.7243754556493462,0.07744894808829489
2024-08-09,0.692484712318872,0.15945371665237182
2024-08-13,0.605924123279013,0.18678863950706415
2024-08-14,0.3781330994899103,0.050114025233602574
2024-08-15,0.523919354714936,0.15034207570080774
2024-08-16,0.5193635342391539,0.05922566618516668
2024-08-19,0.6241474051821412,0.06833730713673078
2024-08-20,0.6332590461337052,-0.004555820475782052
2024-08-21,0.6970405327946539,0.050114025233602574
2024-08-22,0.615035764230577,-0.013667461427346159
2024-08-23,0.610479943754795,-0.004555820475782052
2024-08-26,0.48291697043289755,0.18678863950706415
2024-08-27,0.39180056091725646,0.03189074333047437
2024-08-28,0.4100238428203847,-0.06833730713673078
2024-08-29,0.4236913042477309,-0.18678863950706415
2024-08-30,0.4373587656750771,-0.2687934080711411
2024-09-02,0.4510262271024232,-0.25057012616801283
2024-09-03,0.6605939689883975,-0.15945371665237182
2024-09-04,0.5603659185211924,-0.086560589039859
2024-09-05,0.5102518932875899,0.3143516128289616
2024-09-06,0.24601430569223082,0.16856535760393593
2024-09-09,0.3826889199656924,0.16856535760393593
2024-09-10,0.6514823280368335,0.3872447404414744
2024-09-11,0.21412356236175648,0.2870166899742693
2024-09-12,0.18678863950706415,0.2779050490227052
2024-09-13,0.2961283309258334,0.4783611499571155
2024-09-17,0.2961283309258334,0.4692495090055514
2024-09-18,0.3872447404414744,0.4510262271024232
2024-09-19,0.07744894808829489,0.15945371665237182
2024-09-20,0.18678863950706415,0.4874727909086796
2024-09-24,0.18678863950706415,0.4236913042477309
2024-09-25,0.05922566618516668,0.12300715284611541
2024-09-26,0.3052399718773975,0.21412356236175648
2024-09-27,0.12756297332189748,0.14123043474924363
2024-09-30,0.44647040662664117,0.4965844318602437
2024-10-01,0.4419145861508591,0.5512542775696284
2024-10-02,0.4646936885297694,0.514807713763372
2024-10-03,0.33713071520787186,0.15945371665237182
2024-10-04,0.3052399718773975,0.10478387094298722
2024-10-07,-0.086560589039859,-0.15945371665237182
2024-10-08,-0.16856535760393593,0.013667461427346159
2024-10-09,-0.05922566618516668,0.19590028045862823
2024-10-10,0.05922566618516668,0.07744894808829489
2024-10-11,0.1138955118945513,0.13211879379767952
2024-10-15,-0.05922566618516668,0.14123043474924363
2024-10-16,0.05922566618516668,0.21412356236175648
2024-10-17,0.3416865356836539,0.2961283309258334
2024-10-18,-0.04555820475782052,0.5421426366180642
2024-10-21,-0.09111640951564104,0.36902145853834617
2024-10-22,-0.13211879379767952,0.10478387094298722
2024-10-23,0.3143516128289616,0.2323468442648847
2024-10-24,0.350798176635218,0.25057012616801283
2024-10-25,0.19590028045862823,0.3234632537805257
2024-10-28,0.33713071520787186,0.06833730713673078
2024-10-29,-0.09111640951564104,0.15945371665237182
2024-10-30,-0.25512594664379495,-0.14123043474924363
2024-10-31,-0.24145848521644878,0.13211879379767952
2024-11-01,-0.06378148666094874,0.2870166899742693
2024-11-05,-0.054669845709384636,0.20501192141019234
2024-11-06,-0.2004561009344103,0.16856535760393593
2024-11-07,-0.4100238428203847,0.004555820475782052
2024-11-08,-0.4328029451992949,-0.02277910237891026
2024-11-11,-0.10022805046720515,-0.25968176711957697
2024-11-12,-0.1138955118945513,-0.2687934080711411
2024-11-13,-0.33257489473208984,-0.2323468442648847
2024-11-14,-0.24145848521644878,-0.2961283309258334
2024-11-15,-0.24145848521644878,-0.13211879379767952
2024-11-18,-0.4965844318602437,-0.3963563813930385
2024-11-19,-0.4054680223446026,-0.4419145861508591
2024-11-20,-0.4054680223446026,-0.4419145861508591
2024-11-21,-0.10478387094298722,-0.20501192141019234
2024-11-22,-0.20501192141019234,-0.350798176635218
2024-11-25,-0.12300715284611541,-0.4054680223446026
2024-11-26,-0.1138955118945513,-0.4145796632961667
2024-11-27,-0.1138955118945513,-0.4145796632961667
2024-11-28,0.01822328190312821,-0.514807713763372
2024-11-29,-0.08200476856407694,-0.523919354714936
2024-12-02,0.3781330994899103,-0.2779050490227052
2024-12-03,0.13667461427346156,-0.3872447404414744
2024-12-04,0.11845133237033335,-0.3781330994899103
2024-12-05,-0.009111640951564104,-0.4054680223446026
2024-12-06,0.4874727909086796,-0.35990981758678214
2024-12-09,0.4601378680539873,-0.2779050490227052
2024-12-10,0.06378148666094874,-0.5877008413758847
2024-12-11,-0.21867938283753854,-0.6605939689883975
2024-12-12,-0.14578625522502567,-0.5603659185211924
2024-12-13,-0.027334922854692318,-0.5968124823274489
2024-12-16,-0.20956774188597443,-0.615035764230577
2024-12-17,-0.15489789617658978,-0.5056960728118078
2024-12-18,-0.22323520331332058,-0.5603659185211924
2024-12-19,-0.12300715284611541,-0.5603659185211924
2024-12-20,-0.24145848521644878,-0.6241474051821412
2024-12-23,-0.2870166899742693,-0.5785892004243206
2024-12-24,-0.33257489473208984,-0.4510262271024232
2024-12-25,-0.16856535760393593,-0.086560589039859
2024-12-26,-0.2779050490227052,-0.06833730713673078
2024-12-27,-0.2687934080711411,-0.14123043474924363
2024-12-30,-0.07744894808829489,-0.14123043474924363
