strategy,scope,mean_rank_autocorrelation,mean_quintile_retention,average_tail_holding_spell,median_tail_holding_spell,spells,right_censored_spells
SECTOR_CONFIRM,POOLED,0.9925008483165793,0.9266368932471228,23.586665343784105,12.0,10079,179
SECTOR_CONFIRM,2011,0.9924461804401672,0.9233385065518758,24.96013951170902,13.0,2007,0
SECTOR_CONFIRM,2012,0.9913561011401698,0.9233800666829862,24.444809769844998,12.0,2129,0
SECTOR_CONFIRM,2013,0.993002134305553,0.9300714796275412,27.243927125506072,15.0,1976,0
SECTOR_CONFIRM,2014,0.9926130688232884,0.9281067451595792,26.873272987136733,13.0,2099,0
SECTOR_CONFIRM,2015,0.9931628664745856,0.9306608017534099,28.040588533739218,15.0,1971,18
SECTOR_CONFIRM,2016,0.9922587101332405,0.9171215168055156,23.47667638483965,15.0,686,179
SHORT_DISAGREE_VETO,POOLED,0.9941720134570121,0.9256592574194863,25.150791974656812,13.0,9470,179
SHORT_DISAGREE_VETO,2011,0.9940119019203995,0.9238420327528138,26.638364779874212,14.0,1908,0
SHORT_DISAGREE_VETO,2012,0.9938586347677458,0.9201611046476891,26.739174219536757,14.0,1986,0
SHORT_DISAGREE_VETO,2013,0.9943026077809929,0.927631100173096,28.199689601655457,16.0,1933,0
SHORT_DISAGREE_VETO,2014,0.9938948229488717,0.9290594741961444,29.59662980516061,16.0,1899,0
SHORT_DISAGREE_VETO,2015,0.9947804161251687,0.9276907050842538,29.264170566822674,16.0,1923,25
SHORT_DISAGREE_VETO,2016,0.9942416829062548,0.9256679115196784,25.880191693290733,17.0,626,179
MOM60,POOLED,0.9966429977337631,0.9239615881557465,24.794735746982937,14.0,9612,175
MOM60,2011,0.9964651974964175,0.9213451981537508,26.62088772845953,14.0,1915,0
MOM60,2012,0.9964713754722371,0.9218531217794889,26.490981963927855,15.0,1996,0
MOM60,2013,0.9966013935071732,0.9241035173061098,26.745553359683793,15.0,2024,0
MOM60,2014,0.9968990445588514,0.9275090678606116,29.170706006322444,17.0,1898,0
MOM60,2015,0.9968100265059106,0.9256066364369444,28.370992366412214,16.0,1965,25
MOM60,2016,0.9965268971666538,0.9216460787130134,26.468599033816425,17.0,621,175
