strategy,scope,days,gross_sharpe,net_sharpe,net_all_cost_sharpe,rankic,rankic_t_hac5,rankic_hit,rankic_days,annual_gross,annual_net,annual_cost,annual_cost_all,turnover,max_drawdown_additive,max_drawdown_compound,annual_long,annual_short,period_gross,period_net,period_cost,label_coverage,q_monotonicity,q1_daily_return,q2_daily_return,q3_daily_return,q4_daily_return,q5_daily_return,annual_long_net,annual_long_cost,annual_long_cost_all,long_turnover,long_net_sharpe,annual_short_net,annual_short_cost,annual_short_cost_all,short_turnover,short_net_sharpe,max_drawdown
SLOW_CONTROL,2008,39,-0.8027933996205251,-1.2696295484650235,-1.2839099312995677,-0.0057183957304596,-0.7103439440260836,0.4871794871794871,39,-0.0297260984163295,-0.0457529572630137,0.0160268588466841,0.0165305653439558,0.0655974815236344,-0.0148497345340096,-0.0148069479023356,0.1352075113208113,-0.1649336097371409,-0.004600467612051,-0.007080814814514,0.002480347202463,0.9869850286580794,0.1999999999999999,0.001323908224883,0.0013533112567227,-9.912678121026724e-05,0.000202869386455,0.001512342430965,0.1269924343034515,0.0082150770173598,0.0084669302659956,0.033598929626967,1.278516179480587,-0.1727453915664653,0.0078117818293243,0.0080636350779601,0.0319985518966674,-1.5606521837601846,-0.0148069479023356
SLOW_CONTROL,2009,243,1.6360959961073138,1.5197068088953316,1.51314998890509,0.002689054744952,0.3548203161851949,0.5061728395061729,243,0.0786824604312932,0.0730480677288787,0.0056343927024144,0.0059515918178152,0.0236174278484733,-0.0390020189915345,-0.0385172947520147,0.0923071721648471,-0.0136247117335538,0.075872372558747,0.070439208167133,0.0054331643916139,0.9932648721659164,0.8999999999999998,5.466325460913859e-05,0.0002147138205655,0.0006575231366918,0.0009032311304061,0.0006709534882881,0.0898419502736619,0.0024652218911851,0.0027763635472574,0.01101731566372,1.6955847533872694,-0.0167938825447832,0.0031691708112293,0.0031752282705578,0.0126001121847533,-0.2840580625480743,-0.0385172947520147
SLOW_CONTROL,2010,245,1.980613508560351,1.9015954448159336,1.8889145695622072,0.0062600456882669,0.9000706364581464,0.5020408163265306,245,0.0675937967910509,0.0649134667698825,0.0026803300211683,0.003111067206645,0.0123455047882739,-0.0311726641968629,-0.0308833703832583,0.0634111947562342,0.0041826020348167,0.0657161913246329,0.0631103149151636,0.0026058764094692,0.992178441635631,0.8999999999999998,-7.378374689756746e-05,5.056557381178409e-05,4.1894982529621454e-05,0.0003235927287549,0.0005979950207911,0.0619578453848884,0.0014533493713457,0.0018722638967239,0.0074296186377932,1.7227897286895884,0.0029556213849941,0.0012269806498226,0.0012388033099211,0.0049158861504806,0.0673051250227409,-0.0308833703832583
SLOW_CONTROL,2011,243,2.800507303830791,2.728793070501116,2.722915460498176,0.0194115334928129,2.352057960322835,0.5637860082304527,243,0.1259487037925371,0.1227595869990898,0.0031891167934473,0.0034530833941722,0.0137027118816358,-0.0213155207785449,-0.0213033170938234,0.1225045911547852,0.0034441126377519,0.1214505357999465,0.1183753160348366,0.0030752197651099,0.994316768175634,1.0,-6.39419792745075e-05,4.683807079558147e-05,0.0004504261242883,0.0007828261936798,0.0010712194058754,0.1208528095426375,0.0016517816121476,0.0019117931165704,0.0075864806213114,2.2202675381653063,0.0019067774564523,0.0015373351812996,0.0015412902776017,0.0061162312603244,0.0320808487685275,-0.0213033170938234
SLOW_CONTROL,2012,246,1.1313188389019,1.0336540871519555,1.0308171390483396,-0.0032504023823153,-0.540786172440382,0.4959349593495935,246,0.0370842728880588,0.0338879935744587,0.0031962793136,0.0032891246344744,0.013052081882835,-0.0170336553190639,-0.0169565096529694,0.0291994072204764,0.0078848656675823,0.0362013140097716,0.0330811365845906,0.003120177425181,0.995464447430236,0.7,-5.394421114534158e-07,-0.0001890886416864,-0.0001136845858752,2.4890145784940015e-05,0.0003378838396529,0.0275103932194861,0.0016890140009903,0.0017625718794262,0.0069943328548661,0.6889466882266698,0.0063776003549726,0.0015072653126097,0.0015265527550481,0.0060577490279688,0.1577485777315347,-0.0169565096529694
SLOW_CONTROL,2013,243,1.9787376600989557,1.8968298276207367,1.895285564185447,0.0096145761433194,1.338842231034279,0.5308641975308642,243,0.0848347636806964,0.0813106776971277,0.0035240859835687,0.0035916116468634,0.0142524271700929,-0.0190740333617684,-0.0189960347351058,0.0649549738210487,0.0198797898596477,0.0818049506921001,0.0784067249222303,0.0033982257698698,0.9897103707155114,1.0,-0.0002902127669062,0.0001075172942983,0.0002261704651653,0.0004621507556225,0.0005595720639753,0.0630153642916161,0.0019396095294325,0.0019936958373981,0.0079114914182465,1.422939920641236,0.0182953134055116,0.0015844764541361,0.0015979158094652,0.0063409357518463,0.3797635356857507,-0.0189960347351058
SLOW_CONTROL,2014,242,1.7595051080912247,1.664344908115819,1.663784728081903,0.0055472451457199,0.8930863624476524,0.4834710743801653,242,0.0542996415192094,0.0513609458964694,0.0029386956227399,0.0029556946129455,0.011728946876768,-0.0222524038534431,-0.0220992025293588,0.0657221579885415,-0.0114225164693321,0.0521448938398756,0.0493228131228,0.0028220807170756,0.9947227591850192,0.7,3.044770356886239e-05,0.0002124232580792,0.0002403588934489,0.0002021896289128,0.0006853418218094,0.0640627430332379,0.0016594149553036,0.001670766843089,0.0066300271551153,1.6254626233134404,-0.0127017971367684,0.0012792806674362,0.0012849277698564,0.0050989197216527,-0.3028663356531587,-0.0220992025293588
SLOW_CONTROL,2015,242,3.366106615408425,3.267065579583934,3.2654701626451565,0.0092554577366958,1.6086609513870525,0.5289256198347108,242,0.0998731077627098,0.0969569639784494,0.0029161437842603,0.0029626036776327,0.01175636380013,-0.0091290793739032,-0.0091061252135292,0.0974869377180607,0.002386170044649,0.0959098892006975,0.093109465407876,0.0028004237928214,0.9938870012984116,1.0,-3.755169045525721e-05,2.0672991518415313e-05,0.0003936451757126,0.0005978141174654,0.0008708079305617,0.0959709335255521,0.0015160041925086,0.0015477014962482,0.0061416726041596,2.29386312262807,0.0009860304528973,0.0014001395917517,0.0014149021813845,0.0056146911959704,0.0239665452646157,-0.0091061252135292
SLOW_CONTROL,2016,59,2.086546631470549,2.00389538470029,2.0030017404642333,0.0117218085004912,1.2185665000841273,0.5423728813559322,59,0.0795646540339419,0.0764125425717184,0.0031521114622234,0.0031822752082734,0.0126280762233074,-0.0085495355124581,-0.0085438415715184,0.0952702675396839,-0.0157056135057419,0.0186282324920737,0.0178902381417912,0.0007379943502824,0.9895863257684572,0.6,0.0001702378408785,5.157696767054486e-05,0.0011509343049921,0.000573548193387,0.0008587829891162,0.0937469983641596,0.0015232691755242,0.0015534329215742,0.0061644163554534,1.138427377874906,-0.0173344557924412,0.0016288422866992,0.0016288422866992,0.006463659867854,-0.2106529973465994,-0.0085438415715184
SLOW_MF_BASE,2008,39,1.664349126937683,1.1181296997889925,1.0936788282388945,0.0103058504347779,1.1896053213776625,0.6410256410256411,39,0.0671155340290628,0.044046389292996,0.0230691447360667,0.0240389624164712,0.0953927080018699,-0.011567130571886,-0.0115248982581613,0.2086582097023805,-0.1415426756733178,0.0103869278854501,0.0068167031048684,0.0035702247805817,0.9869850286580794,0.1999999999999999,0.001077787315783,0.001305909432636,-0.0007330058777593,0.0002884376381264,0.0023298147427773,0.1968777946218275,0.0117804150805529,0.012246378946624,0.0485967418516828,1.9545554057055932,-0.1528314053288315,0.0112887296555137,0.0117925834698471,0.046795966150187,-1.3618273267474197,-0.0115248982581613
SLOW_MF_BASE,2009,243,1.163472426263225,0.9196234245187804,0.913779164678604,0.0048348942374612,0.6669268132526447,0.5308641975308642,243,0.048663763364348,0.0384570617339949,0.0102067016303531,0.0104538066185513,0.0414833595974261,-0.045842865573288,-0.0449880554886056,0.0783557564613267,-0.0296919930969787,0.0469257718156213,0.0370835952434951,0.0098421765721262,0.9932648721659164,0.6,0.0002363641936673,0.000232902508692,0.000810352840837,0.0005234515406026,0.0006904039350131,0.0734171281851496,0.0049386282761771,0.0051655698421404,0.0204982930243668,1.3968972978738472,-0.0349600664511546,0.0052680733541759,0.0052882367764109,0.0209850665730592,-0.5867144034651088,-0.0449880554886056
SLOW_MF_BASE,2010,245,2.013440143123186,1.76169877866687,1.7542830827862106,0.0128755138768578,1.9960870496582337,0.5510204081632653,245,0.0629799557756886,0.0551404311356779,0.0078395246400107,0.0080725917327353,0.032034094177521,-0.0154716235963101,-0.0154385165624536,0.0571506245438016,0.005829331231887,0.0612305125596973,0.0536087524930202,0.0076217600666771,0.992178441635631,1.0,-7.286502415614026e-05,1.0305870767639204e-05,0.0001557636866788,0.0003289831717045,0.0005180764770462,0.0527304323211899,0.0044201922226116,0.0046138684841498,0.0183090019212297,1.521208164305038,0.0024099988144879,0.0034193324173991,0.0034587232485854,0.0137250922562913,0.0536457542644632,-0.0154385165624536
SLOW_MF_BASE,2011,243,4.0564660589018295,3.717510752534843,3.7127878585328418,0.0216109296233558,3.805474455542148,0.588477366255144,243,0.1185184220363072,0.1086025408506376,0.0099158811856695,0.0100578014618937,0.0399119105630702,-0.0106722087732933,-0.0106377794627394,0.1212981614502749,-0.0027797394139677,0.1142856212492962,0.1047238786774006,0.0095617425718956,0.994316768175634,1.0,-4.604396267855178e-05,0.0001569310863684,0.0004829671709283,0.0004911068868986,0.001213233596323,0.1163029321556653,0.0049952292946096,0.0051135178907189,0.0202917376615832,2.194051658907316,-0.0077003913050276,0.0049206518910599,0.0049442835711747,0.019620172901487,-0.1368955237379932,-0.0106377794627394
SLOW_MF_BASE,2012,246,0.6311806459952891,0.3137470944929144,0.3119281890841291,0.0011872314850614,0.2077501480635144,0.4959349593495935,246,0.0182244890406075,0.009067086394349,0.0091574026462584,0.0092096148614895,0.0365460907201966,-0.0185464105929349,-0.0185568923718016,0.0167382269097521,0.0014862621308553,0.0177905726348787,0.0088512033849597,0.0089393692499189,0.995464447430236,0.0999999999999999,-3.030468274455707e-05,2.684023935802317e-05,-5.690577680406377e-05,-0.0001565503363072,0.0002805704275926,0.0120712838790176,0.0046669430307344,0.0047094765777503,0.0186883991180568,0.3153081425933272,-0.0030041974846686,0.0044904596155239,0.0045001382837392,0.0178576916021398,-0.0708205853943703,-0.0185568923718016
SLOW_MF_BASE,2013,243,2.3767766897246196,2.1278499822461976,2.1255506556326464,0.020705662996831,3.426432449757192,0.551440329218107,243,0.0911677847728462,0.0815659874116804,0.0096017973611657,0.0096901785967522,0.0384530896696516,-0.0204580374129303,-0.0203418909720298,0.0719753729818058,0.0191924117910404,0.0879117924595303,0.0786529164326919,0.0092588760268384,0.9897103707155114,0.8999999999999998,-0.000286824679537,0.0001179378788475,0.0002431663380287,0.000233221096057,0.0007625514226284,0.066707476202909,0.0052678967788968,0.0053124145801903,0.0210810102388504,1.627999785957163,0.0148585112087714,0.0043339005822689,0.0043777640165618,0.0173720794308011,0.2878840949265852,-0.0203418909720298
SLOW_MF_BASE,2014,242,2.281855864077496,1.9212054927039757,1.916355721476068,0.0092608719906998,1.858531877965032,0.512396694214876,242,0.0523015222925152,0.044046604060332,0.0082549182321832,0.0083642902116348,0.0331916278239476,-0.0179880912339744,-0.0178724115128294,0.055562931656385,-0.0032614093638698,0.0502260650586852,0.0422987229468267,0.0079273421118584,0.9947227591850192,0.8999999999999998,-2.4519971340156796e-05,0.000128793650245,0.0004314065354321,0.0003409846232477,0.0004920736471864,0.0511838094755846,0.0043791221808003,0.0044037326000444,0.0174751293652557,1.3627371137465496,-0.0071372054152526,0.0038757960513828,0.0039605576115903,0.0157164984586919,-0.1679653630980424,-0.0178724115128294
SLOW_MF_BASE,2015,242,2.1392515701622803,1.848995361806082,1.8457968698999745,0.0044162885414062,0.6506422133014872,0.4834710743801653,242,0.0633735474789727,0.0546844939663163,0.0086890535126564,0.0087840065071585,0.0348571686792005,-0.0215751120597388,-0.0213846441871998,0.0806344142329473,-0.0172608667539746,0.060858724166315,0.0525144743644783,0.0083442498018367,0.9938870012984116,0.8999999999999998,5.173281178992022e-05,0.0003119050777184,0.0002546948337075,0.0005199042747305,0.0007065482001785,0.0760287028184859,0.0046057114144613,0.0046431426385242,0.0184251692004932,1.888888197078981,-0.0213442088521696,0.004083342098195,0.0041408638686342,0.0164319994787073,-0.4952529196499975,-0.0213846441871998
SLOW_MF_BASE,2016,59,-0.6493077618437091,-0.894078940629841,-0.8966122898337122,-0.0039782714237935,-0.3010380343063109,0.4915254237288136,59,-0.0233319986230961,-0.0321699762157419,0.0088379775926457,0.0089284688307957,0.0354304318682371,-0.0172562677494419,-0.0171783751606359,0.0543654021523744,-0.0776974007754705,-0.0054626504712804,-0.0075318595108284,0.002069209039548,0.9895863257684572,-0.6,0.0006941332011966,0.0005090583379594,0.0007973783802352,0.0003132244414328,0.0004950095772056,0.0498257583718515,0.0045396437805228,0.0045698075265728,0.0181341568514794,0.5752909704585988,-0.0819957345875935,0.0042983338121229,0.0043586613042229,0.0172962750167576,-1.0304342661213977,-0.0171783751606359
MOM60,2008,39,-0.9205113253140024,-1.0578153204522265,-1.0591795955182763,,,,0,-0.0502057422870518,-0.0566394024678392,0.0064336601807874,0.0064968592002451,0.02578118730256,-0.0287888656398973,-0.028433861379967,0.1019308107018626,-0.1521365529889145,-0.0077699363063294,-0.0087656218104989,0.0009956855041694,0.9869850286580794,0.0,0.0012857993099719,0.0011099110154918,0.0008511610901849,-0.0003388677215665,0.0013699525428207,0.0986950209056316,0.003235789796231,0.0032484296001225,0.01289059365128,0.9472457549821688,-0.1553344233734709,0.0031978703845564,0.0032484296001225,0.01289059365128,-1.3755783543966096,-0.028433861379967
MOM60,2009,243,-1.003666690300041,-1.3514148496231766,-1.3516166993089322,-0.0055803696496636,-0.567693441731324,0.5315315315315315,222,-0.0492009606481182,-0.0662915171444646,0.0170905564963463,0.0171006241530338,0.0678596196548961,-0.0949593628708884,-0.0913795090378041,0.0361523886839,-0.0853533493320182,-0.047443783482114,-0.0639239629607337,0.0164801794786196,0.9932648721659164,-0.7,0.000719848870857,0.0005874578668039,0.0004293245837133,0.0006108969441483,0.0001290189364824,0.0277542674103745,0.0083981212735254,0.0084021455253144,0.0333418473226764,0.4271637973154629,-0.0940457845548391,0.0086924352228208,0.0086984786277193,0.0345177723322196,-1.7152852184068386,-0.0913795090378041
MOM60,2010,245,-2.354605038069096,-2.963096343674706,-2.963096343674706,-0.0127532240802333,-1.732399559765512,0.5061224489795918,245,-0.068758512468403,-0.08656119826765,0.0178026857992469,0.0178026857992469,0.0706455785684404,-0.0884944461880412,-0.0850787974989099,-0.0057833689330207,-0.0629751435353823,-0.0668485537887252,-0.0841567205379931,0.0173081667492678,0.992178441635631,-0.8999999999999998,0.0006723966967321,0.000147166212465,0.0001756801858897,1.853963962597717e-05,-7.868265112984402e-05,-0.0146405912500061,0.0088572223169854,0.0088572223169854,0.0351477076070852,-0.3272454332764983,-0.0719206070176438,0.0089454634822615,0.0089454634822615,0.0354978709613552,-1.8483882376789975,-0.0850787974989099
MOM60,2011,243,0.7893978742903068,0.5067918147085078,0.5067246862590178,0.0050708857881814,0.348205020326271,0.5061728395061729,243,0.0461551250551199,0.0296352628514466,0.0165198622036732,0.0165237993019746,0.065570632150693,-0.0697813738132459,-0.0678539604362474,0.0839966368444998,-0.0378415117893798,0.0445067277317227,0.0285768606067521,0.0159298671249706,0.994316768175634,0.8999999999999998,0.0002316978251416,0.0004360678338964,0.0003764827390464,0.0004798714855235,0.0007572683914275,0.0756184707635187,0.008378166080981,0.008378166080981,0.0332466907975438,1.1807539014213302,-0.045983207912072,0.0081416961226922,0.0081456332209936,0.0323239413531492,-0.736285728015456,-0.0678539604362474
MOM60,2012,246,1.0261040264803096,0.6361444923295615,0.6361444923295615,0.0117366278422292,1.209973846471709,0.5487804878048781,246,0.0432055470147067,0.0267883458610018,0.0164172011537049,0.0164172011537049,0.0651476236258131,-0.0430009477769355,-0.0422073122870365,0.0214244159510132,0.0217811310636935,0.0421768435143566,0.0261505281024065,0.01602631541195,0.995464447430236,0.8999999999999998,-0.000210035982677,-9.81270207091414e-05,7.587835271553113e-05,7.409014804728869e-05,0.0002167159032822,0.0130805988847813,0.0083438170662318,0.0083438170662318,0.0331103851834599,0.3018094179184066,0.0137077469762205,0.008073384087473,0.008073384087473,0.0320372384423532,0.3017819301865818,-0.0422073122870365
MOM60,2013,243,0.3404506396362468,0.0818086430187306,0.081808643018731,0.0054130676539023,0.5231623968292738,0.51440329218107,243,0.0210158553916405,0.0050505196990941,0.0159653356925464,0.0159653356925464,0.063354506716454,-0.0983149617835853,-0.0942731949191604,0.0461754320636561,-0.0251595766720155,0.0202652891276534,0.004870143995555,0.0153951451320983,0.9897103707155114,0.4999999999999999,0.000243326457829,0.0001049701052953,-6.763229653566673e-05,0.0004155626277535,0.0003408286012551,0.0381388292302107,0.0080366028334453,0.0080366028334453,0.0318912810851005,0.7010356855952499,-0.0330883095311166,0.007928732859101,0.007928732859101,0.0314632256313534,-0.6347033518649015,-0.0942731949191604
MOM60,2014,242,1.4141925209181407,0.9105040133741524,0.910504013374152,0.0096377889278518,1.568551678583344,0.5413223140495868,242,0.0427594381542729,0.027521618375727,0.0152378197785458,0.0152378197785458,0.0604675388037533,-0.0240109023391057,-0.0238344966785947,0.0579676207332391,-0.0152081825789662,0.0410626350529128,0.0264294906624045,0.0146331443905083,0.9947227591850192,0.8999999999999998,6.074888237331635e-05,0.0002399163537803,0.0002127054156218,0.0003250288577918,0.0005266529086362,0.0504739133126526,0.0074937074205865,0.0074937074205865,0.0297369342086766,1.1160639777191477,-0.0229522949369255,0.0077441123579593,0.0077441123579593,0.0307306045950767,-0.5869706877012077,-0.0238344966785947
MOM60,2015,242,0.1707031884784542,-0.0990532042588501,-0.0990532042588502,0.005213077172417,0.4246654208665635,0.5082644628099173,242,0.0098964632518595,-0.0057418460782999,0.0156383093301595,0.0156383093301595,0.0620567830561885,-0.052473822557279,-0.0517880344725224,0.0538429840981183,-0.0439465208462588,0.0095037464561508,-0.0055139950434467,0.0150177414995976,0.9938870012984116,0.4999999999999999,0.0003641309651907,0.000314607326831,0.0002979374637742,0.0004376074134414,0.0004229334830464,0.0458839737811557,0.0079590103169625,0.0079590103169625,0.031583374273661,0.821686463925158,-0.0516258198594557,0.0076792990131969,0.0076792990131969,0.0304734087825275,-1.1663639035259243,-0.0517880344725224
MOM60,2016,59,0.305757244392981,0.0672757732610256,0.0672757732610255,0.0109865054390237,0.4102552244075882,0.4915254237288136,59,0.021093032995343,0.0046387095250759,0.0164543234702671,0.0164543234702671,0.065294934405822,-0.0457056032103927,-0.044981657091046,0.0924521005332899,-0.0713590675379468,0.0049384482012906,0.0010860470713471,0.0038524011299435,0.9895863257684572,0.0999999999999999,0.0006410955928473,0.0004104237955066,0.000449071115896,0.0004013969692028,0.0008950830897154,0.0842173978616438,0.008234702671646,0.008234702671646,0.0326773915541511,0.9782948865061364,-0.0795786883365679,0.008219620798621,0.008219620798621,0.0326175428516709,-0.8297435528754704,-0.044981657091046
SLOW_MF_SECTOR,2008,39,1.3237230927471226,0.3404767265553459,0.3081493012160307,0.0096774395833297,1.210817828357954,0.5897435897435898,39,0.0517343116004627,0.0130340900356019,0.0387002215648607,0.0399344733709679,0.1584701324244759,-0.0130559488979816,-0.0130133279659756,0.2083357566734549,-0.1566014450729923,0.0080065006048335,0.0020171806007479,0.0059893200040855,0.9869850286580794,0.1999999999999999,0.0010944290011087,0.0016335078591633,-0.0014482245912564,0.0010482104953426,0.0019563521635753,0.1871478802783623,0.0211878763950925,0.02176712708159,0.0863774884190082,1.8263319369372877,-0.1741137902427603,0.0175123451697681,0.0181673462893778,0.0720926440054676,-1.5605315025194555,-0.0130133279659756
SLOW_MF_SECTOR,2009,243,2.4069485556707777,2.0449347797406663,2.0385578156454205,0.0084301804719564,1.5216105198638847,0.5555555555555556,243,0.0772304120529406,0.065432992644264,0.0117974194086766,0.0120065211745847,0.0476449252959713,-0.0269181736158736,-0.0266402694766116,0.0990667767561252,-0.0218363647031845,0.0744721830510499,0.063096100049826,0.0113760830012238,0.9932648721659164,0.8999999999999998,7.284120221102858e-05,0.0003719842608345,0.0004424657627631,0.0008031864113703,0.0008002079428114,0.0929642403165679,0.0061025364395572,0.006275354395604,0.0249021999825558,1.777543764801948,-0.0275312476723039,0.0056948829691193,0.0057311667789807,0.0227427253134155,-0.4975718458866839,-0.0266402694766116
SLOW_MF_SECTOR,2010,245,2.3292941655242503,1.9828354185375237,1.975729331294099,0.0116622293358019,2.173186146505181,0.5469387755102041,245,0.0587799301775157,0.0500397937447511,0.0087401364327645,0.0089199356449538,0.035396570019658,-0.0146383242517396,-0.0146009520474528,0.0488358378831218,0.0099440922943938,0.0571471543392514,0.0486497994740636,0.0084973548651877,0.992178441635631,1.0,-0.0001791409306873,0.0001291183971455,0.0002708872986596,0.0002777390514591,0.0004453264842435,0.0445113874665335,0.0043244504165882,0.0044845088737436,0.0177956701339033,1.280863703306897,0.0055284062782176,0.0044156860161762,0.0044354267712101,0.0176008998857547,0.1288569591293772,-0.0146009520474528
SLOW_MF_SECTOR,2011,243,4.005138393394915,3.63219835645703,3.626300223760792,0.0198596323474438,3.684316590710744,0.5679012345679012,243,0.1128751416566473,0.1022779322918374,0.0105972093648099,0.0107666625046098,0.0427248512087694,-0.0098751601041748,-0.0098770541357211,0.1154874039650474,-0.0026122623084,0.1088438865974813,0.0986251489957003,0.010218737601781,0.994316768175634,0.8999999999999998,-5.955130037211e-05,0.0001793455247961,0.0005389893436861,0.0005015081842244,0.0011372099442665,0.1102403787345465,0.0052470252305008,0.0054086041534077,0.0214627148944753,2.106156947848093,-0.0079624464427091,0.005350184134309,0.0053580583512021,0.021262136314294,-0.1424614966072228,-0.0098770541357211
SLOW_MF_SECTOR,2012,246,0.5565398501329979,0.1881697792561042,0.1861803506015331,0.0027764283723162,0.531268617984599,0.5121951219512195,246,0.0141488665813963,0.0047845378281029,0.0093643287532933,0.0094146446502723,0.0373597009931442,-0.0212327477541485,-0.0211580186310448,0.0109789873694643,0.0031698792119319,0.0138119888056487,0.0046706202607671,0.0091413685448816,0.995464447430236,0.6,-7.556150845239702e-05,7.825345162260982e-05,-3.4798655905647003e-05,-7.411444553554834e-05,0.000169384978528,0.006233164630918,0.0047458227385463,0.0047903314345961,0.0190092517245877,0.1638243279017107,-0.001448626802815,0.004618506014747,0.0046243132156762,0.0183504492685564,-0.0355576607157089,-0.0211580186310448
SLOW_MF_SECTOR,2013,243,2.769566621330513,2.455176014746326,2.4525297432684368,0.0187661229487226,3.538740486668849,0.5596707818930041,243,0.0884678230517584,0.078441412168598,0.0100264108831604,0.0101092961472174,0.0401162545524503,-0.0201711443680229,-0.0200340328782868,0.0699322351649462,0.0185355878868122,0.0853082579427671,0.0756399331625766,0.0096683247801904,0.9897103707155114,0.8999999999999998,-0.0001833491066754,-7.801020144995473e-05,0.0003413731909222,0.0002646759055919,0.0007195472201349,0.0648489288224329,0.0050833063425132,0.0051508365608572,0.0204398276224494,1.571855515912147,0.013592483346165,0.0049431045406471,0.0049584595863602,0.0196764269300009,0.2789096516029203,-0.0200340328782868
SLOW_MF_SECTOR,2014,242,2.215577477477193,1.842531189141779,1.8409455951945624,0.0083594286608201,1.8846114486123813,0.5247933884297521,242,0.0487960795850556,0.0405889377355697,0.0082071418494859,0.0082429768538582,0.0327102256105484,-0.0142364233891568,-0.014180535244748,0.0540288536783618,-0.0052327740933062,0.0468597272205693,0.0389782656032058,0.0078814616173634,0.9947227591850192,0.8999999999999998,1.561509179906475e-06,0.0001269402073202,0.0004123049543387,0.0003640828369842,0.0004637893746308,0.0498144999952859,0.0042143536830759,0.004221949031829,0.0167537659993217,1.3140042331875026,-0.0092255622597161,0.0039927881664099,0.0040210278220291,0.0159564596112267,-0.2198697668417546,-0.014180535244748
SLOW_MF_SECTOR,2015,242,3.442439857890361,3.049319695243052,3.0443078269698645,0.0081035943106797,1.4861108661431472,0.5578512396694215,242,0.0800020739647086,0.0707183628476458,0.0092837111170627,0.0094007020695269,0.0373043732917736,-0.0111343193498501,-0.0110913144950753,0.0889936184291472,-0.0089915444644386,0.0768273884899186,0.0679120786076599,0.0089153098822586,0.9938870012984116,1.0,-8.349735766627618e-06,0.0002348517385285,0.0002556557738504,0.0005845506402896,0.000773335851672,0.0841798796580483,0.0048137387710989,0.0048547831448168,0.0192650124794318,2.1042080263517344,-0.0134615168104024,0.0044699723459638,0.0045459189247101,0.0180393608123417,-0.3239043928465495,-0.0110913144950753
SLOW_MF_SECTOR,2016,59,0.5409430327952629,0.192117402041852,0.1888340888257089,0.0028163612858605,0.3267692978917572,0.423728813559322,59,0.0149384493850967,0.0053162143951513,0.0096222349899454,0.0097127262280953,0.0385425643972038,-0.009428409110155,-0.0093941418650091,0.0751902105629506,-0.0602517611778538,0.0034974941020663,0.0012446692433092,0.002252824858757,0.9895863257684572,0.0999999999999999,0.0005016734738854,0.000467469521663,0.000760847525653,0.0003524182690353,0.0007201151301968,0.070002046242353,0.0051881643205975,0.0052183280666475,0.020707651058125,0.8347098793690729,-0.0646858318472017,0.0044340706693478,0.0044943981614478,0.0178349133390788,-0.8060549901444153,-0.0093941418650091
